xml_mn,mn,onset_beat,duration_beat,onset_quarter,duration_quarter,onset_div,duration_div,pitch,voice,id,label,duration_qb,timesig,cadence,cadence_type
1,1,0.0,2.0,0.0,1.0,0,8,53,5,n6-1,f.i{,3.0,6/8,,0
1,1,0.0,2.0,0.0,1.0,0,8,56,5,n7-1,,,,,0
1,1,0.0,1.5,0.0,0.75,0,6,72,1,n1-1,,,,,0
1,1,1.5,0.5,0.75,0.25,6,2,73,1,n2-1,,,,,0
1,1,2.0,1.0,1.0,0.5,8,4,72,1,n3-1,,,,,0
1,1,3.0,2.0,1.5,1.0,12,8,72,1,n4-1,,,,,0
1,1,5.0,1.0,2.5,0.5,20,4,77,1,n5-1,,,,,0
2,2,6.0,4.0,3.0,2.0,24,16,61,5,n20-1,,,,,0
2,2,6.0,4.0,3.0,2.0,24,16,58,5,n19-1,ii%65,3.0,6/8,,0
2,2,6.0,4.0,3.0,2.0,24,16,77,1,n9-1,,,,,0
2,2,6.0,1.5,3.0,0.75,24,6,67,2,n13-1,,,,,0
2,2,7.5,0.5,3.75,0.25,30,2,68,2,n14-1,,,,,0
2,2,8.0,1.0,4.0,0.5,32,4,67,2,n15-1,,,,,0
2,2,9.0,1.0,4.5,0.5,36,4,67,2,n16-1,,,,,0
2,2,10.0,1.0,5.0,0.5,40,4,75,1,n11-1,,,,,0
2,2,11.0,1.0,5.5,0.5,44,4,73,1,n12-1,,,,,0
3,3,12.0,1.5,6.0,0.75,48,6,60,6,n35-1,V,2.5,6/8,,0
3,3,12.0,6.0,6.0,3.0,48,24,72,1,n25-1,,,,,0
3,3,12.0,4.0,6.0,2.0,48,16,64,2,n26-1,,,,,0
3,3,12.0,4.0,6.0,2.0,48,16,67,2,n27-1,,,,,0
3,3,13.5,0.5,6.75,0.25,54,2,61,6,n36-1,,,,,0
3,3,14.0,1.0,7.0,0.5,56,4,60,6,n37-1,,,,,0
3,3,15.0,3.0,7.5,1.5,60,12,60,6,n38-1,,,,,0
3,3,16.0,1.0,8.0,0.5,64,4,68,2,n31-1,,,,,0
3,3,16.0,1.0,8.0,0.5,64,4,65,2,n30-1,,,,,0
3,3,17.0,1.0,8.5,0.5,68,4,67,2,n32-1,V7,0.5,6/8,,0
3,3,17.0,1.0,8.5,0.5,68,4,70,2,n33-1,,,,,0
4,4,18.0,6.0,9.0,3.0,72,24,49,6,n51-1,VI(64),1.5,6/8,,0
4,4,18.0,4.5,9.0,2.25,72,18,61,5,n47-1,,,,,0
4,4,18.0,1.5,9.0,0.75,72,6,67,2,n43-1,,,,,0
4,4,18.0,1.5,9.0,0.75,72,6,70,1,n39-1,,,,,0
4,4,19.5,0.5,9.75,0.25,78,2,65,2,n44-1,,,,,0
4,4,19.5,0.5,9.75,0.25,78,2,68,1,n40-1,,,,,0
4,4,20.0,1.0,10.0,0.5,80,4,64,2,n45-1,,,,,0
4,4,20.0,1.0,10.0,0.5,80,4,67,1,n41-1,,,,,0
4,4,21.0,4.5,10.5,2.25,84,18,65,2,n46-1,VI,1.0,6/8,,0
4,4,21.0,4.5,10.5,2.25,84,18,68,1,n42-1,,,,,0
4,4,22.5,0.5,11.25,0.25,90,2,60,5,n49-1,,,,,0
4,4,23.0,1.0,11.5,0.5,92,4,59,5,n50-1,Ger6,0.5,6/8,,0
5,5,24.0,6.0,12.0,3.0,96,24,48,6,n65-1,V(64),1.5,6/8,,0
5,5,24.0,6.0,12.0,3.0,96,24,60,5,n64-1,,,,,0
5,5,25.5,0.5,12.75,0.25,102,2,67,2,n59-1,,,,,0
5,5,25.5,0.5,12.75,0.25,102,2,70,1,n53-1,,,,,0
5,5,26.0,1.0,13.0,0.5,104,4,68,1,n54-1,,,,,0
5,5,26.0,1.0,13.0,0.5,104,4,65,2,n60-1,,,,,0
5,5,27.0,1.0,13.5,0.5,108,4,67,1,n55-1,,,,,0
5,5,27.0,1.0,13.5,0.5,108,4,64,2,n61-1,V7,1.5,6/8,,0
5,5,28.0,1.0,14.0,0.5,112,4,68,1,n56-1,,,,,0
5,5,28.0,1.0,14.0,0.5,112,4,65,2,n62-1,,,,,0
5,5,29.0,1.0,14.5,0.5,116,4,70,1,n57-1,,,,,0
5,5,29.0,1.0,14.5,0.5,116,4,67,2,n63-1,,,,,0
6,6,30.0,1.5,15.0,0.75,120,6,70,1,n66-1,,,,,0
6,6,30.0,1.5,15.0,0.75,120,6,67,2,n70-1,,,,,0
6,6,30.0,4.5,15.0,2.25,120,18,61,5,n74-1,,,,,0
6,6,30.0,6.0,15.0,3.0,120,24,49,6,n78-1,VI(64),1.5,6/8,,0
6,6,31.5,0.5,15.75,0.25,126,2,65,2,n71-1,,,,,0
6,6,31.5,0.5,15.75,0.25,126,2,68,1,n67-1,,,,,0
6,6,32.0,1.0,16.0,0.5,128,4,67,1,n68-1,,,,,0
6,6,32.0,1.0,16.0,0.5,128,4,64,2,n72-1,,,,,0
6,6,33.0,4.5,16.5,2.25,132,18,65,2,n73-1,VI,1.0,6/8,,0
6,6,33.0,4.5,16.5,2.25,132,18,68,1,n69-1,,,,,0
6,6,34.5,0.5,17.25,0.25,138,2,60,5,n76-1,,,,,0
6,6,35.0,1.0,17.5,0.5,140,4,59,5,n77-1,Ger6,0.5,6/8,,0
7,7,36.0,6.0,18.0,3.0,144,24,48,6,n94-1,V(64),1.5,6/8,,0
7,7,36.0,5.0,18.0,2.5,144,20,60,5,n91-1,,,,,0
7,7,37.5,0.5,18.75,0.25,150,2,64,2,n86-1,,,,,0
7,7,37.5,0.5,18.75,0.25,150,2,67,1,n80-1,,,,,0
7,7,38.0,1.0,19.0,0.5,152,4,65,2,n87-1,,,,,0
7,7,38.0,1.0,19.0,0.5,152,4,68,1,n81-1,,,,,0
7,7,39.0,1.0,19.5,0.5,156,4,67,2,n88-1,V7,1.5,6/8,,0
7,7,39.0,1.0,19.5,0.5,156,4,70,1,n82-1,,,,,0
7,7,40.0,1.0,20.0,0.5,160,4,65,2,n89-1,,,,,0
7,7,40.0,1.0,20.0,0.5,160,4,68,1,n83-1,,,,,0
7,7,41.0,1.0,20.5,0.5,164,4,58,5,n93-1,,,,,0
7,7,41.0,1.0,20.5,0.5,164,4,64,2,n90-1,,,,,0
7,7,41.0,1.0,20.5,0.5,164,4,67,1,n84-1,,,,,0
8,8,42.0,3.0,21.0,1.5,168,12,67,1,n95-1,,,,,0
8,8,42.0,3.0,21.0,1.5,168,12,64,2,n99-1,,,,,0
8,8,42.0,3.0,21.0,1.5,168,12,58,5,n101-1,,,,,0
8,8,42.0,4.0,21.0,2.0,168,16,53,6,n105-1,i(9#74)},1.5,6/8,,0
8,8,45.0,1.0,22.5,0.5,180,4,65,1,n96-1,,,,,0
8,8,45.0,1.0,22.5,0.5,180,4,56,5,n102-1,i|PAC,1.5,6/8,PAC,1
8,8,45.0,1.0,22.5,0.5,180,4,65,2,n100-1,,,,,0
9,9,48.0,1.0,24.0,0.5,192,4,68,1,n107-1,,,,,0
9,9,48.0,0.5,24.0,0.25,192,2,51,5,n113-1,III.I64{,1.5,6/8,,0
9,9,48.5,0.5,24.25,0.25,194,2,56,5,n114-1,,,,,0
9,9,49.0,0.5,24.5,0.25,196,2,60,5,n115-1,,,,,0
9,9,49.5,0.5,24.75,0.25,198,2,56,5,n116-1,,,,,0
9,9,50.0,0.5,25.0,0.25,200,2,51,5,n117-1,,,,,0
9,9,50.0,1.0,25.0,0.5,200,4,68,1,n109-1,,,,,0
9,9,50.5,0.5,25.25,0.25,202,2,56,5,n118-1,,,,,0
9,9,51.0,1.0,25.5,0.5,204,4,70,1,n110-1,,,,,0
9,9,51.0,0.5,25.5,0.25,204,2,51,5,n119-1,V,1.5,6/8,,0
9,9,51.5,0.5,25.75,0.25,206,2,55,5,n120-1,,,,,0
9,9,52.0,0.5,26.0,0.25,208,2,58,5,n121-1,,,,,0
9,9,52.5,0.5,26.25,0.25,210,2,55,5,n122-1,,,,,0
9,9,53.0,1.0,26.5,0.5,212,4,70,1,n112-1,,,,,0
9,9,53.0,0.5,26.5,0.25,212,2,51,5,n123-1,,,,,0
9,9,53.5,0.5,26.75,0.25,214,2,55,5,n124-1,,,,,0
10,10,54.0,0.5,27.0,0.25,216,2,51,5,n129-1,V,1.5,6/8,,0
10,10,54.0,3.0,27.0,1.5,216,12,70,1,n125-1,,,,,0
10,10,54.5,0.5,27.25,0.25,218,2,55,5,n130-1,,,,,0
10,10,55.0,0.5,27.5,0.25,220,2,58,5,n131-1,,,,,0
10,10,55.5,0.5,27.75,0.25,222,2,55,5,n132-1,,,,,0
10,10,56.0,0.5,28.0,0.25,224,2,51,5,n133-1,,,,,0
10,10,56.5,0.5,28.25,0.25,226,2,55,5,n134-1,,,,,0
10,10,57.0,1.0,28.5,0.5,228,4,72,1,n126-1,,,,,0
10,10,57.0,0.5,28.5,0.25,228,2,51,5,n135-1,V(64),1.5,6/8,,0
10,10,57.5,0.5,28.75,0.25,230,2,56,5,n136-1,,,,,0
10,10,58.0,0.5,29.0,0.25,232,2,60,5,n137-1,,,,,0
10,10,58.5,0.5,29.25,0.25,234,2,56,5,n138-1,,,,,0
10,10,59.0,1.0,29.5,0.5,236,4,68,1,n128-1,,,,,0
10,10,59.0,0.5,29.5,0.25,236,2,51,5,n139-1,,,,,0
10,10,59.5,0.5,29.75,0.25,238,2,56,5,n140-1,,,,,0
11,11,60.0,0.5,30.0,0.25,240,2,53,5,n147-1,IV6,1.0,6/8,,0
11,11,60.0,1.0,30.0,0.5,240,4,73,1,n141-1,,,,,0
11,11,60.5,0.5,30.25,0.25,242,2,56,5,n148-1,,,,,0
11,11,61.0,0.5,30.5,0.25,244,2,61,5,n149-1,,,,,0
11,11,61.5,0.5,30.75,0.25,246,2,56,5,n150-1,,,,,0
11,11,62.0,0.5,31.0,0.25,248,2,51,5,n151-1,I64,0.5,6/8,,0
11,11,62.0,1.0,31.0,0.5,248,4,72,1,n143-1,,,,,0
11,11,62.5,0.5,31.25,0.25,250,2,56,5,n152-1,,,,,0
11,11,63.0,0.5,31.5,0.25,252,2,50,5,n153-1,V6/V,1.5,6/8,,0
11,11,63.0,1.0,31.5,0.5,252,4,77,1,n144-1,,,,,0
11,11,63.5,0.5,31.75,0.25,254,2,53,5,n154-1,,,,,0
11,11,64.0,0.5,32.0,0.25,256,2,58,5,n155-1,,,,,0
11,11,64.5,0.5,32.25,0.25,258,2,53,5,n156-1,,,,,0
11,11,65.0,0.5,32.5,0.25,260,2,50,5,n157-1,,,,,0
11,11,65.0,1.0,32.5,0.5,260,4,65,1,n146-1,,,,,0
11,11,65.5,0.5,32.75,0.25,262,2,53,5,n158-1,,,,,0
12,12,66.0,3.0,33.0,1.5,264,12,68,1,n159-1,,,,,0
12,12,66.0,0.5,33.0,0.25,264,2,51,5,n163-1,V(64),1.5,6/8,,0
12,12,66.5,0.5,33.25,0.25,266,2,56,5,n164-1,,,,,0
12,12,67.0,0.5,33.5,0.25,268,2,60,5,n165-1,,,,,0
12,12,67.5,0.5,33.75,0.25,270,2,56,5,n166-1,,,,,0
12,12,68.0,0.5,34.0,0.25,272,2,51,5,n167-1,,,,,0
12,12,68.5,0.5,34.25,0.25,274,2,56,5,n168-1,,,,,0
12,12,69.0,0.5,34.5,0.25,276,2,51,5,n169-1,V|HC,1.5,6/8,HC,2
12,12,69.0,1.0,34.5,0.5,276,4,67,1,n160-1,,,,,0
12,12,69.5,0.5,34.75,0.25,278,2,55,5,n170-1,,,,,0
12,12,70.0,0.5,35.0,0.25,280,2,58,5,n171-1,,,,,0
12,12,70.5,0.5,35.25,0.25,282,2,55,5,n172-1,,,,,0
12,12,71.0,0.5,35.5,0.25,284,2,51,5,n173-1,,,,,0
12,12,71.0,1.0,35.5,0.5,284,4,75,1,n162-1,,,,,0
12,12,71.5,0.5,35.75,0.25,286,2,55,5,n174-1,,,,,0
13,13,72.0,0.5,36.0,0.25,288,2,52,5,n179-1,Ger6,3.0,6/8,,0
13,13,72.0,3.0,36.0,1.5,288,12,74,1,n175-1,,,,,0
13,13,72.5,0.5,36.25,0.25,290,2,56,5,n180-1,,,,,0
13,13,73.0,0.5,36.5,0.25,292,2,59,5,n181-1,,,,,0
13,13,73.5,0.5,36.75,0.25,294,2,56,5,n182-1,,,,,0
13,13,74.0,0.5,37.0,0.25,296,2,52,5,n183-1,,,,,0
13,13,74.5,0.5,37.25,0.25,298,2,56,5,n184-1,,,,,0
13,13,75.0,1.0,37.5,0.5,300,4,80,1,n176-1,,,,,0
13,13,75.0,0.5,37.5,0.25,300,2,52,5,n185-1,,,,,0
13,13,75.5,0.5,37.75,0.25,302,2,56,5,n186-1,,,,,0
13,13,76.0,0.5,38.0,0.25,304,2,59,5,n187-1,,,,,0
13,13,76.5,0.5,38.25,0.25,306,2,56,5,n188-1,,,,,0
13,13,77.0,0.5,38.5,0.25,308,2,52,5,n189-1,,,,,0
13,13,77.5,0.5,38.75,0.25,310,2,56,5,n190-1,,,,,0
14,14,78.0,0.5,39.0,0.25,312,2,51,5,n195-1,V,3.0,6/8,,0
14,14,78.0,3.0,39.0,1.5,312,12,79,1,n191-1,,,,,0
14,14,78.5,0.5,39.25,0.25,314,2,55,5,n196-1,,,,,0
14,14,79.0,0.5,39.5,0.25,316,2,58,5,n197-1,,,,,0
14,14,79.5,0.5,39.75,0.25,318,2,55,5,n198-1,,,,,0
14,14,80.0,0.5,40.0,0.25,320,2,51,5,n199-1,,,,,0
14,14,80.5,0.5,40.25,0.25,322,2,55,5,n200-1,,,,,0
14,14,81.0,1.0,40.5,0.5,324,4,82,1,n192-1,,,,,0
14,14,81.0,0.5,40.5,0.25,324,2,51,5,n201-1,,,,,0
14,14,81.5,0.5,40.75,0.25,326,2,55,5,n202-1,,,,,0
14,14,82.0,0.5,41.0,0.25,328,2,58,5,n203-1,,,,,0
14,14,82.5,0.5,41.25,0.25,330,2,55,5,n204-1,,,,,0
14,14,83.0,0.5,41.5,0.25,332,2,63,5,n205-1,,,,,0
14,14,83.5,0.5,41.75,0.25,334,2,58,5,n206-1,,,,,0
15,15,84.0,0.5,42.0,0.25,336,2,62,5,n211-1,viio7/V,3.0,6/8,,0
15,15,84.0,3.0,42.0,1.5,336,12,83,1,n207-1,,,,,0
15,15,84.5,0.5,42.25,0.25,338,2,65,5,n212-1,,,,,0
15,15,85.0,0.5,42.5,0.25,340,2,68,5,n213-1,,,,,0
15,15,85.5,0.5,42.75,0.25,342,2,65,5,n214-1,,,,,0
15,15,86.0,0.5,43.0,0.25,344,2,62,5,n215-1,,,,,0
15,15,86.5,0.5,43.25,0.25,346,2,65,5,n216-1,,,,,0
15,15,87.0,0.5,43.5,0.25,348,2,62,5,n217-1,,,,,0
15,15,87.0,1.0,43.5,0.5,348,4,80,1,n208-1,,,,,0
15,15,87.5,0.5,43.75,0.25,350,2,65,5,n218-1,,,,,0
15,15,88.0,0.5,44.0,0.25,352,2,71,5,n219-1,,,,,0
15,15,88.5,0.5,44.25,0.25,354,2,65,5,n220-1,,,,,0
15,15,89.0,0.5,44.5,0.25,356,2,62,5,n221-1,,,,,0
15,15,89.5,0.5,44.75,0.25,358,2,65,5,n222-1,,,,,0
16,16,90.0,0.5,45.0,0.25,360,2,61,5,n227-1,V2,3.0,6/8,,0
16,16,90.0,3.0,45.0,1.5,360,12,87,1,n223-1,,,,,0
16,16,90.5,0.5,45.25,0.25,362,2,67,5,n228-1,,,,,0
16,16,91.0,0.5,45.5,0.25,364,2,70,5,n229-1,,,,,0
16,16,91.5,0.5,45.75,0.25,366,2,67,5,n230-1,,,,,0
16,16,92.0,0.5,46.0,0.25,368,2,61,5,n231-1,,,,,0
16,16,92.5,0.5,46.25,0.25,370,2,67,5,n232-1,,,,,0
16,16,93.0,0.5,46.5,0.25,372,2,61,5,n233-1,,,,,0
16,16,93.0,1.0,46.5,0.5,372,4,79,1,n224-1,,,,,0
16,16,93.5,0.5,46.75,0.25,374,2,63,5,n234-1,,,,,0
16,16,94.0,0.5,47.0,0.25,376,2,70,5,n235-1,,,,,0
16,16,94.5,0.5,47.25,0.25,378,2,63,5,n236-1,,,,,0
16,16,95.0,0.5,47.5,0.25,380,2,61,5,n237-1,,,,,0
16,16,95.5,0.5,47.75,0.25,382,2,63,5,n238-1,,,,,0
17,17,96.0,0.5,48.0,0.25,384,2,60,5,n245-1,I6,1.5,6/8,,0
17,17,96.5,0.5,48.25,0.25,386,2,63,5,n246-1,,,,,0
17,17,97.0,1.0,48.5,0.5,388,4,80,1,n240-1,,,,,0
17,17,97.0,0.5,48.5,0.25,388,2,68,5,n247-1,,,,,0
17,17,97.5,0.5,48.75,0.25,390,2,63,5,n248-1,,,,,0
17,17,98.0,1.0,49.0,0.5,392,4,80,1,n241-1,,,,,0
17,17,98.0,0.5,49.0,0.25,392,2,60,5,n249-1,,,,,0
17,17,98.5,0.5,49.25,0.25,394,2,63,5,n250-1,,,,,0
17,17,99.0,0.5,49.5,0.25,396,2,61,5,n251-1,IV,1.5,6/8,,0
17,17,99.5,0.5,49.75,0.25,398,2,65,5,n252-1,,,,,0
17,17,100.0,0.5,50.0,0.25,400,2,68,5,n253-1,,,,,0
17,17,100.0,1.0,50.0,0.5,400,4,77,1,n243-1,,,,,0
17,17,100.5,0.5,50.25,0.25,402,2,65,5,n254-1,,,,,0
17,17,101.0,1.0,50.5,0.5,404,4,77,1,n244-1,,,,,0
17,17,101.0,0.5,50.5,0.25,404,2,61,5,n255-1,,,,,0
17,17,101.5,0.5,50.75,0.25,406,2,65,5,n256-1,,,,,0
18,18,102.0,0.5,51.0,0.25,408,2,63,5,n263-1,V(64),1.5,6/8,,0
18,18,102.5,0.5,51.25,0.25,410,2,68,5,n264-1,,,,,0
18,18,103.0,0.5,51.5,0.25,412,2,72,5,n265-1,,,,,0
18,18,103.0,1.0,51.5,0.5,412,4,75,1,n258-1,,,,,0
18,18,103.5,0.5,51.75,0.25,414,2,68,5,n266-1,,,,,0
18,18,104.0,1.0,52.0,0.5,416,4,75,1,n259-1,,,,,0
18,18,104.0,0.5,52.0,0.25,416,2,63,5,n267-1,,,,,0
18,18,104.5,0.5,52.25,0.25,418,2,68,5,n268-1,,,,,0
18,18,105.0,0.5,52.5,0.25,420,2,63,5,n269-1,V7,1.5,6/8,,0
18,18,105.5,0.5,52.75,0.25,422,2,70,5,n270-1,,,,,0
18,18,106.0,1.0,53.0,0.5,424,4,79,1,n261-1,,,,,0
18,18,106.0,0.5,53.0,0.25,424,2,73,5,n271-1,,,,,0
18,18,106.5,0.5,53.25,0.25,426,2,70,5,n272-1,,,,,0
18,18,107.0,1.0,53.5,0.5,428,4,79,1,n262-1,,,,,0
18,18,107.0,0.5,53.5,0.25,428,2,73,5,n273-1,,,,,0
18,18,107.5,0.5,53.75,0.25,430,2,70,5,n274-1,,,,,0
19,19,108.0,0.5,54.0,0.25,432,2,65,5,n283-1,vi|DC,1.5,6/8,DC,3
19,19,108.0,2.0,54.0,1.0,432,8,80,1,n275-1,,,,,0
19,19,108.5,0.5,54.25,0.25,434,2,68,5,n284-1,,,,,0
19,19,109.0,0.5,54.5,0.25,436,2,72,5,n285-1,,,,,0
19,19,109.5,0.5,54.75,0.25,438,2,68,5,n286-1,,,,,0
19,19,110.0,0.5,55.0,0.25,440,2,84,1,n276-1,,,,,0
19,19,110.0,0.5,55.0,0.25,440,2,65,5,n287-1,,,,,0
19,19,110.5,0.5,55.25,0.25,442,2,68,5,n288-1,,,,,0
19,19,110.5,0.5,55.25,0.25,442,2,80,1,n277-1,,,,,0
19,19,111.0,1.5,55.5,0.75,444,6,77,1,n279-1,,,,,0
19,19,111.0,0.0,55.5,0.0,444,0,79,1,n278-1,,,,,0
19,19,111.0,0.5,55.5,0.25,444,2,61,5,n289-1,IV,1.5,6/8,,0
19,19,111.5,0.5,55.75,0.25,446,2,65,5,n290-1,,,,,0
19,19,112.0,0.5,56.0,0.25,448,2,68,5,n291-1,,,,,0
19,19,112.5,0.5,56.25,0.25,450,2,65,5,n292-1,,,,,0
19,19,112.5,0.5,56.25,0.25,450,2,80,1,n280-1,,,,,0
19,19,113.0,0.5,56.5,0.25,452,2,79,1,n281-1,,,,,0
19,19,113.0,0.5,56.5,0.25,452,2,61,5,n293-1,,,,,0
19,19,113.5,0.5,56.75,0.25,454,2,65,5,n294-1,,,,,0
19,19,113.5,0.5,56.75,0.25,454,2,77,1,n282-1,,,,,0
20,20,114.0,0.5,57.0,0.25,456,2,51,5,n304-1,V(64),1.5,6/8,,0
20,20,114.0,1.5,57.0,0.75,456,6,75,1,n296-1,,,,,0
20,20,114.0,0.0,57.0,0.0,456,0,77,1,n295-1,,,,,0
20,20,114.5,0.5,57.25,0.25,458,2,56,5,n305-1,,,,,0
20,20,115.0,0.5,57.5,0.25,460,2,60,5,n306-1,,,,,0
20,20,115.5,0.5,57.75,0.25,462,2,56,5,n307-1,,,,,0
20,20,115.5,0.25,57.75,0.125,462,1,77,1,n297-1,,,,,0
20,20,115.75,0.25,57.875,0.125,463,1,75,1,n298-1,,,,,0
20,20,116.0,0.5,58.0,0.25,464,2,51,5,n308-1,,,,,0
20,20,116.0,0.25,58.0,0.125,464,1,73,1,n299-1,,,,,0
20,20,116.25,0.25,58.125,0.125,465,1,72,1,n300-1,,,,,0
20,20,116.5,0.25,58.25,0.125,466,1,70,1,n301-1,,,,,0
20,20,116.5,0.5,58.25,0.25,466,2,56,5,n309-1,,,,,0
20,20,116.75,0.25,58.375,0.125,467,1,68,1,n302-1,,,,,0
20,20,117.0,0.5,58.5,0.25,468,2,51,5,n310-1,V7,1.5,6/8,,0
20,20,117.0,3.0,58.5,1.5,468,12,70,1,n303-1,,,,,0
20,20,117.5,0.5,58.75,0.25,470,2,55,5,n311-1,,,,,0
20,20,118.0,0.5,59.0,0.25,472,2,61,5,n312-1,,,,,0
20,20,118.5,0.5,59.25,0.25,474,2,55,5,n313-1,,,,,0
20,20,119.0,0.5,59.5,0.25,476,2,51,5,n314-1,,,,,0
20,20,119.5,0.5,59.75,0.25,478,2,55,5,n315-1,,,,,0
21,21,120.0,1.0,60.0,0.5,480,4,68,1,n316-1,,,,,0
21,21,120.0,1.0,60.0,0.5,480,4,56,5,n328-1,I|PAC},1.0,6/8,PAC,1
21,21,122.0,1.0,61.0,0.5,488,4,72,1,n320-1,,,,,0
21,21,122.0,1.0,61.0,0.5,488,4,67,1,n318-1,,,,,0
21,21,122.0,1.0,61.0,0.5,488,4,70,1,n319-1,,,,,0
21,21,122.0,1.0,61.0,0.5,488,4,52,5,n330-1,V65/vi{,0.5,6/8,,0
21,21,123.0,1.0,61.5,0.5,492,4,65,1,n321-1,,,,,0
21,21,123.0,1.0,61.5,0.5,492,4,53,5,n331-1,vi,1.0,6/8,,0
21,21,123.0,1.0,61.5,0.5,492,4,68,1,n322-1,,,,,0
21,21,123.0,1.0,61.5,0.5,492,4,72,1,n323-1,,,,,0
21,21,125.0,1.0,62.5,0.5,500,4,49,5,n333-1,ii6,0.5,6/8,,0
21,21,125.0,1.0,62.5,0.5,500,4,70,1,n326-1,,,,,0
21,21,125.0,1.0,62.5,0.5,500,4,73,1,n327-1,,,,,0
21,21,125.0,1.0,62.5,0.5,500,4,65,1,n325-1,,,,,0
22,22,126.0,1.5,63.0,0.75,504,6,72,1,n335-1,,,,,0
22,22,126.0,1.5,63.0,0.75,504,6,68,1,n334-1,,,,,0
22,22,126.0,2.0,63.0,1.0,504,8,51,5,n349-1,V(64),1.0,6/8,,0
22,22,126.0,2.0,63.0,1.0,504,8,63,2,n346-1,,,,,0
22,22,127.5,0.5,63.75,0.25,510,2,73,1,n337-1,,,,,0
22,22,127.5,0.5,63.75,0.25,510,2,70,1,n336-1,,,,,0
22,22,128.0,1.0,64.0,0.5,512,4,67,1,n338-1,,,,,0
22,22,128.0,1.0,64.0,0.5,512,4,70,1,n339-1,,,,,0
22,22,128.0,1.0,64.0,0.5,512,4,39,5,n350-1,V7,0.5,6/8,,0
22,22,128.0,1.0,64.0,0.5,512,4,61,2,n347-1,,,,,0
22,22,129.0,1.0,64.5,0.5,516,4,60,2,n348-1,,,,,0
22,22,129.0,1.0,64.5,0.5,516,4,44,5,n351-1,I|PAC},1.0,6/8,PAC,1
22,22,129.0,1.0,64.5,0.5,516,4,68,1,n341-1,,,,,0
22,22,129.0,1.0,64.5,0.5,516,4,63,1,n340-1,,,,,0
22,22,131.0,1.0,65.5,0.5,524,4,40,5,n353-1,V65/vi{,0.5,6/8,,0
22,22,131.0,1.0,65.5,0.5,524,4,55,1,n343-1,,,,,0
22,22,131.0,1.0,65.5,0.5,524,4,58,1,n344-1,,,,,0
22,22,131.0,1.0,65.5,0.5,524,4,60,1,n345-1,,,,,0
23,23,132.0,1.0,66.0,0.5,528,4,41,5,n369-1,vi,1.0,6/8,,0
23,23,132.0,1.0,66.0,0.5,528,4,60,1,n356-1,,,,,0
23,23,132.0,1.0,66.0,0.5,528,4,56,1,n355-1,,,,,0
23,23,132.0,1.0,66.0,0.5,528,4,53,1,n354-1,,,,,0
23,23,134.0,1.0,67.0,0.5,536,4,37,5,n371-1,ii6,0.5,6/8,,0
23,23,134.0,1.0,67.0,0.5,536,4,53,1,n358-1,,,,,0
23,23,134.0,1.0,67.0,0.5,536,4,58,1,n359-1,,,,,0
23,23,134.0,1.0,67.0,0.5,536,4,61,1,n360-1,,,,,0
23,23,135.0,1.5,67.5,0.75,540,6,60,1,n362-1,,,,,0
23,23,135.0,1.5,67.5,0.75,540,6,56,1,n361-1,,,,,0
23,23,135.0,2.0,67.5,1.0,540,8,39,5,n372-1,V(64),1.0,6/8,,0
23,23,135.0,2.0,67.5,1.0,540,8,51,2,n367-1,,,,,0
23,23,136.5,0.5,68.25,0.25,546,2,61,1,n364-1,,,,,0
23,23,136.5,0.5,68.25,0.25,546,2,58,1,n363-1,,,,,0
23,23,137.0,1.0,68.5,0.5,548,4,39,5,n373-1,V7,0.5,6/8,,0
23,23,137.0,1.0,68.5,0.5,548,4,58,1,n366-1,,,,,0
23,23,137.0,1.0,68.5,0.5,548,4,55,1,n365-1,,,,,0
23,23,137.0,1.0,68.5,0.5,548,4,49,2,n368-1,,,,,0
24,24,138.0,3.0,69.0,1.5,552,12,55,1,n375-1,,,,,0
24,24,138.0,3.0,69.0,1.5,552,12,49,1,n374-1,,,,,0
24,24,138.0,3.0,69.0,1.5,552,12,44,5,n381-1,I(974)},1.5,6/8,,0
24,24,138.0,3.0,69.0,1.5,552,12,58,1,n376-1,,,,,0
24,24,141.0,1.0,70.5,0.5,564,4,32,5,n382-1,I|PAC,4.5,6/8,PAC,1
24,24,141.0,1.0,70.5,0.5,564,4,48,1,n377-1,,,,,0
24,24,141.0,1.0,70.5,0.5,564,4,56,1,n378-1,,,,,0
1,1,144.0,2.0,72.0,1.0,576,8,53,5,n6-2,f.i{,3.0,6/8,,0
1,1,144.0,2.0,72.0,1.0,576,8,56,5,n7-2,,,,,0
1,1,144.0,1.5,72.0,0.75,576,6,72,1,n1-2,,,,,0
1,1,145.5,0.5,72.75,0.25,582,2,73,1,n2-2,,,,,0
1,1,146.0,1.0,73.0,0.5,584,4,72,1,n3-2,,,,,0
1,1,147.0,2.0,73.5,1.0,588,8,72,1,n4-2,,,,,0
1,1,149.0,1.0,74.5,0.5,596,4,77,1,n5-2,,,,,0
2,2,150.0,4.0,75.0,2.0,600,16,58,5,n19-2,ii%65,3.0,6/8,,0
2,2,150.0,4.0,75.0,2.0,600,16,77,1,n9-2,,,,,0
2,2,150.0,4.0,75.0,2.0,600,16,61,5,n20-2,,,,,0
2,2,150.0,1.5,75.0,0.75,600,6,67,2,n13-2,,,,,0
2,2,151.5,0.5,75.75,0.25,606,2,68,2,n14-2,,,,,0
2,2,152.0,1.0,76.0,0.5,608,4,67,2,n15-2,,,,,0
2,2,153.0,1.0,76.5,0.5,612,4,67,2,n16-2,,,,,0
2,2,154.0,1.0,77.0,0.5,616,4,75,1,n11-2,,,,,0
2,2,155.0,1.0,77.5,0.5,620,4,73,1,n12-2,,,,,0
3,3,156.0,6.0,78.0,3.0,624,24,72,1,n25-2,,,,,0
3,3,156.0,4.0,78.0,2.0,624,16,67,2,n27-2,,,,,0
3,3,156.0,4.0,78.0,2.0,624,16,64,2,n26-2,,,,,0
3,3,156.0,1.5,78.0,0.75,624,6,60,6,n35-2,V,2.5,6/8,,0
3,3,157.5,0.5,78.75,0.25,630,2,61,6,n36-2,,,,,0
3,3,158.0,1.0,79.0,0.5,632,4,60,6,n37-2,,,,,0
3,3,159.0,3.0,79.5,1.5,636,12,60,6,n38-2,,,,,0
3,3,160.0,1.0,80.0,0.5,640,4,65,2,n30-2,,,,,0
3,3,160.0,1.0,80.0,0.5,640,4,68,2,n31-2,,,,,0
3,3,161.0,1.0,80.5,0.5,644,4,67,2,n32-2,V7,0.5,6/8,,0
3,3,161.0,1.0,80.5,0.5,644,4,70,2,n33-2,,,,,0
4,4,162.0,1.5,81.0,0.75,648,6,70,1,n39-2,,,,,0
4,4,162.0,6.0,81.0,3.0,648,24,49,6,n51-2,VI(64),1.5,6/8,,0
4,4,162.0,4.5,81.0,2.25,648,18,61,5,n47-2,,,,,0
4,4,162.0,1.5,81.0,0.75,648,6,67,2,n43-2,,,,,0
4,4,163.5,0.5,81.75,0.25,654,2,68,1,n40-2,,,,,0
4,4,163.5,0.5,81.75,0.25,654,2,65,2,n44-2,,,,,0
4,4,164.0,1.0,82.0,0.5,656,4,67,1,n41-2,,,,,0
4,4,164.0,1.0,82.0,0.5,656,4,64,2,n45-2,,,,,0
4,4,165.0,4.5,82.5,2.25,660,18,68,1,n42-2,,,,,0
4,4,165.0,4.5,82.5,2.25,660,18,65,2,n46-2,VI,1.0,6/8,,0
4,4,166.5,0.5,83.25,0.25,666,2,60,5,n49-2,,,,,0
4,4,167.0,1.0,83.5,0.5,668,4,59,5,n50-2,Ger6,0.5,6/8,,0
5,5,168.0,6.0,84.0,3.0,672,24,60,5,n64-2,,,,,0
5,5,168.0,6.0,84.0,3.0,672,24,48,6,n65-2,V(64),1.5,6/8,,0
5,5,169.5,0.5,84.75,0.25,678,2,67,2,n59-2,,,,,0
5,5,169.5,0.5,84.75,0.25,678,2,70,1,n53-2,,,,,0
5,5,170.0,1.0,85.0,0.5,680,4,65,2,n60-2,,,,,0
5,5,170.0,1.0,85.0,0.5,680,4,68,1,n54-2,,,,,0
5,5,171.0,1.0,85.5,0.5,684,4,64,2,n61-2,V7,1.5,6/8,,0
5,5,171.0,1.0,85.5,0.5,684,4,67,1,n55-2,,,,,0
5,5,172.0,1.0,86.0,0.5,688,4,65,2,n62-2,,,,,0
5,5,172.0,1.0,86.0,0.5,688,4,68,1,n56-2,,,,,0
5,5,173.0,1.0,86.5,0.5,692,4,67,2,n63-2,,,,,0
5,5,173.0,1.0,86.5,0.5,692,4,70,1,n57-2,,,,,0
6,6,174.0,6.0,87.0,3.0,696,24,49,6,n78-2,VI(64),1.5,6/8,,0
6,6,174.0,4.5,87.0,2.25,696,18,61,5,n74-2,,,,,0
6,6,174.0,1.5,87.0,0.75,696,6,67,2,n70-2,,,,,0
6,6,174.0,1.5,87.0,0.75,696,6,70,1,n66-2,,,,,0
6,6,175.5,0.5,87.75,0.25,702,2,65,2,n71-2,,,,,0
6,6,175.5,0.5,87.75,0.25,702,2,68,1,n67-2,,,,,0
6,6,176.0,1.0,88.0,0.5,704,4,64,2,n72-2,,,,,0
6,6,176.0,1.0,88.0,0.5,704,4,67,1,n68-2,,,,,0
6,6,177.0,4.5,88.5,2.25,708,18,68,1,n69-2,,,,,0
6,6,177.0,4.5,88.5,2.25,708,18,65,2,n73-2,VI,1.0,6/8,,0
6,6,178.5,0.5,89.25,0.25,714,2,60,5,n76-2,,,,,0
6,6,179.0,1.0,89.5,0.5,716,4,59,5,n77-2,Ger6,0.5,6/8,,0
7,7,180.0,6.0,90.0,3.0,720,24,48,6,n94-2,V(64),1.5,6/8,,0
7,7,180.0,5.0,90.0,2.5,720,20,60,5,n91-2,,,,,0
7,7,181.5,0.5,90.75,0.25,726,2,64,2,n86-2,,,,,0
7,7,181.5,0.5,90.75,0.25,726,2,67,1,n80-2,,,,,0
7,7,182.0,1.0,91.0,0.5,728,4,68,1,n81-2,,,,,0
7,7,182.0,1.0,91.0,0.5,728,4,65,2,n87-2,,,,,0
7,7,183.0,1.0,91.5,0.5,732,4,70,1,n82-2,,,,,0
7,7,183.0,1.0,91.5,0.5,732,4,67,2,n88-2,V7,1.5,6/8,,0
7,7,184.0,1.0,92.0,0.5,736,4,68,1,n83-2,,,,,0
7,7,184.0,1.0,92.0,0.5,736,4,65,2,n89-2,,,,,0
7,7,185.0,1.0,92.5,0.5,740,4,58,5,n93-2,,,,,0
7,7,185.0,1.0,92.5,0.5,740,4,64,2,n90-2,,,,,0
7,7,185.0,1.0,92.5,0.5,740,4,67,1,n84-2,,,,,0
8,8,186.0,4.0,93.0,2.0,744,16,53,6,n105-2,i(9#74)},1.5,6/8,,0
8,8,186.0,3.0,93.0,1.5,744,12,58,5,n101-2,,,,,0
8,8,186.0,3.0,93.0,1.5,744,12,64,2,n99-2,,,,,0
8,8,186.0,3.0,93.0,1.5,744,12,67,1,n95-2,,,,,0
8,8,189.0,1.0,94.5,0.5,756,4,56,5,n102-2,i|PAC,1.5,6/8,PAC,1
8,8,189.0,1.0,94.5,0.5,756,4,65,1,n96-2,,,,,0
8,8,189.0,1.0,94.5,0.5,756,4,65,2,n100-2,,,,,0
9,9,192.0,0.5,96.0,0.25,768,2,51,5,n113-2,III.I64{,1.5,6/8,,0
9,9,192.0,1.0,96.0,0.5,768,4,68,1,n107-2,,,,,0
9,9,192.5,0.5,96.25,0.25,770,2,56,5,n114-2,,,,,0
9,9,193.0,0.5,96.5,0.25,772,2,60,5,n115-2,,,,,0
9,9,193.5,0.5,96.75,0.25,774,2,56,5,n116-2,,,,,0
9,9,194.0,0.5,97.0,0.25,776,2,51,5,n117-2,,,,,0
9,9,194.0,1.0,97.0,0.5,776,4,68,1,n109-2,,,,,0
9,9,194.5,0.5,97.25,0.25,778,2,56,5,n118-2,,,,,0
9,9,195.0,0.5,97.5,0.25,780,2,51,5,n119-2,V,1.5,6/8,,0
9,9,195.0,1.0,97.5,0.5,780,4,70,1,n110-2,,,,,0
9,9,195.5,0.5,97.75,0.25,782,2,55,5,n120-2,,,,,0
9,9,196.0,0.5,98.0,0.25,784,2,58,5,n121-2,,,,,0
9,9,196.5,0.5,98.25,0.25,786,2,55,5,n122-2,,,,,0
9,9,197.0,0.5,98.5,0.25,788,2,51,5,n123-2,,,,,0
9,9,197.0,1.0,98.5,0.5,788,4,70,1,n112-2,,,,,0
9,9,197.5,0.5,98.75,0.25,790,2,55,5,n124-2,,,,,0
10,10,198.0,0.5,99.0,0.25,792,2,51,5,n129-2,V,1.5,6/8,,0
10,10,198.0,3.0,99.0,1.5,792,12,70,1,n125-2,,,,,0
10,10,198.5,0.5,99.25,0.25,794,2,55,5,n130-2,,,,,0
10,10,199.0,0.5,99.5,0.25,796,2,58,5,n131-2,,,,,0
10,10,199.5,0.5,99.75,0.25,798,2,55,5,n132-2,,,,,0
10,10,200.0,0.5,100.0,0.25,800,2,51,5,n133-2,,,,,0
10,10,200.5,0.5,100.25,0.25,802,2,55,5,n134-2,,,,,0
10,10,201.0,0.5,100.5,0.25,804,2,51,5,n135-2,V(64),1.5,6/8,,0
10,10,201.0,1.0,100.5,0.5,804,4,72,1,n126-2,,,,,0
10,10,201.5,0.5,100.75,0.25,806,2,56,5,n136-2,,,,,0
10,10,202.0,0.5,101.0,0.25,808,2,60,5,n137-2,,,,,0
10,10,202.5,0.5,101.25,0.25,810,2,56,5,n138-2,,,,,0
10,10,203.0,1.0,101.5,0.5,812,4,68,1,n128-2,,,,,0
10,10,203.0,0.5,101.5,0.25,812,2,51,5,n139-2,,,,,0
10,10,203.5,0.5,101.75,0.25,814,2,56,5,n140-2,,,,,0
11,11,204.0,0.5,102.0,0.25,816,2,53,5,n147-2,IV6,1.0,6/8,,0
11,11,204.0,1.0,102.0,0.5,816,4,73,1,n141-2,,,,,0
11,11,204.5,0.5,102.25,0.25,818,2,56,5,n148-2,,,,,0
11,11,205.0,0.5,102.5,0.25,820,2,61,5,n149-2,,,,,0
11,11,205.5,0.5,102.75,0.25,822,2,56,5,n150-2,,,,,0
11,11,206.0,0.5,103.0,0.25,824,2,51,5,n151-2,I64,0.5,6/8,,0
11,11,206.0,1.0,103.0,0.5,824,4,72,1,n143-2,,,,,0
11,11,206.5,0.5,103.25,0.25,826,2,56,5,n152-2,,,,,0
11,11,207.0,0.5,103.5,0.25,828,2,50,5,n153-2,V6/V,1.5,6/8,,0
11,11,207.0,1.0,103.5,0.5,828,4,77,1,n144-2,,,,,0
11,11,207.5,0.5,103.75,0.25,830,2,53,5,n154-2,,,,,0
11,11,208.0,0.5,104.0,0.25,832,2,58,5,n155-2,,,,,0
11,11,208.5,0.5,104.25,0.25,834,2,53,5,n156-2,,,,,0
11,11,209.0,1.0,104.5,0.5,836,4,65,1,n146-2,,,,,0
11,11,209.0,0.5,104.5,0.25,836,2,50,5,n157-2,,,,,0
11,11,209.5,0.5,104.75,0.25,838,2,53,5,n158-2,,,,,0
12,12,210.0,0.5,105.0,0.25,840,2,51,5,n163-2,V(64),1.5,6/8,,0
12,12,210.0,3.0,105.0,1.5,840,12,68,1,n159-2,,,,,0
12,12,210.5,0.5,105.25,0.25,842,2,56,5,n164-2,,,,,0
12,12,211.0,0.5,105.5,0.25,844,2,60,5,n165-2,,,,,0
12,12,211.5,0.5,105.75,0.25,846,2,56,5,n166-2,,,,,0
12,12,212.0,0.5,106.0,0.25,848,2,51,5,n167-2,,,,,0
12,12,212.5,0.5,106.25,0.25,850,2,56,5,n168-2,,,,,0
12,12,213.0,0.5,106.5,0.25,852,2,51,5,n169-2,V|HC,1.5,6/8,HC,2
12,12,213.0,1.0,106.5,0.5,852,4,67,1,n160-2,,,,,0
12,12,213.5,0.5,106.75,0.25,854,2,55,5,n170-2,,,,,0
12,12,214.0,0.5,107.0,0.25,856,2,58,5,n171-2,,,,,0
12,12,214.5,0.5,107.25,0.25,858,2,55,5,n172-2,,,,,0
12,12,215.0,1.0,107.5,0.5,860,4,75,1,n162-2,,,,,0
12,12,215.0,0.5,107.5,0.25,860,2,51,5,n173-2,,,,,0
12,12,215.5,0.5,107.75,0.25,862,2,55,5,n174-2,,,,,0
13,13,216.0,0.5,108.0,0.25,864,2,52,5,n179-2,Ger6,3.0,6/8,,0
13,13,216.0,3.0,108.0,1.5,864,12,74,1,n175-2,,,,,0
13,13,216.5,0.5,108.25,0.25,866,2,56,5,n180-2,,,,,0
13,13,217.0,0.5,108.5,0.25,868,2,59,5,n181-2,,,,,0
13,13,217.5,0.5,108.75,0.25,870,2,56,5,n182-2,,,,,0
13,13,218.0,0.5,109.0,0.25,872,2,52,5,n183-2,,,,,0
13,13,218.5,0.5,109.25,0.25,874,2,56,5,n184-2,,,,,0
13,13,219.0,1.0,109.5,0.5,876,4,80,1,n176-2,,,,,0
13,13,219.0,0.5,109.5,0.25,876,2,52,5,n185-2,,,,,0
13,13,219.5,0.5,109.75,0.25,878,2,56,5,n186-2,,,,,0
13,13,220.0,0.5,110.0,0.25,880,2,59,5,n187-2,,,,,0
13,13,220.5,0.5,110.25,0.25,882,2,56,5,n188-2,,,,,0
13,13,221.0,0.5,110.5,0.25,884,2,52,5,n189-2,,,,,0
13,13,221.5,0.5,110.75,0.25,886,2,56,5,n190-2,,,,,0
14,14,222.0,3.0,111.0,1.5,888,12,79,1,n191-2,,,,,0
14,14,222.0,0.5,111.0,0.25,888,2,51,5,n195-2,V,3.0,6/8,,0
14,14,222.5,0.5,111.25,0.25,890,2,55,5,n196-2,,,,,0
14,14,223.0,0.5,111.5,0.25,892,2,58,5,n197-2,,,,,0
14,14,223.5,0.5,111.75,0.25,894,2,55,5,n198-2,,,,,0
14,14,224.0,0.5,112.0,0.25,896,2,51,5,n199-2,,,,,0
14,14,224.5,0.5,112.25,0.25,898,2,55,5,n200-2,,,,,0
14,14,225.0,0.5,112.5,0.25,900,2,51,5,n201-2,,,,,0
14,14,225.0,1.0,112.5,0.5,900,4,82,1,n192-2,,,,,0
14,14,225.5,0.5,112.75,0.25,902,2,55,5,n202-2,,,,,0
14,14,226.0,0.5,113.0,0.25,904,2,58,5,n203-2,,,,,0
14,14,226.5,0.5,113.25,0.25,906,2,55,5,n204-2,,,,,0
14,14,227.0,0.5,113.5,0.25,908,2,63,5,n205-2,,,,,0
14,14,227.5,0.5,113.75,0.25,910,2,58,5,n206-2,,,,,0
15,15,228.0,0.5,114.0,0.25,912,2,62,5,n211-2,viio7/V,3.0,6/8,,0
15,15,228.0,3.0,114.0,1.5,912,12,83,1,n207-2,,,,,0
15,15,228.5,0.5,114.25,0.25,914,2,65,5,n212-2,,,,,0
15,15,229.0,0.5,114.5,0.25,916,2,68,5,n213-2,,,,,0
15,15,229.5,0.5,114.75,0.25,918,2,65,5,n214-2,,,,,0
15,15,230.0,0.5,115.0,0.25,920,2,62,5,n215-2,,,,,0
15,15,230.5,0.5,115.25,0.25,922,2,65,5,n216-2,,,,,0
15,15,231.0,0.5,115.5,0.25,924,2,62,5,n217-2,,,,,0
15,15,231.0,1.0,115.5,0.5,924,4,80,1,n208-2,,,,,0
15,15,231.5,0.5,115.75,0.25,926,2,65,5,n218-2,,,,,0
15,15,232.0,0.5,116.0,0.25,928,2,71,5,n219-2,,,,,0
15,15,232.5,0.5,116.25,0.25,930,2,65,5,n220-2,,,,,0
15,15,233.0,0.5,116.5,0.25,932,2,62,5,n221-2,,,,,0
15,15,233.5,0.5,116.75,0.25,934,2,65,5,n222-2,,,,,0
16,16,234.0,3.0,117.0,1.5,936,12,87,1,n223-2,,,,,0
16,16,234.0,0.5,117.0,0.25,936,2,61,5,n227-2,V2,3.0,6/8,,0
16,16,234.5,0.5,117.25,0.25,938,2,67,5,n228-2,,,,,0
16,16,235.0,0.5,117.5,0.25,940,2,70,5,n229-2,,,,,0
16,16,235.5,0.5,117.75,0.25,942,2,67,5,n230-2,,,,,0
16,16,236.0,0.5,118.0,0.25,944,2,61,5,n231-2,,,,,0
16,16,236.5,0.5,118.25,0.25,946,2,67,5,n232-2,,,,,0
16,16,237.0,1.0,118.5,0.5,948,4,79,1,n224-2,,,,,0
16,16,237.0,0.5,118.5,0.25,948,2,61,5,n233-2,,,,,0
16,16,237.5,0.5,118.75,0.25,950,2,63,5,n234-2,,,,,0
16,16,238.0,0.5,119.0,0.25,952,2,70,5,n235-2,,,,,0
16,16,238.5,0.5,119.25,0.25,954,2,63,5,n236-2,,,,,0
16,16,239.0,0.5,119.5,0.25,956,2,61,5,n237-2,,,,,0
16,16,239.5,0.5,119.75,0.25,958,2,63,5,n238-2,,,,,0
17,17,240.0,0.5,120.0,0.25,960,2,60,5,n245-2,I6,1.5,6/8,,0
17,17,240.5,0.5,120.25,0.25,962,2,63,5,n246-2,,,,,0
17,17,241.0,0.5,120.5,0.25,964,2,68,5,n247-2,,,,,0
17,17,241.0,1.0,120.5,0.5,964,4,80,1,n240-2,,,,,0
17,17,241.5,0.5,120.75,0.25,966,2,63,5,n248-2,,,,,0
17,17,242.0,0.5,121.0,0.25,968,2,60,5,n249-2,,,,,0
17,17,242.0,1.0,121.0,0.5,968,4,80,1,n241-2,,,,,0
17,17,242.5,0.5,121.25,0.25,970,2,63,5,n250-2,,,,,0
17,17,243.0,0.5,121.5,0.25,972,2,61,5,n251-2,IV,1.5,6/8,,0
17,17,243.5,0.5,121.75,0.25,974,2,65,5,n252-2,,,,,0
17,17,244.0,0.5,122.0,0.25,976,2,68,5,n253-2,,,,,0
17,17,244.0,1.0,122.0,0.5,976,4,77,1,n243-2,,,,,0
17,17,244.5,0.5,122.25,0.25,978,2,65,5,n254-2,,,,,0
17,17,245.0,0.5,122.5,0.25,980,2,61,5,n255-2,,,,,0
17,17,245.0,1.0,122.5,0.5,980,4,77,1,n244-2,,,,,0
17,17,245.5,0.5,122.75,0.25,982,2,65,5,n256-2,,,,,0
18,18,246.0,0.5,123.0,0.25,984,2,63,5,n263-2,V(64),1.5,6/8,,0
18,18,246.5,0.5,123.25,0.25,986,2,68,5,n264-2,,,,,0
18,18,247.0,1.0,123.5,0.5,988,4,75,1,n258-2,,,,,0
18,18,247.0,0.5,123.5,0.25,988,2,72,5,n265-2,,,,,0
18,18,247.5,0.5,123.75,0.25,990,2,68,5,n266-2,,,,,0
18,18,248.0,1.0,124.0,0.5,992,4,75,1,n259-2,,,,,0
18,18,248.0,0.5,124.0,0.25,992,2,63,5,n267-2,,,,,0
18,18,248.5,0.5,124.25,0.25,994,2,68,5,n268-2,,,,,0
18,18,249.0,0.5,124.5,0.25,996,2,63,5,n269-2,V7,1.5,6/8,,0
18,18,249.5,0.5,124.75,0.25,998,2,70,5,n270-2,,,,,0
18,18,250.0,1.0,125.0,0.5,1000,4,79,1,n261-2,,,,,0
18,18,250.0,0.5,125.0,0.25,1000,2,73,5,n271-2,,,,,0
18,18,250.5,0.5,125.25,0.25,1002,2,70,5,n272-2,,,,,0
18,18,251.0,0.5,125.5,0.25,1004,2,73,5,n273-2,,,,,0
18,18,251.0,1.0,125.5,0.5,1004,4,79,1,n262-2,,,,,0
18,18,251.5,0.5,125.75,0.25,1006,2,70,5,n274-2,,,,,0
19,19,252.0,2.0,126.0,1.0,1008,8,80,1,n275-2,,,,,0
19,19,252.0,0.5,126.0,0.25,1008,2,65,5,n283-2,vi|DC,1.5,6/8,DC,3
19,19,252.5,0.5,126.25,0.25,1010,2,68,5,n284-2,,,,,0
19,19,253.0,0.5,126.5,0.25,1012,2,72,5,n285-2,,,,,0
19,19,253.5,0.5,126.75,0.25,1014,2,68,5,n286-2,,,,,0
19,19,254.0,0.5,127.0,0.25,1016,2,65,5,n287-2,,,,,0
19,19,254.0,0.5,127.0,0.25,1016,2,84,1,n276-2,,,,,0
19,19,254.5,0.5,127.25,0.25,1018,2,68,5,n288-2,,,,,0
19,19,254.5,0.5,127.25,0.25,1018,2,80,1,n277-2,,,,,0
19,19,255.0,0.5,127.5,0.25,1020,2,61,5,n289-2,IV,1.5,6/8,,0
19,19,255.0,1.5,127.5,0.75,1020,6,77,1,n279-2,,,,,0
19,19,255.0,0.0,127.5,0.0,1020,0,79,1,n278-2,,,,,0
19,19,255.5,0.5,127.75,0.25,1022,2,65,5,n290-2,,,,,0
19,19,256.0,0.5,128.0,0.25,1024,2,68,5,n291-2,,,,,0
19,19,256.5,0.5,128.25,0.25,1026,2,65,5,n292-2,,,,,0
19,19,256.5,0.5,128.25,0.25,1026,2,80,1,n280-2,,,,,0
19,19,257.0,0.5,128.5,0.25,1028,2,61,5,n293-2,,,,,0
19,19,257.0,0.5,128.5,0.25,1028,2,79,1,n281-2,,,,,0
19,19,257.5,0.5,128.75,0.25,1030,2,65,5,n294-2,,,,,0
19,19,257.5,0.5,128.75,0.25,1030,2,77,1,n282-2,,,,,0
20,20,258.0,1.5,129.0,0.75,1032,6,75,1,n296-2,,,,,0
20,20,258.0,0.0,129.0,0.0,1032,0,77,1,n295-2,,,,,0
20,20,258.0,0.5,129.0,0.25,1032,2,51,5,n304-2,V(64),1.5,6/8,,0
20,20,258.5,0.5,129.25,0.25,1034,2,56,5,n305-2,,,,,0
20,20,259.0,0.5,129.5,0.25,1036,2,60,5,n306-2,,,,,0
20,20,259.5,0.5,129.75,0.25,1038,2,56,5,n307-2,,,,,0
20,20,259.5,0.25,129.75,0.125,1038,1,77,1,n297-2,,,,,0
20,20,259.75,0.25,129.875,0.125,1039,1,75,1,n298-2,,,,,0
20,20,260.0,0.5,130.0,0.25,1040,2,51,5,n308-2,,,,,0
20,20,260.0,0.25,130.0,0.125,1040,1,73,1,n299-2,,,,,0
20,20,260.25,0.25,130.125,0.125,1041,1,72,1,n300-2,,,,,0
20,20,260.5,0.5,130.25,0.25,1042,2,56,5,n309-2,,,,,0
20,20,260.5,0.25,130.25,0.125,1042,1,70,1,n301-2,,,,,0
20,20,260.75,0.25,130.375,0.125,1043,1,68,1,n302-2,,,,,0
20,20,261.0,0.5,130.5,0.25,1044,2,51,5,n310-2,V7,1.5,6/8,,0
20,20,261.0,3.0,130.5,1.5,1044,12,70,1,n303-2,,,,,0
20,20,261.5,0.5,130.75,0.25,1046,2,55,5,n311-2,,,,,0
20,20,262.0,0.5,131.0,0.25,1048,2,61,5,n312-2,,,,,0
20,20,262.5,0.5,131.25,0.25,1050,2,55,5,n313-2,,,,,0
20,20,263.0,0.5,131.5,0.25,1052,2,51,5,n314-2,,,,,0
20,20,263.5,0.5,131.75,0.25,1054,2,55,5,n315-2,,,,,0
21,21,264.0,1.0,132.0,0.5,1056,4,56,5,n328-2,I|PAC},1.0,6/8,PAC,1
21,21,264.0,1.0,132.0,0.5,1056,4,68,1,n316-2,,,,,0
21,21,266.0,1.0,133.0,0.5,1064,4,52,5,n330-2,V65/vi{,0.5,6/8,,0
21,21,266.0,1.0,133.0,0.5,1064,4,67,1,n318-2,,,,,0
21,21,266.0,1.0,133.0,0.5,1064,4,70,1,n319-2,,,,,0
21,21,266.0,1.0,133.0,0.5,1064,4,72,1,n320-2,,,,,0
21,21,267.0,1.0,133.5,0.5,1068,4,68,1,n322-2,,,,,0
21,21,267.0,1.0,133.5,0.5,1068,4,65,1,n321-2,,,,,0
21,21,267.0,1.0,133.5,0.5,1068,4,72,1,n323-2,,,,,0
21,21,267.0,1.0,133.5,0.5,1068,4,53,5,n331-2,vi,1.0,6/8,,0
21,21,269.0,1.0,134.5,0.5,1076,4,49,5,n333-2,ii6,0.5,6/8,,0
21,21,269.0,1.0,134.5,0.5,1076,4,65,1,n325-2,,,,,0
21,21,269.0,1.0,134.5,0.5,1076,4,70,1,n326-2,,,,,0
21,21,269.0,1.0,134.5,0.5,1076,4,73,1,n327-2,,,,,0
22,22,270.0,2.0,135.0,1.0,1080,8,51,5,n349-2,V(64),1.0,6/8,,0
22,22,270.0,1.5,135.0,0.75,1080,6,68,1,n334-2,,,,,0
22,22,270.0,1.5,135.0,0.75,1080,6,72,1,n335-2,,,,,0
22,22,270.0,2.0,135.0,1.0,1080,8,63,2,n346-2,,,,,0
22,22,271.5,0.5,135.75,0.25,1086,2,70,1,n336-2,,,,,0
22,22,271.5,0.5,135.75,0.25,1086,2,73,1,n337-2,,,,,0
22,22,272.0,1.0,136.0,0.5,1088,4,67,1,n338-2,,,,,0
22,22,272.0,1.0,136.0,0.5,1088,4,39,5,n350-2,V7,0.5,6/8,,0
22,22,272.0,1.0,136.0,0.5,1088,4,61,2,n347-2,,,,,0
22,22,272.0,1.0,136.0,0.5,1088,4,70,1,n339-2,,,,,0
22,22,273.0,1.0,136.5,0.5,1092,4,68,1,n341-2,,,,,0
22,22,273.0,1.0,136.5,0.5,1092,4,44,5,n351-2,I|PAC},1.0,6/8,PAC,1
22,22,273.0,1.0,136.5,0.5,1092,4,60,2,n348-2,,,,,0
22,22,273.0,1.0,136.5,0.5,1092,4,63,1,n340-2,,,,,0
22,22,275.0,1.0,137.5,0.5,1100,4,40,5,n353-2,V65/vi{,0.5,6/8,,0
22,22,275.0,1.0,137.5,0.5,1100,4,60,1,n345-2,,,,,0
22,22,275.0,1.0,137.5,0.5,1100,4,55,1,n343-2,,,,,0
22,22,275.0,1.0,137.5,0.5,1100,4,58,1,n344-2,,,,,0
23,23,276.0,1.0,138.0,0.5,1104,4,60,1,n356-2,,,,,0
23,23,276.0,1.0,138.0,0.5,1104,4,56,1,n355-2,,,,,0
23,23,276.0,1.0,138.0,0.5,1104,4,53,1,n354-2,,,,,0
23,23,276.0,1.0,138.0,0.5,1104,4,41,5,n369-2,vi,1.0,6/8,,0
23,23,278.0,1.0,139.0,0.5,1112,4,53,1,n358-2,,,,,0
23,23,278.0,1.0,139.0,0.5,1112,4,58,1,n359-2,,,,,0
23,23,278.0,1.0,139.0,0.5,1112,4,61,1,n360-2,,,,,0
23,23,278.0,1.0,139.0,0.5,1112,4,37,5,n371-2,ii6,0.5,6/8,,0
23,23,279.0,2.0,139.5,1.0,1116,8,51,2,n367-2,,,,,0
23,23,279.0,1.5,139.5,0.75,1116,6,56,1,n361-2,,,,,0
23,23,279.0,1.5,139.5,0.75,1116,6,60,1,n362-2,,,,,0
23,23,279.0,2.0,139.5,1.0,1116,8,39,5,n372-2,V(64),1.0,6/8,,0
23,23,280.5,0.5,140.25,0.25,1122,2,61,1,n364-2,,,,,0
23,23,280.5,0.5,140.25,0.25,1122,2,58,1,n363-2,,,,,0
23,23,281.0,1.0,140.5,0.5,1124,4,58,1,n366-2,,,,,0
23,23,281.0,1.0,140.5,0.5,1124,4,39,5,n373-2,V7,0.5,6/8,,0
23,23,281.0,1.0,140.5,0.5,1124,4,49,2,n368-2,,,,,0
23,23,281.0,1.0,140.5,0.5,1124,4,55,1,n365-2,,,,,0
24,24,282.0,3.0,141.0,1.5,1128,12,58,1,n376-2,,,,,0
24,24,282.0,3.0,141.0,1.5,1128,12,49,1,n374-2,,,,,0
24,24,282.0,3.0,141.0,1.5,1128,12,55,1,n375-2,,,,,0
24,24,282.0,3.0,141.0,1.5,1128,12,44,5,n381-2,I(974)},1.5,6/8,,0
24,24,285.0,1.0,142.5,0.5,1140,4,32,5,n382-2,I|PAC,4.5,6/8,PAC,1
24,24,285.0,1.0,142.5,0.5,1140,4,48,1,n377-2,,,,,0
24,24,285.0,1.0,142.5,0.5,1140,4,56,1,n378-2,,,,,0
25,25,288.0,1.5,144.0,0.75,1152,6,75,2,n386-1,{,0.0,6/8,,0
25,25,289.5,0.5,144.75,0.25,1158,2,77,2,n387-1,,,,,0
25,25,290.0,1.0,145.0,0.5,1160,4,75,2,n388-1,,,,,0
25,25,291.0,2.0,145.5,1.0,1164,8,75,2,n389-1,,,,,0
25,25,293.0,1.0,146.5,0.5,1172,4,75,2,n390-1,,,,,0
26,26,294.0,2.0,147.0,1.0,1176,8,75,1,n392-1,,,,,0
26,26,294.0,4.0,147.0,2.0,1176,16,72,2,n398-1,,,,,0
26,26,294.0,2.0,147.0,1.0,1176,8,66,5,n403-1,iv.#viio2,1.5,6/8,,0
26,26,294.0,4.0,147.0,2.0,1176,16,69,2,n397-1,,,,,0
26,26,296.0,1.0,148.0,0.5,1184,4,65,5,n404-1,,,,,0
26,26,296.0,1.0,148.0,0.5,1184,4,77,1,n393-1,,,,,0
26,26,297.0,1.0,148.5,0.5,1188,4,63,5,n405-1,#viio43,1.5,6/8,,0
26,26,297.0,1.0,148.5,0.5,1188,4,78,1,n394-1,,,,,0
27,27,300.0,4.0,150.0,2.0,1200,16,60,2,n414-1,,,,,0
27,27,300.0,2.0,150.0,1.0,1200,8,63,1,n408-1,,,,,0
27,27,300.0,2.0,150.0,1.0,1200,8,54,5,n419-1,#viio2,1.5,6/8,,0
27,27,300.0,4.0,150.0,2.0,1200,16,57,2,n413-1,,,,,0
27,27,302.0,1.0,151.0,0.5,1208,4,53,5,n420-1,,,,,0
27,27,302.0,1.0,151.0,0.5,1208,4,65,1,n409-1,,,,,0
27,27,303.0,1.0,151.5,0.5,1212,4,51,5,n421-1,#viio43,1.5,6/8,,0
27,27,303.0,1.0,151.5,0.5,1212,4,66,1,n410-1,,,,,0
28,28,306.0,1.0,153.0,0.5,1224,4,70,1,n425-1,,,,,0
28,28,306.0,1.0,153.0,0.5,1224,4,49,5,n435-1,i6,0.5,6/8,,0
28,28,306.0,1.0,153.0,0.5,1224,4,61,5,n436-1,,,,,0
28,28,306.0,1.0,153.0,0.5,1224,4,65,1,n424-1,,,,,0
28,28,307.0,1.0,153.5,0.5,1228,4,63,1,n426-1,,,,,0
28,28,307.0,1.0,153.5,0.5,1228,4,69,1,n427-1,,,,,0
28,28,307.0,1.0,153.5,0.5,1228,4,48,5,n437-1,#viio6,0.5,6/8,,0
28,28,307.0,1.0,153.5,0.5,1228,4,60,5,n438-1,,,,,0
28,28,308.0,1.0,154.0,0.5,1232,4,46,5,n439-1,i,0.5,6/8,,0
28,28,308.0,1.0,154.0,0.5,1232,4,58,5,n440-1,,,,,0
28,28,308.0,1.0,154.0,0.5,1232,4,61,1,n428-1,,,,,0
28,28,308.0,1.0,154.0,0.5,1232,4,70,1,n429-1,,,,,0
28,28,309.0,1.0,154.5,0.5,1236,4,45,5,n441-1,V65},1.5,6/8,,0
28,28,309.0,1.0,154.5,0.5,1236,4,57,5,n442-1,,,,,0
28,28,309.0,1.0,154.5,0.5,1236,4,65,1,n430-1,,,,,0
28,28,309.0,1.0,154.5,0.5,1236,4,72,1,n431-1,,,,,0
28,28,309.0,1.0,154.5,0.5,1236,4,75,1,n432-1,,,,,0
29,29,312.0,1.0,156.0,0.5,1248,4,46,5,n460-1,i{,1.5,6/8,,0
29,29,312.5,0.5,156.25,0.25,1250,2,73,1,n446-1,,,,,0
29,29,313.0,0.5,156.5,0.25,1252,2,72,1,n447-1,,,,,0
29,29,313.5,0.5,156.75,0.25,1254,2,73,1,n448-1,,,,,0
29,29,314.0,0.5,157.0,0.25,1256,2,75,1,n449-1,,,,,0
29,29,314.5,0.5,157.25,0.25,1258,2,73,1,n450-1,,,,,0
29,29,315.0,3.5,157.5,1.75,1260,14,78,1,n451-1,VI6,1.5,6/8,,0
29,29,315.5,0.5,157.75,0.25,1262,2,58,5,n464-1,,,,,0
29,29,315.5,0.5,157.75,0.25,1262,2,73,2,n455-1,,,,,0
29,29,316.0,0.5,158.0,0.25,1264,2,57,5,n465-1,,,,,0
29,29,316.0,0.5,158.0,0.25,1264,2,72,2,n456-1,,,,,0
29,29,316.5,0.5,158.25,0.25,1266,2,58,5,n466-1,,,,,0
29,29,316.5,0.5,158.25,0.25,1266,2,73,2,n457-1,,,,,0
29,29,317.0,0.5,158.5,0.25,1268,2,75,2,n458-1,,,,,0
29,29,317.0,0.5,158.5,0.25,1268,2,60,5,n467-1,,,,,0
29,29,317.5,0.5,158.75,0.25,1270,2,58,5,n468-1,,,,,0
29,29,317.5,0.5,158.75,0.25,1270,2,73,2,n459-1,,,,,0
30,30,318.0,3.5,159.0,1.75,1272,14,57,5,n483-1,#viio7,1.5,6/8,,0
30,30,318.0,3.5,159.0,1.75,1272,14,72,2,n476-1,,,,,0
30,30,318.5,0.5,159.25,0.25,1274,2,78,1,n470-1,,,,,0
30,30,319.0,0.5,159.5,0.25,1276,2,77,1,n471-1,,,,,0
30,30,319.5,0.5,159.75,0.25,1278,2,78,1,n472-1,,,,,0
30,30,320.0,0.5,160.0,0.25,1280,2,80,1,n473-1,,,,,0
30,30,320.5,0.5,160.25,0.25,1282,2,78,1,n474-1,,,,,0
30,30,321.0,3.5,160.5,1.75,1284,14,77,1,n475-1,V6,0.25,6/8,,0
30,30,321.5,0.5,160.75,0.25,1286,2,72,2,n478-1,,,,,0
30,30,321.5,0.5,160.75,0.25,1286,2,56,5,n485-1,v6,1.25,6/8,,0
30,30,322.0,0.5,161.0,0.25,1288,2,55,5,n486-1,,,,,0
30,30,322.0,0.5,161.0,0.25,1288,2,71,2,n479-1,,,,,0
30,30,322.5,0.5,161.25,0.25,1290,2,56,5,n487-1,,,,,0
30,30,322.5,0.5,161.25,0.25,1290,2,72,2,n480-1,,,,,0
30,30,323.0,0.5,161.5,0.25,1292,2,58,5,n488-1,,,,,0
30,30,323.0,0.5,161.5,0.25,1292,2,73,2,n481-1,,,,,0
30,30,323.5,0.5,161.75,0.25,1294,2,56,5,n489-1,,,,,0
30,30,323.5,0.5,161.75,0.25,1294,2,72,2,n482-1,,,,,0
31,31,324.0,1.0,162.0,0.5,1296,4,55,6,n517-1,v.V7,1.5,6/8,,0
31,31,324.0,1.0,162.0,0.5,1296,4,71,2,n502-1,,,,,0
31,31,324.5,0.5,162.25,0.25,1298,2,62,5,n506-1,,,,,0
31,31,324.5,0.5,162.25,0.25,1298,2,77,1,n491-1,,,,,0
31,31,325.0,0.5,162.5,0.25,1300,2,76,1,n492-1,,,,,0
31,31,325.0,0.5,162.5,0.25,1300,2,61,5,n507-1,,,,,0
31,31,325.5,0.5,162.75,0.25,1302,2,62,5,n508-1,,,,,0
31,31,325.5,0.5,162.75,0.25,1302,2,77,1,n493-1,,,,,0
31,31,326.0,0.5,163.0,0.25,1304,2,63,5,n509-1,,,,,0
31,31,326.0,0.5,163.0,0.25,1304,2,79,1,n494-1,,,,,0
31,31,326.5,0.5,163.25,0.25,1306,2,62,5,n510-1,,,,,0
31,31,326.5,0.5,163.25,0.25,1306,2,77,1,n495-1,,,,,0
31,31,327.0,1.0,163.5,0.5,1308,4,54,6,n520-1,viio7/V,1.5,6/8,,0
31,31,327.5,0.5,163.75,0.25,1310,2,60,5,n512-1,,,,,0
31,31,327.5,0.5,163.75,0.25,1310,2,75,1,n497-1,,,,,0
31,31,328.0,0.5,164.0,0.25,1312,2,59,5,n513-1,,,,,0
31,31,328.0,0.5,164.0,0.25,1312,2,74,1,n498-1,,,,,0
31,31,328.5,0.5,164.25,0.25,1314,2,75,1,n499-1,,,,,0
31,31,328.5,0.5,164.25,0.25,1314,2,60,5,n514-1,,,,,0
31,31,329.0,0.5,164.5,0.25,1316,2,62,5,n515-1,,,,,0
31,31,329.0,0.5,164.5,0.25,1316,2,77,1,n500-1,,,,,0
31,31,329.5,0.5,164.75,0.25,1318,2,60,5,n516-1,,,,,0
31,31,329.5,0.5,164.75,0.25,1318,2,75,1,n501-1,,,,,0
32,32,330.0,1.0,165.0,0.5,1320,4,71,2,n524-1,V|HC},3.0,6/8,HC,2
32,32,330.0,1.0,165.0,0.5,1320,4,74,2,n525-1,,,,,0
32,32,330.5,0.5,165.25,0.25,1322,2,55,5,n531-1,,,,,0
32,32,331.0,0.5,165.5,0.25,1324,2,54,5,n532-1,,,,,0
32,32,331.5,0.5,165.75,0.25,1326,2,55,5,n533-1,,,,,0
32,32,332.0,0.5,166.0,0.25,1328,2,56,5,n534-1,,,,,0
32,32,332.5,0.5,166.25,0.25,1330,2,55,5,n535-1,,,,,0
32,32,333.0,1.0,166.5,0.5,1332,4,43,5,n536-1,,,,,0
33,33,336.0,1.5,168.0,0.75,1344,6,67,1,n539-1,,,,,0
33,33,336.0,2.0,168.0,1.0,1344,8,48,5,n544-1,i{,3.0,6/8,,0
33,33,336.0,2.0,168.0,1.0,1344,8,51,5,n545-1,,,,,0
33,33,337.5,0.5,168.75,0.25,1350,2,68,1,n540-1,,,,,0
33,33,338.0,1.0,169.0,0.5,1352,4,67,1,n541-1,,,,,0
33,33,339.0,2.0,169.5,1.0,1356,8,67,1,n542-1,,,,,0
33,33,341.0,1.0,170.5,0.5,1364,4,72,1,n543-1,,,,,0
34,34,342.0,4.0,171.0,2.0,1368,16,53,5,n559-1,ii%65,3.0,6/8,,0
34,34,342.0,4.0,171.0,2.0,1368,16,56,5,n560-1,,,,,0
34,34,342.0,1.5,171.0,0.75,1368,6,62,2,n553-1,,,,,0
34,34,342.0,4.0,171.0,2.0,1368,16,72,1,n549-1,,,,,0
34,34,343.5,0.5,171.75,0.25,1374,2,63,2,n554-1,,,,,0
34,34,344.0,1.0,172.0,0.5,1376,4,62,2,n555-1,,,,,0
34,34,345.0,1.0,172.5,0.5,1380,4,62,2,n556-1,,,,,0
34,34,346.0,1.0,173.0,0.5,1384,4,70,1,n551-1,,,,,0
34,34,347.0,1.0,173.5,0.5,1388,4,68,1,n552-1,,,,,0
35,35,348.0,1.5,174.0,0.75,1392,6,55,5,n574-1,V,2.5,6/8,,0
35,35,348.0,4.0,174.0,2.0,1392,16,59,2,n566-1,,,,,0
35,35,348.0,4.0,174.0,2.0,1392,16,62,2,n567-1,,,,,0
35,35,348.0,9.0,174.0,4.5,1392,36,67,1,n565-1,,,,,0
35,35,349.5,0.5,174.75,0.25,1398,2,56,5,n575-1,,,,,0
35,35,350.0,1.0,175.0,0.5,1400,4,55,5,n576-1,,,,,0
35,35,351.0,3.0,175.5,1.5,1404,12,55,5,n577-1,,,,,0
35,35,352.0,1.0,176.0,0.5,1408,4,60,2,n570-1,,,,,0
35,35,352.0,1.0,176.0,0.5,1408,4,63,2,n571-1,,,,,0
35,35,353.0,1.0,176.5,0.5,1412,4,62,2,n572-1,V7,0.5,6/8,,0
35,35,353.0,1.0,176.5,0.5,1412,4,65,2,n573-1,,,,,0
36,36,354.0,3.0,177.0,1.5,1416,12,65,2,n586-1,,,,,0
36,36,354.0,1.5,177.0,0.75,1416,6,48,5,n588-1,i(4)},1.5,6/8,,0
36,36,354.0,4.0,177.0,2.0,1416,16,60,2,n585-1,,,,,0
36,36,355.5,0.5,177.75,0.25,1422,2,49,5,n589-1,,,,,0
36,36,356.0,1.0,178.0,0.5,1424,4,48,5,n590-1,,,,,0
36,36,357.0,3.0,178.5,1.5,1428,12,48,5,n591-1,i.V7,1.5,6/8,,0
36,36,357.0,1.0,178.5,0.5,1428,4,64,1,n579-1,,,,,0
36,36,357.0,1.0,178.5,0.5,1428,4,67,1,n580-1,,,,,0
36,36,358.0,1.0,179.0,0.5,1432,4,65,1,n581-1,,,,,0
36,36,358.0,1.0,179.0,0.5,1432,4,68,1,n582-1,,,,,0
36,36,359.0,1.0,179.5,0.5,1436,4,70,1,n584-1,,,,,0
36,36,359.0,1.0,179.5,0.5,1436,4,67,1,n583-1,,,,,0
37,37,360.0,1.5,180.0,0.75,1440,6,72,3,n594-1,,,,,0
37,37,360.0,1.5,180.0,0.75,1440,6,68,3,n593-1,,,,,0
37,37,360.0,2.0,180.0,1.0,1440,8,56,5,n600-1,,,,,0
37,37,360.0,2.0,180.0,1.0,1440,8,53,5,n599-1,i{,3.0,6/8,,0
37,37,361.5,0.5,180.75,0.25,1446,2,73,3,n595-1,,,,,0
37,37,362.0,1.0,181.0,0.5,1448,4,72,3,n596-1,,,,,0
37,37,363.0,2.0,181.5,1.0,1452,8,72,3,n597-1,,,,,0
37,37,365.0,1.0,182.5,0.5,1460,4,77,3,n598-1,,,,,0
38,38,366.0,1.5,183.0,0.75,1464,6,67,3,n608-1,,,,,0
38,38,366.0,4.0,183.0,2.0,1464,16,77,1,n604-1,,,,,0
38,38,366.0,4.0,183.0,2.0,1464,16,58,5,n614-1,ii%65,3.0,6/8,,0
38,38,366.0,4.0,183.0,2.0,1464,16,61,5,n615-1,,,,,0
38,38,367.5,0.5,183.75,0.25,1470,2,68,3,n609-1,,,,,0
38,38,368.0,1.0,184.0,0.5,1472,4,67,3,n610-1,,,,,0
38,38,369.0,1.0,184.5,0.5,1476,4,67,3,n611-1,,,,,0
38,38,370.0,1.0,185.0,0.5,1480,4,75,1,n606-1,,,,,0
38,38,371.0,1.0,185.5,0.5,1484,4,73,1,n607-1,,,,,0
39,39,372.0,1.5,186.0,0.75,1488,6,60,5,n629-1,V,2.5,6/8,,0
39,39,372.0,4.0,186.0,2.0,1488,16,64,3,n621-1,,,,,0
39,39,372.0,4.0,186.0,2.0,1488,16,67,3,n622-1,,,,,0
39,39,372.0,6.0,186.0,3.0,1488,24,72,1,n620-1,,,,,0
39,39,373.5,0.5,186.75,0.25,1494,2,61,5,n630-1,,,,,0
39,39,374.0,1.0,187.0,0.5,1496,4,60,5,n631-1,,,,,0
39,39,375.0,3.0,187.5,1.5,1500,12,60,5,n632-1,,,,,0
39,39,376.0,1.0,188.0,0.5,1504,4,65,3,n625-1,,,,,0
39,39,376.0,1.0,188.0,0.5,1504,4,68,3,n626-1,,,,,0
39,39,377.0,1.0,188.5,0.5,1508,4,67,3,n627-1,V7,0.5,6/8,,0
39,39,377.0,1.0,188.5,0.5,1508,4,70,3,n628-1,,,,,0
40,40,378.0,1.5,189.0,0.75,1512,6,70,1,n633-1,,,,,0
40,40,378.0,1.5,189.0,0.75,1512,6,67,2,n637-1,,,,,0
40,40,378.0,4.5,189.0,2.25,1512,18,61,5,n641-1,,,,,0
40,40,378.0,6.0,189.0,3.0,1512,24,49,6,n645-1,VI(64),1.5,6/8,,0
40,40,379.5,0.5,189.75,0.25,1518,2,65,2,n638-1,,,,,0
40,40,379.5,0.5,189.75,0.25,1518,2,68,1,n634-1,,,,,0
40,40,380.0,1.0,190.0,0.5,1520,4,64,2,n639-1,,,,,0
40,40,380.0,1.0,190.0,0.5,1520,4,67,1,n635-1,,,,,0
40,40,381.0,4.5,190.5,2.25,1524,18,65,2,n640-1,VI,1.0,6/8,,0
40,40,381.0,4.5,190.5,2.25,1524,18,68,1,n636-1,,,,,0
40,40,382.5,0.5,191.25,0.25,1530,2,60,5,n643-1,,,,,0
40,40,383.0,1.0,191.5,0.5,1532,4,59,5,n644-1,Ger6,0.5,6/8,,0
41,41,384.0,6.0,192.0,3.0,1536,24,48,6,n661-1,V(64),1.5,6/8,,0
41,41,384.0,5.0,192.0,2.5,1536,20,60,5,n658-1,,,,,0
41,41,385.5,0.5,192.75,0.25,1542,2,67,1,n647-1,,,,,0
41,41,385.5,0.5,192.75,0.25,1542,2,64,2,n653-1,,,,,0
41,41,386.0,1.0,193.0,0.5,1544,4,65,2,n654-1,,,,,0
41,41,386.0,1.0,193.0,0.5,1544,4,68,1,n648-1,,,,,0
41,41,387.0,1.0,193.5,0.5,1548,4,67,2,n655-1,V7,1.5,6/8,,0
41,41,387.0,1.0,193.5,0.5,1548,4,70,1,n649-1,,,,,0
41,41,388.0,1.0,194.0,0.5,1552,4,65,2,n656-1,,,,,0
41,41,388.0,1.0,194.0,0.5,1552,4,68,1,n650-1,,,,,0
41,41,389.0,1.0,194.5,0.5,1556,4,58,5,n660-1,,,,,0
41,41,389.0,1.0,194.5,0.5,1556,4,64,2,n657-1,,,,,0
41,41,389.0,1.0,194.5,0.5,1556,4,67,1,n651-1,,,,,0
42,42,390.0,3.0,195.0,1.5,1560,12,64,2,n666-1,,,,,0
42,42,390.0,3.0,195.0,1.5,1560,12,67,1,n662-1,,,,,0
42,42,390.0,4.0,195.0,2.0,1560,16,53,6,n674-1,i(9#74)},1.5,6/8,,0
42,42,390.0,3.0,195.0,1.5,1560,12,58,5,n670-1,,,,,0
42,42,393.0,1.0,196.5,0.5,1572,4,56,5,n671-1,i|PAC,1.5,6/8,PAC,1
42,42,393.0,1.0,196.5,0.5,1572,4,65,2,n667-1,,,,,0
42,42,393.0,1.0,196.5,0.5,1572,4,65,1,n663-1,,,,,0
43,43,396.0,0.5,198.0,0.25,1584,2,53,5,n683-1,i{,1.5,6/8,,0
43,43,396.0,1.0,198.0,0.5,1584,4,72,2,n677-1,,,,,0
43,43,396.5,0.5,198.25,0.25,1586,2,56,5,n684-1,,,,,0
43,43,397.0,0.5,198.5,0.25,1588,2,60,5,n685-1,,,,,0
43,43,397.5,0.5,198.75,0.25,1590,2,56,5,n686-1,,,,,0
43,43,398.0,0.5,199.0,0.25,1592,2,53,5,n687-1,,,,,0
43,43,398.0,1.0,199.0,0.5,1592,4,72,2,n679-1,,,,,0
43,43,398.5,0.5,199.25,0.25,1594,2,56,5,n688-1,,,,,0
43,43,399.0,1.0,199.5,0.5,1596,4,72,2,n680-1,,,,,0
43,43,399.0,0.5,199.5,0.25,1596,2,51,5,n689-1,#viio43/iv,1.5,6/8,,0
43,43,399.5,0.5,199.75,0.25,1598,2,54,5,n690-1,,,,,0
43,43,400.0,0.5,200.0,0.25,1600,2,57,5,n691-1,,,,,0
43,43,400.5,0.5,200.25,0.25,1602,2,54,5,n692-1,,,,,0
43,43,401.0,0.5,200.5,0.25,1604,2,51,5,n693-1,,,,,0
43,43,401.0,1.0,200.5,0.5,1604,4,72,2,n682-1,,,,,0
43,43,401.5,0.5,200.75,0.25,1606,2,54,5,n694-1,,,,,0
44,44,402.0,0.5,201.0,0.25,1608,2,49,5,n699-1,iv6(#72),1.5,6/8,,0
44,44,402.0,3.0,201.0,1.5,1608,12,72,1,n695-1,,,,,0
44,44,402.5,0.5,201.25,0.25,1610,2,53,5,n700-1,,,,,0
44,44,403.0,0.5,201.5,0.25,1612,2,57,5,n701-1,,,,,0
44,44,403.5,0.5,201.75,0.25,1614,2,53,5,n702-1,,,,,0
44,44,404.0,0.5,202.0,0.25,1616,2,49,5,n703-1,,,,,0
44,44,404.5,0.5,202.25,0.25,1618,2,53,5,n704-1,,,,,0
44,44,405.0,0.5,202.5,0.25,1620,2,49,5,n705-1,iv6,1.0,6/8,,0
44,44,405.0,1.0,202.5,0.5,1620,4,70,1,n696-1,,,,,0
44,44,405.5,0.5,202.75,0.25,1622,2,53,5,n706-1,,,,,0
44,44,406.0,0.5,203.0,0.25,1624,2,58,5,n707-1,,,,,0
44,44,406.5,0.5,203.25,0.25,1626,2,53,5,n708-1,,,,,0
44,44,407.0,0.5,203.5,0.25,1628,2,48,5,n709-1,i64,0.5,6/8,,0
44,44,407.0,1.0,203.5,0.5,1628,4,68,1,n698-1,,,,,0
44,44,407.5,0.5,203.75,0.25,1630,2,53,5,n710-1,,,,,0
45,45,408.0,0.5,204.0,0.25,1632,2,46,5,n718-1,bII6,2.5,6/8,,0
45,45,408.0,1.0,204.0,0.5,1632,4,66,1,n711-1,,,,,0
45,45,408.5,0.5,204.25,0.25,1634,2,49,5,n719-1,,,,,0
45,45,409.0,0.5,204.5,0.25,1636,2,58,5,n720-1,,,,,0
45,45,409.5,0.5,204.75,0.25,1638,2,49,5,n721-1,,,,,0
45,45,410.0,0.5,205.0,0.25,1640,2,46,5,n722-1,,,,,0
45,45,410.0,1.0,205.0,0.5,1640,4,70,1,n713-1,,,,,0
45,45,410.5,0.5,205.25,0.25,1642,2,49,5,n723-1,,,,,0
45,45,411.0,0.5,205.5,0.25,1644,2,46,5,n724-1,,,,,0
45,45,411.0,1.0,205.5,0.5,1644,4,66,1,n715-1,,,,,0
45,45,411.0,0.0,205.5,0.0,1644,0,68,1,n714-1,,,,,0
45,45,411.5,0.5,205.75,0.25,1646,2,49,5,n725-1,,,,,0
45,45,412.0,0.5,206.0,0.25,1648,2,58,5,n726-1,,,,,0
45,45,412.5,0.5,206.25,0.25,1650,2,49,5,n727-1,,,,,0
45,45,413.0,0.5,206.5,0.25,1652,2,47,5,n728-1,viio7/V,0.5,6/8,,0
45,45,413.0,1.0,206.5,0.5,1652,4,65,1,n717-1,,,,,0
45,45,413.5,0.5,206.75,0.25,1654,2,56,5,n729-1,,,,,0
46,46,414.0,3.0,207.0,1.5,1656,12,65,1,n730-1,,,,,0
46,46,414.0,0.5,207.0,0.25,1656,2,48,5,n734-1,V(64),1.5,6/8,,0
46,46,414.5,0.5,207.25,0.25,1658,2,53,5,n735-1,,,,,0
46,46,415.0,0.5,207.5,0.25,1660,2,56,5,n736-1,,,,,0
46,46,415.5,0.5,207.75,0.25,1662,2,53,5,n737-1,,,,,0
46,46,416.0,0.5,208.0,0.25,1664,2,48,5,n738-1,,,,,0
46,46,416.5,0.5,208.25,0.25,1666,2,53,5,n739-1,,,,,0
46,46,417.0,0.5,208.5,0.25,1668,2,48,5,n740-1,V|HC,1.5,6/8,HC,2
46,46,417.0,1.0,208.5,0.5,1668,4,64,1,n731-1,,,,,0
46,46,417.5,0.5,208.75,0.25,1670,2,52,5,n741-1,,,,,0
46,46,418.0,0.5,209.0,0.25,1672,2,55,5,n742-1,,,,,0
46,46,418.5,0.5,209.25,0.25,1674,2,52,5,n743-1,,,,,0
46,46,419.0,0.5,209.5,0.25,1676,2,48,5,n744-1,,,,,0
46,46,419.0,1.0,209.5,0.5,1676,4,72,1,n733-1,,,,,0
46,46,419.5,0.5,209.75,0.25,1678,2,52,5,n745-1,,,,,0
47,47,420.0,0.5,210.0,0.25,1680,2,49,5,n750-1,Ger6,3.0,6/8,,0
47,47,420.0,3.0,210.0,1.5,1680,12,71,1,n746-1,,,,,0
47,47,420.5,0.5,210.25,0.25,1682,2,53,5,n751-1,,,,,0
47,47,421.0,0.5,210.5,0.25,1684,2,56,5,n752-1,,,,,0
47,47,421.5,0.5,210.75,0.25,1686,2,53,5,n753-1,,,,,0
47,47,422.0,0.5,211.0,0.25,1688,2,49,5,n754-1,,,,,0
47,47,422.5,0.5,211.25,0.25,1690,2,53,5,n755-1,,,,,0
47,47,423.0,0.5,211.5,0.25,1692,2,49,5,n756-1,,,,,0
47,47,423.0,1.0,211.5,0.5,1692,4,77,1,n747-1,,,,,0
47,47,423.5,0.5,211.75,0.25,1694,2,53,5,n757-1,,,,,0
47,47,424.0,0.5,212.0,0.25,1696,2,56,5,n758-1,,,,,0
47,47,424.5,0.5,212.25,0.25,1698,2,53,5,n759-1,,,,,0
47,47,425.0,0.5,212.5,0.25,1700,2,49,5,n760-1,,,,,0
47,47,425.5,0.5,212.75,0.25,1702,2,53,5,n761-1,,,,,0
48,48,426.0,0.5,213.0,0.25,1704,2,48,5,n766-1,V,3.0,6/8,,0
48,48,426.0,3.0,213.0,1.5,1704,12,76,1,n762-1,,,,,0
48,48,426.5,0.5,213.25,0.25,1706,2,52,5,n767-1,,,,,0
48,48,427.0,0.5,213.5,0.25,1708,2,55,5,n768-1,,,,,0
48,48,427.5,0.5,213.75,0.25,1710,2,52,5,n769-1,,,,,0
48,48,428.0,0.5,214.0,0.25,1712,2,48,5,n770-1,,,,,0
48,48,428.5,0.5,214.25,0.25,1714,2,52,5,n771-1,,,,,0
48,48,429.0,0.5,214.5,0.25,1716,2,48,5,n772-1,,,,,0
48,48,429.0,1.0,214.5,0.5,1716,4,79,1,n763-1,,,,,0
48,48,429.5,0.5,214.75,0.25,1718,2,52,5,n773-1,,,,,0
48,48,430.0,0.5,215.0,0.25,1720,2,55,5,n774-1,,,,,0
48,48,430.5,0.5,215.25,0.25,1722,2,52,5,n775-1,,,,,0
48,48,431.0,0.5,215.5,0.25,1724,2,60,5,n776-1,,,,,0
48,48,431.5,0.5,215.75,0.25,1726,2,55,5,n777-1,,,,,0
49,49,432.0,0.5,216.0,0.25,1728,2,59,5,n783-1,viio7/V,3.0,6/8,,0
49,49,432.0,3.0,216.0,1.5,1728,12,80,1,n778-1,,,,,0
49,49,432.5,0.5,216.25,0.25,1730,2,62,5,n784-1,,,,,0
49,49,433.0,0.5,216.5,0.25,1732,2,65,5,n785-1,,,,,0
49,49,433.5,0.5,216.75,0.25,1734,2,62,5,n786-1,,,,,0
49,49,434.0,0.5,217.0,0.25,1736,2,59,5,n787-1,,,,,0
49,49,434.5,0.5,217.25,0.25,1738,2,62,5,n788-1,,,,,0
49,49,435.0,1.0,217.5,0.5,1740,4,77,1,n780-1,,,,,0
49,49,435.0,0.0,217.5,0.0,1740,0,79,1,n779-1,,,,,0
49,49,435.0,0.5,217.5,0.25,1740,2,59,5,n789-1,,,,,0
49,49,435.5,0.5,217.75,0.25,1742,2,62,5,n790-1,,,,,0
49,49,436.0,0.5,218.0,0.25,1744,2,68,5,n791-1,,,,,0
49,49,436.5,0.5,218.25,0.25,1746,2,62,5,n792-1,,,,,0
49,49,437.0,0.5,218.5,0.25,1748,2,59,5,n793-1,,,,,0
49,49,437.5,0.5,218.75,0.25,1750,2,62,5,n794-1,,,,,0
50,50,438.0,0.5,219.0,0.25,1752,2,58,5,n799-1,#viio43,3.0,6/8,,0
50,50,438.0,3.0,219.0,1.5,1752,12,85,1,n795-1,,,,,0
50,50,438.5,0.5,219.25,0.25,1754,2,64,5,n800-1,,,,,0
50,50,439.0,0.5,219.5,0.25,1756,2,67,5,n801-1,,,,,0
50,50,439.5,0.5,219.75,0.25,1758,2,64,5,n802-1,,,,,0
50,50,440.0,0.5,220.0,0.25,1760,2,58,5,n803-1,,,,,0
50,50,440.5,0.5,220.25,0.25,1762,2,67,5,n804-1,,,,,0
50,50,441.0,1.0,220.5,0.5,1764,4,76,1,n796-1,,,,,0
50,50,441.0,0.5,220.5,0.25,1764,2,58,5,n805-1,,,,,0
50,50,441.5,0.5,220.75,0.25,1766,2,61,5,n806-1,,,,,0
50,50,442.0,0.5,221.0,0.25,1768,2,67,5,n807-1,,,,,0
50,50,442.5,0.5,221.25,0.25,1770,2,61,5,n808-1,,,,,0
50,50,443.0,0.5,221.5,0.25,1772,2,58,5,n809-1,,,,,0
50,50,443.5,0.5,221.75,0.25,1774,2,67,5,n810-1,,,,,0
51,51,444.0,0.5,222.0,0.25,1776,2,56,5,n817-1,i6,1.5,6/8,,0
51,51,444.5,0.5,222.25,0.25,1778,2,60,5,n818-1,,,,,0
51,51,445.0,0.5,222.5,0.25,1780,2,65,5,n819-1,,,,,0
51,51,445.0,1.0,222.5,0.5,1780,4,77,1,n812-1,,,,,0
51,51,445.5,0.5,222.75,0.25,1782,2,60,5,n820-1,,,,,0
51,51,446.0,1.0,223.0,0.5,1784,4,77,1,n813-1,,,,,0
51,51,446.0,0.5,223.0,0.25,1784,2,56,5,n821-1,,,,,0
51,51,446.5,0.5,223.25,0.25,1786,2,60,5,n822-1,,,,,0
51,51,447.0,0.5,223.5,0.25,1788,2,58,5,n823-1,iv,1.5,6/8,,0
51,51,447.5,0.5,223.75,0.25,1790,2,61,5,n824-1,,,,,0
51,51,448.0,0.5,224.0,0.25,1792,2,65,5,n825-1,,,,,0
51,51,448.0,1.0,224.0,0.5,1792,4,73,1,n815-1,,,,,0
51,51,448.5,0.5,224.25,0.25,1794,2,61,5,n826-1,,,,,0
51,51,449.0,0.5,224.5,0.25,1796,2,58,5,n827-1,,,,,0
51,51,449.0,1.0,224.5,0.5,1796,4,73,1,n816-1,,,,,0
51,51,449.5,0.5,224.75,0.25,1798,2,61,5,n828-1,,,,,0
52,52,450.0,0.5,225.0,0.25,1800,2,60,5,n835-1,V(64),1.5,6/8,,0
52,52,450.5,0.5,225.25,0.25,1802,2,65,5,n836-1,,,,,0
52,52,451.0,0.5,225.5,0.25,1804,2,68,5,n837-1,,,,,0
52,52,451.0,1.0,225.5,0.5,1804,4,72,1,n830-1,,,,,0
52,52,451.5,0.5,225.75,0.25,1806,2,65,5,n838-1,,,,,0
52,52,452.0,0.5,226.0,0.25,1808,2,60,5,n839-1,,,,,0
52,52,452.0,1.0,226.0,0.5,1808,4,72,1,n831-1,,,,,0
52,52,452.5,0.5,226.25,0.25,1810,2,65,5,n840-1,,,,,0
52,52,453.0,0.5,226.5,0.25,1812,2,60,5,n841-1,V7,1.5,6/8,,0
52,52,453.5,0.5,226.75,0.25,1814,2,67,5,n842-1,,,,,0
52,52,454.0,0.5,227.0,0.25,1816,2,70,5,n843-1,,,,,0
52,52,454.0,1.0,227.0,0.5,1816,4,76,1,n833-1,,,,,0
52,52,454.5,0.5,227.25,0.25,1818,2,67,5,n844-1,,,,,0
52,52,455.0,0.5,227.5,0.25,1820,2,70,5,n845-1,,,,,0
52,52,455.0,1.0,227.5,0.5,1820,4,76,1,n834-1,,,,,0
52,52,455.5,0.5,227.75,0.25,1822,2,67,5,n846-1,,,,,0
53,53,456.0,2.0,228.0,1.0,1824,8,77,1,n847-1,,,,,0
53,53,456.0,0.5,228.0,0.25,1824,2,56,5,n856-1,i6|EC}{,1.5,6/8,EC,3
53,53,456.5,0.5,228.25,0.25,1826,2,60,5,n857-1,,,,,0
53,53,457.0,0.5,228.5,0.25,1828,2,65,5,n858-1,,,,,0
53,53,457.5,0.5,228.75,0.25,1830,2,60,5,n859-1,,,,,0
53,53,458.0,0.5,229.0,0.25,1832,2,56,5,n860-1,,,,,0
53,53,458.0,0.5,229.0,0.25,1832,2,84,1,n848-1,,,,,0
53,53,458.5,0.5,229.25,0.25,1834,2,60,5,n861-1,,,,,0
53,53,458.5,0.5,229.25,0.25,1834,2,80,1,n849-1,,,,,0
53,53,459.0,0.5,229.5,0.25,1836,2,58,5,n862-1,ii%65,1.5,6/8,,0
53,53,459.0,0.5,229.5,0.25,1836,2,80,1,n850-1,,,,,0
53,53,459.5,0.5,229.75,0.25,1838,2,61,5,n863-1,,,,,0
53,53,459.5,0.5,229.75,0.25,1838,2,79,1,n851-1,,,,,0
53,53,460.0,0.5,230.0,0.25,1840,2,65,5,n864-1,,,,,0
53,53,460.0,0.5,230.0,0.25,1840,2,85,1,n852-1,,,,,0
53,53,460.5,0.5,230.25,0.25,1842,2,82,1,n853-1,,,,,0
53,53,460.5,0.5,230.25,0.25,1842,2,61,5,n865-1,,,,,0
53,53,461.0,0.5,230.5,0.25,1844,2,58,5,n866-1,,,,,0
53,53,461.0,0.5,230.5,0.25,1844,2,82,1,n854-1,,,,,0
53,53,461.5,0.5,230.75,0.25,1846,2,61,5,n867-1,,,,,0
53,53,461.5,0.5,230.75,0.25,1846,2,79,1,n855-1,,,,,0
54,54,462.0,0.5,231.0,0.25,1848,2,60,5,n871-1,V(64),1.5,6/8,,0
54,54,462.0,3.0,231.0,1.5,1848,12,77,1,n869-1,,,,,0
54,54,462.0,0.0,231.0,0.0,1848,0,79,1,n868-1,,,,,0
54,54,462.5,0.5,231.25,0.25,1850,2,65,5,n872-1,,,,,0
54,54,463.0,0.5,231.5,0.25,1852,2,68,5,n873-1,,,,,0
54,54,463.5,0.5,231.75,0.25,1854,2,65,5,n874-1,,,,,0
54,54,464.0,0.5,232.0,0.25,1856,2,60,5,n875-1,,,,,0
54,54,464.5,0.5,232.25,0.25,1858,2,65,5,n876-1,,,,,0
54,54,465.0,0.5,232.5,0.25,1860,2,48,5,n877-1,#viio65/iv,1.5,6/8,,0
54,54,465.0,3.0,232.5,1.5,1860,12,78,1,n870-1,,,,,0
54,54,465.5,0.5,232.75,0.25,1862,2,51,5,n878-1,,,,,0
54,54,466.0,0.5,233.0,0.25,1864,2,57,5,n879-1,,,,,0
54,54,466.5,0.5,233.25,0.25,1866,2,51,5,n880-1,,,,,0
54,54,467.0,0.5,233.5,0.25,1868,2,48,5,n881-1,,,,,0
54,54,467.5,0.5,233.75,0.25,1870,2,51,5,n882-1,,,,,0
55,55,468.0,0.5,234.0,0.25,1872,2,49,5,n889-1,Ger6|DC,1.5,6/8,DC,3
55,55,468.0,1.0,234.0,0.5,1872,4,77,1,n883-1,,,,,0
55,55,468.5,0.5,234.25,0.25,1874,2,53,5,n890-1,,,,,0
55,55,469.0,0.5,234.5,0.25,1876,2,59,5,n891-1,,,,,0
55,55,469.0,1.0,234.5,0.5,1876,4,79,1,n884-1,,,,,0
55,55,469.5,0.5,234.75,0.25,1878,2,53,5,n892-1,,,,,0
55,55,470.0,0.5,235.0,0.25,1880,2,49,5,n893-1,,,,,0
55,55,470.0,1.0,235.0,0.5,1880,4,80,1,n885-1,,,,,0
55,55,470.5,0.5,235.25,0.25,1882,2,53,5,n894-1,,,,,0
55,55,471.0,0.5,235.5,0.25,1884,2,50,5,n895-1,viio65/V,1.5,6/8,,0
55,55,471.0,1.0,235.5,0.5,1884,4,68,1,n886-1,,,,,0
55,55,471.5,0.5,235.75,0.25,1886,2,53,5,n896-1,,,,,0
55,55,472.0,0.5,236.0,0.25,1888,2,56,5,n897-1,,,,,0
55,55,472.0,1.0,236.0,0.5,1888,4,70,1,n887-1,,,,,0
55,55,472.5,0.5,236.25,0.25,1890,2,53,5,n898-1,,,,,0
55,55,473.0,0.5,236.5,0.25,1892,2,50,5,n899-1,,,,,0
55,55,473.0,1.0,236.5,0.5,1892,4,71,1,n888-1,,,,,0
55,55,473.5,0.5,236.75,0.25,1894,2,53,5,n900-1,,,,,0
56,56,474.0,1.0,237.0,0.5,1896,4,48,5,n910-1,V(64),1.5,6/8,,0
56,56,474.0,0.5,237.0,0.25,1896,2,72,1,n901-1,,,,,0
56,56,474.5,0.5,237.25,0.25,1898,2,73,1,n902-1,,,,,0
56,56,475.0,0.5,237.5,0.25,1900,2,74,1,n903-1,,,,,0
56,56,475.5,0.5,237.75,0.25,1902,2,75,1,n904-1,,,,,0
56,56,476.0,0.5,238.0,0.25,1904,2,76,1,n905-1,,,,,0
56,56,476.5,0.5,238.25,0.25,1906,2,77,1,n906-1,,,,,0
56,56,477.0,0.5,238.5,0.25,1908,2,48,5,n913-1,V7,1.5,6/8,,0
56,56,477.0,0.0,238.5,0.0,1908,0,65,1,n907-1,,,,,0
56,56,477.0,3.0,238.5,1.5,1908,12,67,1,n909-1,,,,,0
56,56,477.0,0.0,238.5,0.0,1908,0,68,1,n908-1,,,,,0
56,56,477.5,0.5,238.75,0.25,1910,2,52,5,n914-1,,,,,0
56,56,478.0,0.5,239.0,0.25,1912,2,58,5,n915-1,,,,,0
56,56,478.5,0.5,239.25,0.25,1914,2,52,5,n916-1,,,,,0
56,56,479.0,0.5,239.5,0.25,1916,2,48,5,n917-1,,,,,0
56,56,479.5,0.5,239.75,0.25,1918,2,52,5,n918-1,,,,,0
57,57,480.0,1.0,240.0,0.5,1920,4,53,5,n930-1,i|PAC},1.0,6/8,PAC,1
57,57,480.0,1.0,240.0,0.5,1920,4,65,1,n919-1,,,,,0
57,57,482.0,1.0,241.0,0.5,1928,4,45,5,n932-1,V65/iv{,0.5,6/8,,0
57,57,482.0,1.0,241.0,0.5,1928,4,60,1,n921-1,,,,,0
57,57,482.0,1.0,241.0,0.5,1928,4,63,1,n922-1,,,,,0
57,57,482.0,1.0,241.0,0.5,1928,4,65,1,n923-1,,,,,0
57,57,483.0,1.0,241.5,0.5,1932,4,46,5,n933-1,iv,1.0,6/8,,0
57,57,483.0,1.0,241.5,0.5,1932,4,58,1,n924-1,,,,,0
57,57,483.0,1.0,241.5,0.5,1932,4,61,1,n925-1,,,,,0
57,57,483.0,1.0,241.5,0.5,1932,4,65,1,n926-1,,,,,0
57,57,485.0,1.0,242.5,0.5,1940,4,73,1,n929-1,,,,,0
57,57,485.0,1.0,242.5,0.5,1940,4,65,1,n928-1,,,,,0
57,57,485.0,1.0,242.5,0.5,1940,4,46,5,n935-1,iv,0.5,6/8,,0
58,58,486.0,2.0,243.0,1.0,1944,8,48,5,n949-1,V(64),1.0,6/8,,0
58,58,486.0,2.0,243.0,1.0,1944,8,60,2,n946-1,,,,,0
58,58,486.0,1.5,243.0,0.75,1944,6,65,1,n936-1,,,,,0
58,58,486.0,1.5,243.0,0.75,1944,6,68,1,n937-1,,,,,0
58,58,487.5,0.5,243.75,0.25,1950,2,67,1,n938-1,,,,,0
58,58,487.5,0.5,243.75,0.25,1950,2,70,1,n939-1,,,,,0
58,58,488.0,1.0,244.0,0.5,1952,4,36,5,n950-1,V7,0.5,6/8,,0
58,58,488.0,1.0,244.0,0.5,1952,4,58,2,n947-1,,,,,0
58,58,488.0,1.0,244.0,0.5,1952,4,64,1,n940-1,,,,,0
58,58,488.0,1.0,244.0,0.5,1952,4,67,1,n941-1,,,,,0
58,58,489.0,1.0,244.5,0.5,1956,4,65,1,n942-1,,,,,0
58,58,489.0,1.0,244.5,0.5,1956,4,41,5,n951-1,i|PAC},1.0,6/8,PAC,1
58,58,489.0,1.0,244.5,0.5,1956,4,56,2,n948-1,,,,,0
58,58,491.0,1.0,245.5,0.5,1964,4,45,5,n953-1,#viio7/iv{,0.5,6/8,,0
58,58,491.0,1.0,245.5,0.5,1964,4,57,5,n954-1,,,,,0
58,58,491.0,1.0,245.5,0.5,1964,4,66,1,n944-1,,,,,0
58,58,491.0,1.0,245.5,0.5,1964,4,75,1,n945-1,,,,,0
59,59,492.0,1.0,246.0,0.5,1968,4,46,5,n966-1,iv,1.0,6/8,,0
59,59,492.0,1.0,246.0,0.5,1968,4,58,5,n967-1,,,,,0
59,59,492.0,1.0,246.0,0.5,1968,4,65,1,n955-1,,,,,0
59,59,492.0,1.0,246.0,0.5,1968,4,73,1,n956-1,,,,,0
59,59,494.0,1.0,247.0,0.5,1976,4,68,1,n958-1,,,,,0
59,59,494.0,1.0,247.0,0.5,1976,4,77,1,n959-1,,,,,0
59,59,494.0,1.0,247.0,0.5,1976,4,59,5,n969-1,viio7/V,0.5,6/8,,0
59,59,494.0,1.0,247.0,0.5,1976,4,62,5,n970-1,,,,,0
59,59,495.0,2.0,247.5,1.0,1980,8,60,5,n971-1,V(64),1.0,6/8,,0
59,59,495.0,1.5,247.5,0.75,1980,6,65,1,n960-1,,,,,0
59,59,495.0,1.5,247.5,0.75,1980,6,68,1,n961-1,,,,,0
59,59,496.5,0.5,248.25,0.25,1986,2,70,1,n963-1,,,,,0
59,59,496.5,0.5,248.25,0.25,1986,2,67,1,n962-1,,,,,0
59,59,497.0,1.0,248.5,0.5,1988,4,64,1,n964-1,,,,,0
59,59,497.0,1.0,248.5,0.5,1988,4,67,1,n965-1,,,,,0
59,59,497.0,1.0,248.5,0.5,1988,4,48,5,n972-1,V7,0.5,6/8,,0
59,59,497.0,1.0,248.5,0.5,1988,4,58,5,n973-1,,,,,0
60,60,498.0,3.0,249.0,1.5,1992,12,64,1,n975-1,,,,,0
60,60,498.0,3.0,249.0,1.5,1992,12,67,1,n976-1,,,,,0
60,60,498.0,3.0,249.0,1.5,1992,12,53,5,n982-1,i(9#74)},1.5,6/8,,0
60,60,498.0,3.0,249.0,1.5,1992,12,58,1,n974-1,,,,,0
60,60,501.0,1.0,250.5,0.5,2004,4,56,1,n977-1,,,,,0
60,60,501.0,1.0,250.5,0.5,2004,4,60,1,n978-1,,,,,0
60,60,501.0,1.0,250.5,0.5,2004,4,41,5,n983-1,i|PAC,1.5,6/8,PAC,1
60,60,501.0,1.0,250.5,0.5,2004,4,65,1,n979-1,,,,,0
