xml_mn,mn,onset_beat,duration_beat,onset_quarter,duration_quarter,onset_div,duration_div,pitch,voice,id,label,duration_qb,timesig,phraseend,phrase_type
0,0,-1.0,0.75,-1.0,0.75,0,18,74,1,n1-1,Bb.I6{,4.0,3/4,{,1
0,0,-0.25,0.25,-0.25,0.25,18,6,75,1,n2-1,,,,,0
1,1,0.0,0.5,0.0,0.5,24,12,72,1,n5-1,,,,,0
1,1,0.5,0.5,0.5,0.5,36,12,70,1,n6-1,,,,,0
1,1,1.0,1.0,1.0,1.0,48,24,62,5,n10-1,,,,,0
1,1,1.0,1.0,1.0,1.0,48,24,65,5,n11-1,,,,,0
1,1,1.0,1.0,1.0,1.0,48,24,70,1,n7-1,,,,,0
1,1,2.0,1.0,2.0,1.0,72,24,62,5,n12-1,,,,,0
1,1,2.0,1.0,2.0,1.0,72,24,70,1,n8-1,,,,,0
1,1,2.0,1.0,2.0,1.0,72,24,65,5,n13-1,,,,,0
2,2,3.0,1.0,3.0,1.0,96,24,69,1,n15-1,,,,,0
2,2,3.0,1.0,3.0,1.0,96,24,65,5,n20-1,,,,,0
2,2,3.0,1.0,3.0,1.0,96,24,63,5,n19-1,V2,,,,0
2,2,5.0,0.75,5.0,0.75,144,18,75,1,n17-1,,,,,0
2,2,5.75,0.25,5.75,0.25,162,6,77,1,n18-1,,,,,0
3,3,6.0,0.5,6.0,0.5,168,12,74,1,n25-1,,,,,0
3,3,6.5,0.5,6.5,0.5,180,12,72,1,n26-1,,,,,0
3,3,7.0,1.0,7.0,1.0,192,24,72,1,n27-1,,,,,0
3,3,7.0,1.0,7.0,1.0,192,24,65,5,n30-1,,,,,0
3,3,7.0,1.0,7.0,1.0,192,24,63,6,n33-1,,,,,0
3,3,8.0,1.0,8.0,1.0,216,24,63,6,n34-1,,,,,0
3,3,8.0,1.0,8.0,1.0,216,24,65,5,n31-1,,,,,0
3,3,8.0,1.0,8.0,1.0,216,24,72,1,n28-1,,,,,0
4,4,9.0,1.0,9.0,1.0,240,24,62,6,n43-1,I6,,,,0
4,4,9.0,1.0,9.0,1.0,240,24,65,5,n39-1,,,,,0
4,4,9.0,1.0,9.0,1.0,240,24,70,1,n35-1,,,,,0
4,4,11.0,0.75,11.0,0.75,288,18,58,5,n41-1,I,,,,0
4,4,11.0,0.75,11.0,0.75,288,18,74,1,n37-1,,,,,0
4,4,11.75,0.25,11.75,0.25,306,6,60,5,n42-1,,,,,0
4,4,11.75,0.25,11.75,0.25,306,6,75,1,n38-1,,,,,0
5,5,12.0,0.5,12.0,0.5,312,12,77,1,n46-1,,,,,0
5,5,12.0,0.5,12.0,0.5,312,12,62,5,n52-1,,,,,0
5,5,12.0,7.0,12.0,7.0,312,168,53,6,n58-1,V[I6,,,,0
5,5,12.5,0.5,12.5,0.5,324,12,79,1,n47-1,,,,,0
5,5,12.5,0.5,12.5,0.5,324,12,63,5,n53-1,,,,,0
5,5,13.0,0.5,13.0,0.5,336,12,60,5,n54-1,V7,,,,0
5,5,13.0,0.5,13.0,0.5,336,12,75,1,n48-1,,,,,0
5,5,13.5,0.5,13.5,0.5,348,12,57,5,n55-1,,,,,0
5,5,13.5,0.5,13.5,0.5,348,12,72,1,n49-1,,,,,0
5,5,14.0,0.5,14.0,0.5,360,12,74,1,n50-1,,,,,0
5,5,14.0,0.5,14.0,0.5,360,12,58,5,n56-1,I,,,,0
5,5,14.5,0.5,14.5,0.5,372,12,75,1,n51-1,,,,,0
5,5,14.5,0.5,14.5,0.5,372,12,60,5,n57-1,,,,,0
6,6,15.0,0.5,15.0,0.5,384,12,77,1,n59-1,,,,,0
6,6,15.0,0.5,15.0,0.5,384,12,62,5,n65-1,I6,,,,0
6,6,15.5,0.5,15.5,0.5,396,12,79,1,n60-1,,,,,0
6,6,15.5,0.5,15.5,0.5,396,12,63,5,n66-1,,,,,0
6,6,16.0,0.5,16.0,0.5,408,12,60,5,n67-1,V7,,,,0
6,6,16.0,0.5,16.0,0.5,408,12,75,1,n61-1,,,,,0
6,6,16.5,0.5,16.5,0.5,420,12,57,5,n68-1,,,,,0
6,6,16.5,0.5,16.5,0.5,420,12,72,1,n62-1,,,,,0
6,6,17.0,0.5,17.0,0.5,432,12,74,1,n63-1,,,,,0
6,6,17.0,0.5,17.0,0.5,432,12,58,5,n69-1,I,,,,0
6,6,17.5,0.5,17.5,0.5,444,12,60,5,n70-1,,,,,0
6,6,17.5,0.5,17.5,0.5,444,12,75,1,n64-1,,,,,0
7,7,18.0,0.5,18.0,0.5,456,12,77,1,n72-1,,,,,0
7,7,18.0,1.0,18.0,1.0,456,24,62,5,n78-1,I6],,,,0
7,7,18.5,0.5,18.5,0.5,468,12,82,1,n73-1,,,,,0
7,7,19.0,0.5,19.0,0.5,480,12,81,1,n74-1,,,,,0
7,7,19.5,0.5,19.5,0.5,492,12,79,1,n75-1,,,,,0
7,7,20.0,0.5,20.0,0.5,504,12,77,1,n76-1,,,,,0
7,7,20.5,0.5,20.5,0.5,516,12,76,1,n77-1,,,,,0
8,8,21.0,0.5,21.0,0.5,528,12,74,1,n84-1,,,,,0
8,8,21.5,0.5,21.5,0.5,540,12,72,1,n85-1,,,,,0
8,8,22.0,0.5,22.0,0.5,552,12,71,1,n86-1,,,,,0
8,8,22.5,0.5,22.5,0.5,564,12,70,1,n87-1,,,,,0
8,8,23.0,0.5,23.0,0.5,576,12,69,1,n88-1,,,,,0
8,8,23.5,0.5,23.5,0.5,588,12,67,1,n89-1,,,,,0
9,9,24.0,0.75,24.0,0.75,600,18,72,1,n91-1,V.V(64),,,,0
9,9,24.75,0.25,24.75,0.25,618,6,74,1,n92-1,,,,,0
9,9,25.0,1.0,25.0,1.0,624,24,57,5,n99-1,,,,,0
9,9,25.0,1.0,25.0,1.0,624,24,48,5,n98-1,,,,,0
9,9,25.0,1.0,25.0,1.0,624,24,65,1,n94-1,,,,,0
9,9,25.0,1.0,25.0,1.0,624,24,60,1,n93-1,,,,,0
9,9,26.0,1.0,26.0,1.0,648,24,55,5,n101-1,,,,,0
9,9,26.0,1.0,26.0,1.0,648,24,58,1,n95-1,,,,,0
9,9,26.0,1.0,26.0,1.0,648,24,64,1,n96-1,,,,,0
9,9,26.0,1.0,26.0,1.0,648,24,48,5,n100-1,V7,,,,0
10,10,27.0,1.0,27.0,1.0,672,24,53,5,n110-1,I|PAC},2.0,3/4,},3
10,10,27.0,1.0,27.0,1.0,672,24,57,1,n103-1,,,,,0
10,10,27.0,1.0,27.0,1.0,672,24,65,1,n104-1,,,,,0
10,10,28.0,1.0,28.0,1.0,696,24,41,5,n111-1,,,,,0
10,10,29.0,0.75,29.0,0.75,720,18,74,1,n107-1,,,,,0
10,10,29.0,0.75,29.0,0.75,720,18,70,1,n106-1,IV{,1.0,3/4,{,1
10,10,29.75,0.25,29.75,0.25,738,6,69,1,n108-1,,,,,0
10,10,29.75,0.25,29.75,0.25,738,6,72,1,n109-1,,,,,0
11,11,30.0,1.0,30.0,1.0,744,24,69,1,n113-1,I,,,,0
11,11,30.0,1.0,30.0,1.0,744,24,72,1,n114-1,,,,,0
11,11,31.0,1.0,31.0,1.0,768,24,65,5,n121-1,,,,,0
11,11,32.0,0.75,32.0,0.75,792,18,76,1,n117-1,,,,,0
11,11,32.0,0.75,32.0,0.75,792,18,70,1,n116-1,viio64,,,,0
11,11,32.75,0.25,32.75,0.25,810,6,77,1,n119-1,,,,,0
11,11,32.75,0.25,32.75,0.25,810,6,69,1,n118-1,,,,,0
12,12,33.0,1.0,33.0,1.0,816,24,77,1,n124-1,,,,,0
12,12,33.0,1.0,33.0,1.0,816,24,69,1,n123-1,I},2.0,3/4,},3
12,12,34.0,1.0,34.0,1.0,840,24,53,5,n127-1,,,,,0
0,0,35.0,0.75,35.0,0.75,864,18,74,1,n1-2,Bb.I6{,4.0,3/4,{,1
0,0,35.75,0.25,35.75,0.25,882,6,75,1,n2-2,,,,,0
1,1,36.0,0.5,36.0,0.5,888,12,72,1,n5-2,,,,,0
1,1,36.5,0.5,36.5,0.5,900,12,70,1,n6-2,,,,,0
1,1,37.0,1.0,37.0,1.0,912,24,65,5,n11-2,,,,,0
1,1,37.0,1.0,37.0,1.0,912,24,70,1,n7-2,,,,,0
1,1,37.0,1.0,37.0,1.0,912,24,62,5,n10-2,,,,,0
1,1,38.0,1.0,38.0,1.0,936,24,70,1,n8-2,,,,,0
1,1,38.0,1.0,38.0,1.0,936,24,65,5,n13-2,,,,,0
1,1,38.0,1.0,38.0,1.0,936,24,62,5,n12-2,,,,,0
2,2,39.0,1.0,39.0,1.0,960,24,69,1,n15-2,,,,,0
2,2,39.0,1.0,39.0,1.0,960,24,63,5,n19-2,V2,,,,0
2,2,39.0,1.0,39.0,1.0,960,24,65,5,n20-2,,,,,0
2,2,41.0,0.75,41.0,0.75,1008,18,75,1,n17-2,,,,,0
2,2,41.75,0.25,41.75,0.25,1026,6,77,1,n18-2,,,,,0
3,3,42.0,0.5,42.0,0.5,1032,12,74,1,n25-2,,,,,0
3,3,42.5,0.5,42.5,0.5,1044,12,72,1,n26-2,,,,,0
3,3,43.0,1.0,43.0,1.0,1056,24,72,1,n27-2,,,,,0
3,3,43.0,1.0,43.0,1.0,1056,24,65,5,n30-2,,,,,0
3,3,43.0,1.0,43.0,1.0,1056,24,63,6,n33-2,,,,,0
3,3,44.0,1.0,44.0,1.0,1080,24,72,1,n28-2,,,,,0
3,3,44.0,1.0,44.0,1.0,1080,24,63,6,n34-2,,,,,0
3,3,44.0,1.0,44.0,1.0,1080,24,65,5,n31-2,,,,,0
4,4,45.0,1.0,45.0,1.0,1104,24,70,1,n35-2,,,,,0
4,4,45.0,1.0,45.0,1.0,1104,24,62,6,n43-2,I6,,,,0
4,4,45.0,1.0,45.0,1.0,1104,24,65,5,n39-2,,,,,0
4,4,47.0,0.75,47.0,0.75,1152,18,58,5,n41-2,I,,,,0
4,4,47.0,0.75,47.0,0.75,1152,18,74,1,n37-2,,,,,0
4,4,47.75,0.25,47.75,0.25,1170,6,60,5,n42-2,,,,,0
4,4,47.75,0.25,47.75,0.25,1170,6,75,1,n38-2,,,,,0
5,5,48.0,7.0,48.0,7.0,1176,168,53,6,n58-2,V[I6,,,,0
5,5,48.0,0.5,48.0,0.5,1176,12,62,5,n52-2,,,,,0
5,5,48.0,0.5,48.0,0.5,1176,12,77,1,n46-2,,,,,0
5,5,48.5,0.5,48.5,0.5,1188,12,63,5,n53-2,,,,,0
5,5,48.5,0.5,48.5,0.5,1188,12,79,1,n47-2,,,,,0
5,5,49.0,0.5,49.0,0.5,1200,12,75,1,n48-2,,,,,0
5,5,49.0,0.5,49.0,0.5,1200,12,60,5,n54-2,V7,,,,0
5,5,49.5,0.5,49.5,0.5,1212,12,57,5,n55-2,,,,,0
5,5,49.5,0.5,49.5,0.5,1212,12,72,1,n49-2,,,,,0
5,5,50.0,0.5,50.0,0.5,1224,12,58,5,n56-2,I,,,,0
5,5,50.0,0.5,50.0,0.5,1224,12,74,1,n50-2,,,,,0
5,5,50.5,0.5,50.5,0.5,1236,12,75,1,n51-2,,,,,0
5,5,50.5,0.5,50.5,0.5,1236,12,60,5,n57-2,,,,,0
6,6,51.0,0.5,51.0,0.5,1248,12,77,1,n59-2,,,,,0
6,6,51.0,0.5,51.0,0.5,1248,12,62,5,n65-2,I6,,,,0
6,6,51.5,0.5,51.5,0.5,1260,12,63,5,n66-2,,,,,0
6,6,51.5,0.5,51.5,0.5,1260,12,79,1,n60-2,,,,,0
6,6,52.0,0.5,52.0,0.5,1272,12,60,5,n67-2,V7,,,,0
6,6,52.0,0.5,52.0,0.5,1272,12,75,1,n61-2,,,,,0
6,6,52.5,0.5,52.5,0.5,1284,12,57,5,n68-2,,,,,0
6,6,52.5,0.5,52.5,0.5,1284,12,72,1,n62-2,,,,,0
6,6,53.0,0.5,53.0,0.5,1296,12,74,1,n63-2,,,,,0
6,6,53.0,0.5,53.0,0.5,1296,12,58,5,n69-2,I,,,,0
6,6,53.5,0.5,53.5,0.5,1308,12,75,1,n64-2,,,,,0
6,6,53.5,0.5,53.5,0.5,1308,12,60,5,n70-2,,,,,0
7,7,54.0,1.0,54.0,1.0,1320,24,62,5,n78-2,I6],,,,0
7,7,54.0,0.5,54.0,0.5,1320,12,77,1,n72-2,,,,,0
7,7,54.5,0.5,54.5,0.5,1332,12,82,1,n73-2,,,,,0
7,7,55.0,0.5,55.0,0.5,1344,12,81,1,n74-2,,,,,0
7,7,55.5,0.5,55.5,0.5,1356,12,79,1,n75-2,,,,,0
7,7,56.0,0.5,56.0,0.5,1368,12,77,1,n76-2,,,,,0
7,7,56.5,0.5,56.5,0.5,1380,12,76,1,n77-2,,,,,0
8,8,57.0,0.5,57.0,0.5,1392,12,74,1,n84-2,,,,,0
8,8,57.5,0.5,57.5,0.5,1404,12,72,1,n85-2,,,,,0
8,8,58.0,0.5,58.0,0.5,1416,12,71,1,n86-2,,,,,0
8,8,58.5,0.5,58.5,0.5,1428,12,70,1,n87-2,,,,,0
8,8,59.0,0.5,59.0,0.5,1440,12,69,1,n88-2,,,,,0
8,8,59.5,0.5,59.5,0.5,1452,12,67,1,n89-2,,,,,0
9,9,60.0,0.75,60.0,0.75,1464,18,72,1,n91-2,V.V(64),,,,0
9,9,60.75,0.25,60.75,0.25,1482,6,74,1,n92-2,,,,,0
9,9,61.0,1.0,61.0,1.0,1488,24,65,1,n94-2,,,,,0
9,9,61.0,1.0,61.0,1.0,1488,24,48,5,n98-2,,,,,0
9,9,61.0,1.0,61.0,1.0,1488,24,60,1,n93-2,,,,,0
9,9,61.0,1.0,61.0,1.0,1488,24,57,5,n99-2,,,,,0
9,9,62.0,1.0,62.0,1.0,1512,24,48,5,n100-2,V7,,,,0
9,9,62.0,1.0,62.0,1.0,1512,24,55,5,n101-2,,,,,0
9,9,62.0,1.0,62.0,1.0,1512,24,58,1,n95-2,,,,,0
9,9,62.0,1.0,62.0,1.0,1512,24,64,1,n96-2,,,,,0
10,10,63.0,1.0,63.0,1.0,1536,24,53,5,n110-2,I|PAC},2.0,3/4,},3
10,10,63.0,1.0,63.0,1.0,1536,24,57,1,n103-2,,,,,0
10,10,63.0,1.0,63.0,1.0,1536,24,65,1,n104-2,,,,,0
10,10,64.0,1.0,64.0,1.0,1560,24,41,5,n111-2,,,,,0
10,10,65.0,0.75,65.0,0.75,1584,18,70,1,n106-2,IV{,1.0,3/4,{,1
10,10,65.0,0.75,65.0,0.75,1584,18,74,1,n107-2,,,,,0
10,10,65.75,0.25,65.75,0.25,1602,6,69,1,n108-2,,,,,0
10,10,65.75,0.25,65.75,0.25,1602,6,72,1,n109-2,,,,,0
11,11,66.0,1.0,66.0,1.0,1608,24,69,1,n113-2,I,,,,0
11,11,66.0,1.0,66.0,1.0,1608,24,72,1,n114-2,,,,,0
11,11,67.0,1.0,67.0,1.0,1632,24,65,5,n121-2,,,,,0
11,11,68.0,0.75,68.0,0.75,1656,18,76,1,n117-2,,,,,0
11,11,68.0,0.75,68.0,0.75,1656,18,70,1,n116-2,viio64,,,,0
11,11,68.75,0.25,68.75,0.25,1674,6,77,1,n119-2,,,,,0
11,11,68.75,0.25,68.75,0.25,1674,6,69,1,n118-2,,,,,0
12,12,69.0,1.0,69.0,1.0,1680,24,69,1,n123-2,I},2.0,3/4,},3
12,12,69.0,1.0,69.0,1.0,1680,24,77,1,n124-2,,,,,0
12,12,70.0,1.0,70.0,1.0,1704,24,53,5,n127-2,,,,,0
X1,12,71.0,1.0,71.0,1.0,1728,24,65,5,n132-1,,,,,0
X1,12,71.0,1.0,71.0,1.0,1728,24,53,5,n131-1,I.viio43/ii{,1.0,3/4,{,1
X1,12,71.0,1.0,71.0,1.0,1728,24,71,1,n128-1,,,,,0
X1,12,71.0,1.0,71.0,1.0,1728,24,80,1,n130-1,,,,,0
X1,12,71.0,1.0,71.0,1.0,1728,24,74,1,n129-1,,,,,0
13,13,72.0,1.0,72.0,1.0,1752,24,76,1,n134-1,,,,,0
13,13,72.0,1.0,72.0,1.0,1752,24,64,5,n143-1,,,,,0
13,13,72.0,1.0,72.0,1.0,1752,24,72,1,n133-1,,,,,0
13,13,72.0,1.0,72.0,1.0,1752,24,52,5,n142-1,II6,,,,0
13,13,72.0,1.0,72.0,1.0,1752,24,79,1,n135-1,,,,,0
13,13,73.0,1.0,73.0,1.0,1776,24,69,1,n136-1,,,,,0
13,13,73.0,1.0,73.0,1.0,1776,24,51,5,n144-1,viio43,,,,0
13,13,73.0,1.0,73.0,1.0,1776,24,63,5,n145-1,,,,,0
13,13,73.0,1.0,73.0,1.0,1776,24,78,1,n138-1,,,,,0
13,13,73.0,1.0,73.0,1.0,1776,24,72,1,n137-1,,,,,0
13,13,74.0,1.0,74.0,1.0,1800,24,62,5,n147-1,,,,,0
13,13,74.0,1.0,74.0,1.0,1800,24,77,1,n141-1,,,,,0
13,13,74.0,1.0,74.0,1.0,1800,24,50,5,n146-1,I6,,,,0
13,13,74.0,1.0,74.0,1.0,1800,24,74,1,n140-1,,,,,0
13,13,74.0,1.0,74.0,1.0,1800,24,70,1,n139-1,,,,,0
14,14,75.0,1.0,75.0,1.0,1824,24,76,1,n150-1,,,,,0
14,14,75.0,1.0,75.0,1.0,1824,24,43,5,n157-1,viio6/V,,,,0
14,14,75.0,1.0,75.0,1.0,1824,24,70,1,n149-1,,,,,0
14,14,75.0,1.0,75.0,1.0,1824,24,55,5,n158-1,,,,,0
14,14,75.0,1.0,75.0,1.0,1824,24,67,1,n148-1,,,,,0
14,14,76.0,1.0,76.0,1.0,1848,24,45,5,n159-1,viio7,,,,0
14,14,76.0,1.0,76.0,1.0,1848,24,57,5,n160-1,,,,,0
14,14,76.0,1.0,76.0,1.0,1848,24,66,1,n151-1,,,,,0
14,14,76.0,1.0,76.0,1.0,1848,24,72,1,n152-1,,,,,0
14,14,76.0,1.0,76.0,1.0,1848,24,75,1,n153-1,,,,,0
14,14,77.0,1.0,77.0,1.0,1872,24,58,5,n162-1,,,,,0
14,14,77.0,1.0,77.0,1.0,1872,24,74,1,n156-1,,,,,0
14,14,77.0,1.0,77.0,1.0,1872,24,70,1,n155-1,,,,,0
14,14,77.0,1.0,77.0,1.0,1872,24,65,1,n154-1,,,,,0
14,14,77.0,1.0,77.0,1.0,1872,24,46,5,n161-1,I,,,,0
15,15,78.0,2.0,78.0,2.0,1896,48,51,5,n166-1,ii6,,,,0
15,15,79.0,1.0,79.0,1.0,1920,24,72,1,n164-1,,,,,0
15,15,80.0,1.0,80.0,1.0,1944,24,52,5,n167-1,viio7/V,,,,0
15,15,80.0,1.0,80.0,1.0,1944,24,73,1,n165-1,,,,,0
16,16,81.0,1.0,81.0,1.0,1968,24,53,5,n173-1,V,,,,0
16,16,81.0,1.0,81.0,1.0,1968,24,69,1,n169-1,,,,,0
16,16,81.0,0.0,81.0,0.0,1968,0,70,1,n168-1,,,,,0
16,16,82.0,1.0,82.0,1.0,1992,24,51,5,n174-1,V2,,,,0
16,16,82.0,0.5,82.0,0.5,1992,12,67,1,n170-1,,,,,0
16,16,82.5,0.5,82.5,0.5,2004,12,65,1,n171-1,,,,,0
16,16,83.0,1.0,83.0,1.0,2016,24,50,5,n175-1,I6,,,,0
16,16,83.0,1.0,83.0,1.0,2016,24,70,1,n172-1,,,,,0
17,17,84.0,1.0,84.0,1.0,2040,24,72,1,n176-1,,,,,0
17,17,84.0,1.0,84.0,1.0,2040,24,57,5,n186-1,viio,,,,0
17,17,84.0,1.0,84.0,1.0,2040,24,75,1,n177-1,,,,,0
17,17,85.0,1.0,85.0,1.0,2064,24,58,5,n187-1,I,,,,0
17,17,85.0,0.75,85.0,0.75,2064,18,74,1,n179-1,,,,,0
17,17,85.0,0.75,85.0,0.75,2064,18,70,1,n178-1,,,,,0
17,17,85.75,0.25,85.75,0.25,2082,6,69,1,n180-1,,,,,0
17,17,85.75,0.25,85.75,0.25,2082,6,72,1,n181-1,,,,,0
17,17,86.0,0.75,86.0,0.75,2088,18,74,1,n183-1,,,,,0
17,17,86.0,1.0,86.0,1.0,2088,24,52,5,n188-1,vii%7/V,,,,0
17,17,86.0,0.75,86.0,0.75,2088,18,70,1,n182-1,,,,,0
17,17,86.75,0.25,86.75,0.25,2106,6,75,1,n185-1,,,,,0
17,17,86.75,0.25,86.75,0.25,2106,6,72,1,n184-1,,,,,0
18,18,87.0,1.0,87.0,1.0,2112,24,70,1,n189-1,,,,,0
18,18,87.0,2.0,87.0,2.0,2112,48,53,5,n194-1,V(64)},1.0,3/4,},3
18,18,87.0,1.0,87.0,1.0,2112,24,74,1,n190-1,,,,,0
18,18,88.0,1.0,88.0,1.0,2136,24,72,1,n192-1,,,,,0
18,18,88.0,1.0,88.0,1.0,2136,24,69,1,n191-1,V|HC,,,,0
18,18,89.0,0.75,89.0,0.75,2160,18,62,5,n195-1,I6{,1.0,3/4,{,1
18,18,89.75,0.25,89.75,0.25,2178,6,63,5,n196-1,,,,,0
19,19,90.0,0.5,90.0,0.5,2184,12,60,5,n202-1,I,,,,0
19,19,90.5,0.5,90.5,0.5,2196,12,58,5,n203-1,,,,,0
19,19,91.0,1.0,91.0,1.0,2208,24,58,5,n204-1,,,,,0
19,19,91.0,1.0,91.0,1.0,2208,24,74,1,n198-1,,,,,0
19,19,91.0,1.0,91.0,1.0,2208,24,77,1,n199-1,,,,,0
19,19,92.0,1.0,92.0,1.0,2232,24,77,1,n201-1,,,,,0
19,19,92.0,1.0,92.0,1.0,2232,24,74,1,n200-1,,,,,0
19,19,92.0,1.0,92.0,1.0,2232,24,58,5,n205-1,,,,,0
20,20,93.0,1.0,93.0,1.0,2256,24,57,5,n210-1,V65,,,,0
20,20,93.0,1.0,93.0,1.0,2256,24,77,1,n207-1,,,,,0
20,20,93.0,1.0,93.0,1.0,2256,24,75,1,n206-1,,,,,0
20,20,95.0,0.75,95.0,0.75,2304,18,63,5,n212-1,,,,,0
20,20,95.75,0.25,95.75,0.25,2322,6,65,5,n213-1,,,,,0
21,21,96.0,0.5,96.0,0.5,2328,12,62,5,n219-1,viio6,,,,0
21,21,96.5,0.5,96.5,0.5,2340,12,60,5,n220-1,,,,,0
21,21,97.0,1.0,97.0,1.0,2352,24,81,1,n215-1,,,,,0
21,21,97.0,1.0,97.0,1.0,2352,24,87,1,n216-1,,,,,0
21,21,97.0,1.0,97.0,1.0,2352,24,60,5,n221-1,,,,,0
21,21,98.0,1.0,98.0,1.0,2376,24,60,5,n222-1,,,,,0
21,21,98.0,1.0,98.0,1.0,2376,24,81,1,n217-1,,,,,0
21,21,98.0,1.0,98.0,1.0,2376,24,87,1,n218-1,,,,,0
22,22,99.0,1.0,99.0,1.0,2400,24,86,1,n224-1,,,,,0
22,22,99.0,1.0,99.0,1.0,2400,24,82,1,n223-1,,,,,0
22,22,99.0,1.0,99.0,1.0,2400,24,58,5,n228-1,I,,,,0
22,22,101.0,0.75,101.0,0.75,2448,18,74,1,n226-1,,,,,0
22,22,101.0,0.75,101.0,0.75,2448,18,58,5,n230-1,,,,,0
22,22,101.75,0.25,101.75,0.25,2466,6,60,5,n231-1,,,,,0
22,22,101.75,0.25,101.75,0.25,2466,6,75,1,n227-1,,,,,0
23,23,102.0,0.5,102.0,0.5,2472,12,62,5,n238-1,,,,,0
23,23,102.0,0.5,102.0,0.5,2472,12,77,1,n232-1,,,,,0
23,23,102.0,7.0,102.0,7.0,2472,168,53,6,n244-1,V[I6,,,,0
23,23,102.5,0.5,102.5,0.5,2484,12,63,5,n239-1,,,,,0
23,23,102.5,0.5,102.5,0.5,2484,12,79,1,n233-1,,,,,0
23,23,103.0,0.5,103.0,0.5,2496,12,60,5,n240-1,V7,,,,0
23,23,103.0,0.5,103.0,0.5,2496,12,75,1,n234-1,,,,,0
23,23,103.5,0.5,103.5,0.5,2508,12,72,1,n235-1,,,,,0
23,23,103.5,0.5,103.5,0.5,2508,12,57,5,n241-1,,,,,0
23,23,104.0,0.5,104.0,0.5,2520,12,74,1,n236-1,,,,,0
23,23,104.0,0.5,104.0,0.5,2520,12,58,5,n242-1,I,,,,0
23,23,104.5,0.5,104.5,0.5,2532,12,60,5,n243-1,,,,,0
23,23,104.5,0.5,104.5,0.5,2532,12,75,1,n237-1,,,,,0
24,24,105.0,0.5,105.0,0.5,2544,12,62,5,n251-1,I6,,,,0
24,24,105.0,0.5,105.0,0.5,2544,12,77,1,n245-1,,,,,0
24,24,105.5,0.5,105.5,0.5,2556,12,63,5,n252-1,,,,,0
24,24,105.5,0.5,105.5,0.5,2556,12,79,1,n246-1,,,,,0
24,24,106.0,0.5,106.0,0.5,2568,12,60,5,n253-1,V7,,,,0
24,24,106.0,0.5,106.0,0.5,2568,12,75,1,n247-1,,,,,0
24,24,106.5,0.5,106.5,0.5,2580,12,72,1,n248-1,,,,,0
24,24,106.5,0.5,106.5,0.5,2580,12,57,5,n254-1,,,,,0
24,24,107.0,0.5,107.0,0.5,2592,12,58,5,n255-1,I,,,,0
24,24,107.0,0.5,107.0,0.5,2592,12,74,1,n249-1,,,,,0
24,24,107.5,0.5,107.5,0.5,2604,12,75,1,n250-1,,,,,0
24,24,107.5,0.5,107.5,0.5,2604,12,60,5,n256-1,,,,,0
25,25,108.0,0.5,108.0,0.5,2616,12,77,1,n258-1,,,,,0
25,25,108.0,1.0,108.0,1.0,2616,24,62,5,n264-1,I6],,,,0
25,25,108.5,0.5,108.5,0.5,2628,12,87,1,n259-1,,,,,0
25,25,109.0,0.5,109.0,0.5,2640,12,86,1,n260-1,,,,,0
25,25,109.5,0.5,109.5,0.5,2652,12,84,1,n261-1,,,,,0
25,25,110.0,0.5,110.0,0.5,2664,12,82,1,n262-1,,,,,0
25,25,110.5,0.5,110.5,0.5,2676,12,81,1,n263-1,,,,,0
26,26,111.0,0.5,111.0,0.5,2688,12,79,1,n270-1,,,,,0
26,26,111.5,0.5,111.5,0.5,2700,12,77,1,n271-1,,,,,0
26,26,112.0,0.5,112.0,0.5,2712,12,76,1,n272-1,,,,,0
26,26,112.5,0.5,112.5,0.5,2724,12,75,1,n273-1,,,,,0
26,26,113.0,0.5,113.0,0.5,2736,12,74,1,n274-1,,,,,0
26,26,113.5,0.5,113.5,0.5,2748,12,72,1,n275-1,,,,,0
27,27,114.0,0.75,114.0,0.75,2760,18,77,1,n278-1,V(64),,,,0
27,27,114.75,0.25,114.75,0.25,2778,6,79,1,n279-1,,,,,0
27,27,115.0,1.0,115.0,1.0,2784,24,70,1,n281-1,,,,,0
27,27,115.0,1.0,115.0,1.0,2784,24,65,1,n280-1,,,,,0
27,27,115.0,1.0,115.0,1.0,2784,24,53,5,n285-1,,,,,0
27,27,115.0,1.0,115.0,1.0,2784,24,62,5,n286-1,,,,,0
27,27,116.0,1.0,116.0,1.0,2808,24,53,5,n287-1,V7,,,,0
27,27,116.0,1.0,116.0,1.0,2808,24,60,5,n288-1,,,,,0
27,27,116.0,1.0,116.0,1.0,2808,24,63,1,n282-1,,,,,0
27,27,116.0,1.0,116.0,1.0,2808,24,69,1,n283-1,,,,,0
28,28,117.0,1.0,117.0,1.0,2832,24,62,1,n289-1,,,,,0
28,28,117.0,1.0,117.0,1.0,2832,24,70,1,n290-1,,,,,0
28,28,117.0,1.0,117.0,1.0,2832,24,58,5,n296-1,I|PAC},2.0,3/4,},3
28,28,118.0,1.0,118.0,1.0,2856,24,46,5,n297-1,,,,,0
28,28,119.0,0.75,119.0,0.75,2880,18,79,1,n293-1,,,,,0
28,28,119.0,0.75,119.0,0.75,2880,18,75,1,n292-1,IV{,1.0,3/4,{,1
28,28,119.75,0.25,119.75,0.25,2898,6,74,1,n294-1,,,,,0
28,28,119.75,0.25,119.75,0.25,2898,6,77,1,n295-1,,,,,0
29,29,120.0,1.0,120.0,1.0,2904,24,74,1,n299-1,I,,,,0
29,29,120.0,1.0,120.0,1.0,2904,24,77,1,n300-1,,,,,0
29,29,121.0,1.0,121.0,1.0,2928,24,70,5,n307-1,,,,,0
29,29,122.0,0.75,122.0,0.75,2952,18,75,1,n302-1,viio64,,,,0
29,29,122.0,0.75,122.0,0.75,2952,18,81,1,n303-1,,,,,0
29,29,122.75,0.25,122.75,0.25,2970,6,74,1,n304-1,,,,,0
29,29,122.75,0.25,122.75,0.25,2970,6,82,1,n305-1,,,,,0
30,30,123.0,1.0,123.0,1.0,2976,24,74,1,n309-1,I,,,,0
30,30,123.0,1.0,123.0,1.0,2976,24,82,1,n310-1,,,,,0
30,30,124.0,1.0,124.0,1.0,3000,24,58,5,n315-1,,,,,0
30,30,125.0,0.75,125.0,0.75,3024,18,74,1,n312-1,,,,,0
30,30,125.0,1.0,125.0,1.0,3024,24,55,5,n316-1,vi,,,,0
30,30,125.75,0.25,125.75,0.25,3042,6,70,1,n313-1,,,,,0
31,31,126.0,1.0,126.0,1.0,3048,24,51,5,n322-1,IV,,,,0
31,31,126.0,2.0,126.0,2.0,3048,48,67,2,n320-1,,,,,0
31,31,126.0,2.0,126.0,2.0,3048,48,75,1,n317-1,,,,,0
31,31,127.0,1.0,127.0,1.0,3072,24,48,5,n323-1,ii,,,,0
31,31,128.0,0.75,128.0,0.75,3096,18,72,1,n318-1,,,,,0
31,31,128.0,1.0,128.0,1.0,3096,24,63,2,n321-1,,,,,0
31,31,128.0,1.0,128.0,1.0,3096,24,53,5,n324-1,V7,,,,0
31,31,128.75,0.25,128.75,0.25,3114,6,69,1,n319-1,,,,,0
32,32,129.0,1.0,129.0,1.0,3120,24,58,5,n329-1,I|PAC},2.0,3/4,},3
32,32,129.0,1.0,129.0,1.0,3120,24,62,2,n327-1,,,,,0
32,32,129.0,1.0,129.0,1.0,3120,24,70,1,n325-1,,,,,0
32,32,130.0,1.0,130.0,1.0,3144,24,46,5,n330-1,,,,,0
X1,12,131.0,1.0,131.0,1.0,3168,24,53,5,n131-2,I.viio43/ii{,1.0,3/4,{,1
X1,12,131.0,1.0,131.0,1.0,3168,24,65,5,n132-2,,,,,0
X1,12,131.0,1.0,131.0,1.0,3168,24,74,1,n129-2,,,,,0
X1,12,131.0,1.0,131.0,1.0,3168,24,71,1,n128-2,,,,,0
X1,12,131.0,1.0,131.0,1.0,3168,24,80,1,n130-2,,,,,0
13,13,132.0,1.0,132.0,1.0,3192,24,52,5,n142-2,II6,,,,0
13,13,132.0,1.0,132.0,1.0,3192,24,64,5,n143-2,,,,,0
13,13,132.0,1.0,132.0,1.0,3192,24,79,1,n135-2,,,,,0
13,13,132.0,1.0,132.0,1.0,3192,24,76,1,n134-2,,,,,0
13,13,132.0,1.0,132.0,1.0,3192,24,72,1,n133-2,,,,,0
13,13,133.0,1.0,133.0,1.0,3216,24,63,5,n145-2,,,,,0
13,13,133.0,1.0,133.0,1.0,3216,24,69,1,n136-2,,,,,0
13,13,133.0,1.0,133.0,1.0,3216,24,72,1,n137-2,,,,,0
13,13,133.0,1.0,133.0,1.0,3216,24,78,1,n138-2,,,,,0
13,13,133.0,1.0,133.0,1.0,3216,24,51,5,n144-2,viio43,,,,0
13,13,134.0,1.0,134.0,1.0,3240,24,77,1,n141-2,,,,,0
13,13,134.0,1.0,134.0,1.0,3240,24,50,5,n146-2,I6,,,,0
13,13,134.0,1.0,134.0,1.0,3240,24,70,1,n139-2,,,,,0
13,13,134.0,1.0,134.0,1.0,3240,24,74,1,n140-2,,,,,0
13,13,134.0,1.0,134.0,1.0,3240,24,62,5,n147-2,,,,,0
14,14,135.0,1.0,135.0,1.0,3264,24,76,1,n150-2,,,,,0
14,14,135.0,1.0,135.0,1.0,3264,24,67,1,n148-2,,,,,0
14,14,135.0,1.0,135.0,1.0,3264,24,55,5,n158-2,,,,,0
14,14,135.0,1.0,135.0,1.0,3264,24,70,1,n149-2,,,,,0
14,14,135.0,1.0,135.0,1.0,3264,24,43,5,n157-2,viio6/V,,,,0
14,14,136.0,1.0,136.0,1.0,3288,24,45,5,n159-2,viio7,,,,0
14,14,136.0,1.0,136.0,1.0,3288,24,75,1,n153-2,,,,,0
14,14,136.0,1.0,136.0,1.0,3288,24,66,1,n151-2,,,,,0
14,14,136.0,1.0,136.0,1.0,3288,24,72,1,n152-2,,,,,0
14,14,136.0,1.0,136.0,1.0,3288,24,57,5,n160-2,,,,,0
14,14,137.0,1.0,137.0,1.0,3312,24,70,1,n155-2,,,,,0
14,14,137.0,1.0,137.0,1.0,3312,24,74,1,n156-2,,,,,0
14,14,137.0,1.0,137.0,1.0,3312,24,58,5,n162-2,,,,,0
14,14,137.0,1.0,137.0,1.0,3312,24,65,1,n154-2,,,,,0
14,14,137.0,1.0,137.0,1.0,3312,24,46,5,n161-2,I,,,,0
15,15,138.0,2.0,138.0,2.0,3336,48,51,5,n166-2,ii6,,,,0
15,15,139.0,1.0,139.0,1.0,3360,24,72,1,n164-2,,,,,0
15,15,140.0,1.0,140.0,1.0,3384,24,52,5,n167-2,viio7/V,,,,0
15,15,140.0,1.0,140.0,1.0,3384,24,73,1,n165-2,,,,,0
16,16,141.0,1.0,141.0,1.0,3408,24,69,1,n169-2,,,,,0
16,16,141.0,0.0,141.0,0.0,3408,0,70,1,n168-2,,,,,0
16,16,141.0,1.0,141.0,1.0,3408,24,53,5,n173-2,V,,,,0
16,16,142.0,0.5,142.0,0.5,3432,12,67,1,n170-2,,,,,0
16,16,142.0,1.0,142.0,1.0,3432,24,51,5,n174-2,V2,,,,0
16,16,142.5,0.5,142.5,0.5,3444,12,65,1,n171-2,,,,,0
16,16,143.0,1.0,143.0,1.0,3456,24,70,1,n172-2,,,,,0
16,16,143.0,1.0,143.0,1.0,3456,24,50,5,n175-2,I6,,,,0
17,17,144.0,1.0,144.0,1.0,3480,24,72,1,n176-2,,,,,0
17,17,144.0,1.0,144.0,1.0,3480,24,57,5,n186-2,viio,,,,0
17,17,144.0,1.0,144.0,1.0,3480,24,75,1,n177-2,,,,,0
17,17,145.0,0.75,145.0,0.75,3504,18,70,1,n178-2,,,,,0
17,17,145.0,0.75,145.0,0.75,3504,18,74,1,n179-2,,,,,0
17,17,145.0,1.0,145.0,1.0,3504,24,58,5,n187-2,I,,,,0
17,17,145.75,0.25,145.75,0.25,3522,6,69,1,n180-2,,,,,0
17,17,145.75,0.25,145.75,0.25,3522,6,72,1,n181-2,,,,,0
17,17,146.0,0.75,146.0,0.75,3528,18,74,1,n183-2,,,,,0
17,17,146.0,0.75,146.0,0.75,3528,18,70,1,n182-2,,,,,0
17,17,146.0,1.0,146.0,1.0,3528,24,52,5,n188-2,vii%7/V,,,,0
17,17,146.75,0.25,146.75,0.25,3546,6,75,1,n185-2,,,,,0
17,17,146.75,0.25,146.75,0.25,3546,6,72,1,n184-2,,,,,0
18,18,147.0,2.0,147.0,2.0,3552,48,53,5,n194-2,V(64)},1.0,3/4,},3
18,18,147.0,1.0,147.0,1.0,3552,24,70,1,n189-2,,,,,0
18,18,147.0,1.0,147.0,1.0,3552,24,74,1,n190-2,,,,,0
18,18,148.0,1.0,148.0,1.0,3576,24,72,1,n192-2,,,,,0
18,18,148.0,1.0,148.0,1.0,3576,24,69,1,n191-2,V|HC,,,,0
18,18,149.0,0.75,149.0,0.75,3600,18,62,5,n195-2,I6{,1.0,3/4,{,1
18,18,149.75,0.25,149.75,0.25,3618,6,63,5,n196-2,,,,,0
19,19,150.0,0.5,150.0,0.5,3624,12,60,5,n202-2,I,,,,0
19,19,150.5,0.5,150.5,0.5,3636,12,58,5,n203-2,,,,,0
19,19,151.0,1.0,151.0,1.0,3648,24,58,5,n204-2,,,,,0
19,19,151.0,1.0,151.0,1.0,3648,24,74,1,n198-2,,,,,0
19,19,151.0,1.0,151.0,1.0,3648,24,77,1,n199-2,,,,,0
19,19,152.0,1.0,152.0,1.0,3672,24,58,5,n205-2,,,,,0
19,19,152.0,1.0,152.0,1.0,3672,24,74,1,n200-2,,,,,0
19,19,152.0,1.0,152.0,1.0,3672,24,77,1,n201-2,,,,,0
20,20,153.0,1.0,153.0,1.0,3696,24,77,1,n207-2,,,,,0
20,20,153.0,1.0,153.0,1.0,3696,24,75,1,n206-2,,,,,0
20,20,153.0,1.0,153.0,1.0,3696,24,57,5,n210-2,V65,,,,0
20,20,155.0,0.75,155.0,0.75,3744,18,63,5,n212-2,,,,,0
20,20,155.75,0.25,155.75,0.25,3762,6,65,5,n213-2,,,,,0
21,21,156.0,0.5,156.0,0.5,3768,12,62,5,n219-2,viio6,,,,0
21,21,156.5,0.5,156.5,0.5,3780,12,60,5,n220-2,,,,,0
21,21,157.0,1.0,157.0,1.0,3792,24,60,5,n221-2,,,,,0
21,21,157.0,1.0,157.0,1.0,3792,24,81,1,n215-2,,,,,0
21,21,157.0,1.0,157.0,1.0,3792,24,87,1,n216-2,,,,,0
21,21,158.0,1.0,158.0,1.0,3816,24,60,5,n222-2,,,,,0
21,21,158.0,1.0,158.0,1.0,3816,24,87,1,n218-2,,,,,0
21,21,158.0,1.0,158.0,1.0,3816,24,81,1,n217-2,,,,,0
22,22,159.0,1.0,159.0,1.0,3840,24,86,1,n224-2,,,,,0
22,22,159.0,1.0,159.0,1.0,3840,24,82,1,n223-2,,,,,0
22,22,159.0,1.0,159.0,1.0,3840,24,58,5,n228-2,I,,,,0
22,22,161.0,0.75,161.0,0.75,3888,18,74,1,n226-2,,,,,0
22,22,161.0,0.75,161.0,0.75,3888,18,58,5,n230-2,,,,,0
22,22,161.75,0.25,161.75,0.25,3906,6,60,5,n231-2,,,,,0
22,22,161.75,0.25,161.75,0.25,3906,6,75,1,n227-2,,,,,0
23,23,162.0,0.5,162.0,0.5,3912,12,62,5,n238-2,,,,,0
23,23,162.0,0.5,162.0,0.5,3912,12,77,1,n232-2,,,,,0
23,23,162.0,7.0,162.0,7.0,3912,168,53,6,n244-2,V[I6,,,,0
23,23,162.5,0.5,162.5,0.5,3924,12,79,1,n233-2,,,,,0
23,23,162.5,0.5,162.5,0.5,3924,12,63,5,n239-2,,,,,0
23,23,163.0,0.5,163.0,0.5,3936,12,75,1,n234-2,,,,,0
23,23,163.0,0.5,163.0,0.5,3936,12,60,5,n240-2,V7,,,,0
23,23,163.5,0.5,163.5,0.5,3948,12,72,1,n235-2,,,,,0
23,23,163.5,0.5,163.5,0.5,3948,12,57,5,n241-2,,,,,0
23,23,164.0,0.5,164.0,0.5,3960,12,58,5,n242-2,I,,,,0
23,23,164.0,0.5,164.0,0.5,3960,12,74,1,n236-2,,,,,0
23,23,164.5,0.5,164.5,0.5,3972,12,60,5,n243-2,,,,,0
23,23,164.5,0.5,164.5,0.5,3972,12,75,1,n237-2,,,,,0
24,24,165.0,0.5,165.0,0.5,3984,12,62,5,n251-2,I6,,,,0
24,24,165.0,0.5,165.0,0.5,3984,12,77,1,n245-2,,,,,0
24,24,165.5,0.5,165.5,0.5,3996,12,63,5,n252-2,,,,,0
24,24,165.5,0.5,165.5,0.5,3996,12,79,1,n246-2,,,,,0
24,24,166.0,0.5,166.0,0.5,4008,12,60,5,n253-2,V7,,,,0
24,24,166.0,0.5,166.0,0.5,4008,12,75,1,n247-2,,,,,0
24,24,166.5,0.5,166.5,0.5,4020,12,72,1,n248-2,,,,,0
24,24,166.5,0.5,166.5,0.5,4020,12,57,5,n254-2,,,,,0
24,24,167.0,0.5,167.0,0.5,4032,12,58,5,n255-2,I,,,,0
24,24,167.0,0.5,167.0,0.5,4032,12,74,1,n249-2,,,,,0
24,24,167.5,0.5,167.5,0.5,4044,12,75,1,n250-2,,,,,0
24,24,167.5,0.5,167.5,0.5,4044,12,60,5,n256-2,,,,,0
25,25,168.0,1.0,168.0,1.0,4056,24,62,5,n264-2,I6],,,,0
25,25,168.0,0.5,168.0,0.5,4056,12,77,1,n258-2,,,,,0
25,25,168.5,0.5,168.5,0.5,4068,12,87,1,n259-2,,,,,0
25,25,169.0,0.5,169.0,0.5,4080,12,86,1,n260-2,,,,,0
25,25,169.5,0.5,169.5,0.5,4092,12,84,1,n261-2,,,,,0
25,25,170.0,0.5,170.0,0.5,4104,12,82,1,n262-2,,,,,0
25,25,170.5,0.5,170.5,0.5,4116,12,81,1,n263-2,,,,,0
26,26,171.0,0.5,171.0,0.5,4128,12,79,1,n270-2,,,,,0
26,26,171.5,0.5,171.5,0.5,4140,12,77,1,n271-2,,,,,0
26,26,172.0,0.5,172.0,0.5,4152,12,76,1,n272-2,,,,,0
26,26,172.5,0.5,172.5,0.5,4164,12,75,1,n273-2,,,,,0
26,26,173.0,0.5,173.0,0.5,4176,12,74,1,n274-2,,,,,0
26,26,173.5,0.5,173.5,0.5,4188,12,72,1,n275-2,,,,,0
27,27,174.0,0.75,174.0,0.75,4200,18,77,1,n278-2,V(64),,,,0
27,27,174.75,0.25,174.75,0.25,4218,6,79,1,n279-2,,,,,0
27,27,175.0,1.0,175.0,1.0,4224,24,65,1,n280-2,,,,,0
27,27,175.0,1.0,175.0,1.0,4224,24,62,5,n286-2,,,,,0
27,27,175.0,1.0,175.0,1.0,4224,24,53,5,n285-2,,,,,0
27,27,175.0,1.0,175.0,1.0,4224,24,70,1,n281-2,,,,,0
27,27,176.0,1.0,176.0,1.0,4248,24,69,1,n283-2,,,,,0
27,27,176.0,1.0,176.0,1.0,4248,24,53,5,n287-2,V7,,,,0
27,27,176.0,1.0,176.0,1.0,4248,24,60,5,n288-2,,,,,0
27,27,176.0,1.0,176.0,1.0,4248,24,63,1,n282-2,,,,,0
28,28,177.0,1.0,177.0,1.0,4272,24,62,1,n289-2,,,,,0
28,28,177.0,1.0,177.0,1.0,4272,24,58,5,n296-2,I|PAC},2.0,3/4,},3
28,28,177.0,1.0,177.0,1.0,4272,24,70,1,n290-2,,,,,0
28,28,178.0,1.0,178.0,1.0,4296,24,46,5,n297-2,,,,,0
28,28,179.0,0.75,179.0,0.75,4320,18,79,1,n293-2,,,,,0
28,28,179.0,0.75,179.0,0.75,4320,18,75,1,n292-2,IV{,1.0,3/4,{,1
28,28,179.75,0.25,179.75,0.25,4338,6,74,1,n294-2,,,,,0
28,28,179.75,0.25,179.75,0.25,4338,6,77,1,n295-2,,,,,0
29,29,180.0,1.0,180.0,1.0,4344,24,74,1,n299-2,I,,,,0
29,29,180.0,1.0,180.0,1.0,4344,24,77,1,n300-2,,,,,0
29,29,181.0,1.0,181.0,1.0,4368,24,70,5,n307-2,,,,,0
29,29,182.0,0.75,182.0,0.75,4392,18,81,1,n303-2,,,,,0
29,29,182.0,0.75,182.0,0.75,4392,18,75,1,n302-2,viio64,,,,0
29,29,182.75,0.25,182.75,0.25,4410,6,74,1,n304-2,,,,,0
29,29,182.75,0.25,182.75,0.25,4410,6,82,1,n305-2,,,,,0
30,30,183.0,1.0,183.0,1.0,4416,24,82,1,n310-2,,,,,0
30,30,183.0,1.0,183.0,1.0,4416,24,74,1,n309-2,I,,,,0
30,30,184.0,1.0,184.0,1.0,4440,24,58,5,n315-2,,,,,0
30,30,185.0,0.75,185.0,0.75,4464,18,74,1,n312-2,,,,,0
30,30,185.0,1.0,185.0,1.0,4464,24,55,5,n316-2,vi,,,,0
30,30,185.75,0.25,185.75,0.25,4482,6,70,1,n313-2,,,,,0
31,31,186.0,2.0,186.0,2.0,4488,48,75,1,n317-2,,,,,0
31,31,186.0,2.0,186.0,2.0,4488,48,67,2,n320-2,,,,,0
31,31,186.0,1.0,186.0,1.0,4488,24,51,5,n322-2,IV,,,,0
31,31,187.0,1.0,187.0,1.0,4512,24,48,5,n323-2,ii,,,,0
31,31,188.0,1.0,188.0,1.0,4536,24,53,5,n324-2,V7,,,,0
31,31,188.0,0.75,188.0,0.75,4536,18,72,1,n318-2,,,,,0
31,31,188.0,1.0,188.0,1.0,4536,24,63,2,n321-2,,,,,0
31,31,188.75,0.25,188.75,0.25,4554,6,69,1,n319-2,,,,,0
32,32,189.0,1.0,189.0,1.0,4560,24,62,2,n327-2,,,,,0
32,32,189.0,1.0,189.0,1.0,4560,24,70,1,n325-2,,,,,0
32,32,189.0,1.0,189.0,1.0,4560,24,58,5,n329-2,I|PAC},2.0,3/4,},3
32,32,190.0,1.0,190.0,1.0,4584,24,46,5,n330-2,,,,,0
X2,32,191.0,0.25,191.0,0.25,4608,6,70,1,n331-1,IV.V[V{,1.0,3/4,{,1
X2,32,191.25,0.25,191.25,0.25,4614,6,72,1,n332-1,,,,,0
X2,32,191.5,0.25,191.5,0.25,4620,6,70,1,n333-1,,,,,0
X2,32,191.75,0.25,191.75,0.25,4626,6,69,1,n334-1,,,,,0
33,33,192.0,1.0,192.0,1.0,4632,24,70,1,n336-1,,,,,0
33,33,192.0,1.0,192.0,1.0,4632,24,67,5,n341-1,,,,,0
33,33,192.0,0.5,192.0,0.5,4632,12,63,6,n344-1,I,,,,0
33,33,192.5,0.5,192.5,0.5,4644,12,58,6,n345-1,,,,,0
33,33,193.0,0.5,193.0,0.5,4656,12,63,6,n346-1,,,,,0
33,33,193.0,1.0,193.0,1.0,4656,24,67,5,n342-1,,,,,0
33,33,193.5,0.5,193.5,0.5,4668,12,58,6,n347-1,,,,,0
33,33,193.75,0.25,193.75,0.25,4674,6,70,1,n338-1,,,,,0
33,33,194.0,1.0,194.0,1.0,4680,24,67,5,n343-1,,,,,0
33,33,194.0,0.75,194.0,0.75,4680,18,75,1,n339-1,,,,,0
33,33,194.0,0.5,194.0,0.5,4680,12,63,6,n348-1,,,,,0
33,33,194.5,0.5,194.5,0.5,4692,12,58,6,n349-1,,,,,0
33,33,194.75,0.25,194.75,0.25,4698,6,75,1,n340-1,,,,,0
34,34,195.0,1.0,195.0,1.0,4704,24,75,1,n350-1,,,,,0
34,34,195.0,0.5,195.0,0.5,4704,12,65,6,n359-1,V7(4),,,,0
34,34,195.0,1.0,195.0,1.0,4704,24,68,5,n356-1,,,,,0
34,34,195.5,0.5,195.5,0.5,4716,12,58,6,n360-1,,,,,0
34,34,196.0,1.0,196.0,1.0,4728,24,74,1,n351-1,,,,,0
34,34,196.0,1.0,196.0,1.0,4728,24,68,5,n357-1,,,,,0
34,34,196.0,0.5,196.0,0.5,4728,12,65,6,n361-1,V7,,,,0
34,34,196.5,0.5,196.5,0.5,4740,12,58,6,n362-1,,,,,0
34,34,197.0,1.0,197.0,1.0,4752,24,68,5,n358-1,,,,,0
34,34,197.0,0.5,197.0,0.5,4752,12,65,6,n363-1,,,,,0
34,34,197.0,0.25,197.0,0.25,4752,6,70,1,n352-1,,,,,0
34,34,197.25,0.25,197.25,0.25,4758,6,72,1,n353-1,,,,,0
34,34,197.5,0.5,197.5,0.5,4764,12,58,6,n364-1,,,,,0
34,34,197.5,0.25,197.5,0.25,4764,6,70,1,n354-1,,,,,0
34,34,197.75,0.25,197.75,0.25,4770,6,69,1,n355-1,,,,,0
35,35,198.0,0.5,198.0,0.5,4776,12,63,6,n373-1,I,,,,0
35,35,198.0,1.0,198.0,1.0,4776,24,70,1,n365-1,,,,,0
35,35,198.0,1.0,198.0,1.0,4776,24,67,5,n370-1,,,,,0
35,35,198.5,0.5,198.5,0.5,4788,12,58,6,n374-1,,,,,0
35,35,199.0,1.0,199.0,1.0,4800,24,67,5,n371-1,,,,,0
35,35,199.0,0.5,199.0,0.5,4800,12,63,6,n375-1,,,,,0
35,35,199.5,0.5,199.5,0.5,4812,12,58,6,n376-1,,,,,0
35,35,199.75,0.25,199.75,0.25,4818,6,70,1,n367-1,,,,,0
35,35,200.0,1.0,200.0,1.0,4824,24,67,5,n372-1,,,,,0
35,35,200.0,0.75,200.0,0.75,4824,18,79,1,n368-1,,,,,0
35,35,200.0,0.5,200.0,0.5,4824,12,63,6,n377-1,,,,,0
35,35,200.5,0.5,200.5,0.5,4836,12,58,6,n378-1,,,,,0
35,35,200.75,0.25,200.75,0.25,4842,6,79,1,n369-1,,,,,0
36,36,201.0,1.0,201.0,1.0,4848,24,65,5,n385-1,,,,,0
36,36,201.0,0.5,201.0,0.5,4848,12,62,6,n388-1,V7],,,,0
36,36,201.0,1.0,201.0,1.0,4848,24,82,1,n379-1,,,,,0
36,36,201.5,0.5,201.5,0.5,4860,12,58,6,n389-1,,,,,0
36,36,202.0,0.5,202.0,0.5,4872,12,62,6,n390-1,,,,,0
36,36,202.0,1.0,202.0,1.0,4872,24,80,1,n380-1,,,,,0
36,36,202.0,1.0,202.0,1.0,4872,24,65,5,n386-1,,,,,0
36,36,202.5,0.5,202.5,0.5,4884,12,58,6,n391-1,,,,,0
36,36,203.0,0.25,203.0,0.25,4896,6,80,1,n381-1,,,,,0
36,36,203.0,0.5,203.0,0.5,4896,12,62,6,n392-1,,,,,0
36,36,203.0,1.0,203.0,1.0,4896,24,65,5,n387-1,,,,,0
36,36,203.25,0.25,203.25,0.25,4902,6,82,1,n382-1,,,,,0
36,36,203.5,0.5,203.5,0.5,4908,12,58,6,n393-1,,,,,0
36,36,203.5,0.25,203.5,0.25,4908,6,80,1,n383-1,,,,,0
36,36,203.75,0.25,203.75,0.25,4914,6,77,1,n384-1,,,,,0
37,37,204.0,1.0,204.0,1.0,4920,24,63,5,n404-1,I,,,,0
37,37,204.0,0.25,204.0,0.25,4920,6,79,1,n394-1,,,,,0
37,37,204.25,0.25,204.25,0.25,4926,6,80,1,n395-1,,,,,0
37,37,204.5,0.25,204.5,0.25,4932,6,79,1,n396-1,,,,,0
37,37,204.75,0.25,204.75,0.25,4938,6,75,1,n397-1,,,,,0
37,37,205.0,0.33333334,205.0,0.33333334,4944,8,82,1,n398-1,,,,,0
37,37,205.33333,0.33333334,205.33333,0.33333334,4952,8,80,1,n399-1,,,,,0
37,37,205.66667,0.33333334,205.66667,0.33333334,4960,8,79,1,n400-1,,,,,0
37,37,206.0,0.33333334,206.0,0.33333334,4968,8,77,1,n401-1,,,,,0
37,37,206.0,1.0,206.0,1.0,4968,24,43,5,n406-1,V65/IV,,,,0
37,37,206.0,1.0,206.0,1.0,4968,24,55,5,n407-1,,,,,0
37,37,206.33333,0.33333334,206.33333,0.33333334,4976,8,75,1,n402-1,,,,,0
37,37,206.66667,0.33333334,206.66667,0.33333334,4984,8,73,1,n403-1,,,,,0
38,38,207.0,0.25,207.0,0.25,4992,6,72,1,n408-1,,,,,0
38,38,207.0,1.0,207.0,1.0,4992,24,56,6,n422-1,,,,,0
38,38,207.0,1.0,207.0,1.0,4992,24,44,6,n421-1,IV,,,,0
38,38,207.25,0.25,207.25,0.25,4998,6,73,1,n409-1,,,,,0
38,38,207.5,0.25,207.5,0.25,5004,6,72,1,n410-1,,,,,0
38,38,207.75,0.25,207.75,0.25,5010,6,68,1,n411-1,,,,,0
38,38,208.0,0.33333334,208.0,0.33333334,5016,8,84,1,n412-1,,,,,0
38,38,208.33333,0.33333334,208.33333,0.33333334,5024,8,82,1,n413-1,,,,,0
38,38,208.66667,0.33333334,208.66667,0.33333334,5032,8,80,1,n414-1,,,,,0
38,38,209.0,1.0,209.0,1.0,5040,24,58,6,n424-1,#viio43/ii,,,,0
38,38,209.0,1.0,209.0,1.0,5040,24,61,5,n420-1,,,,,0
38,38,209.0,0.33333334,209.0,0.33333334,5040,8,79,1,n415-1,,,,,0
38,38,209.33333,0.33333334,209.33333,0.33333334,5048,8,77,1,n416-1,,,,,0
38,38,209.66667,0.33333334,209.66667,0.33333334,5056,8,76,1,n417-1,,,,,0
39,39,210.0,1.0,210.0,1.0,5064,24,60,5,n435-1,,,,,0
39,39,210.0,0.25,210.0,0.25,5064,6,77,1,n425-1,,,,,0
39,39,210.0,1.0,210.0,1.0,5064,24,56,6,n440-1,ii6,,,,0
39,39,210.25,0.25,210.25,0.25,5070,6,79,1,n426-1,,,,,0
39,39,210.5,0.25,210.5,0.25,5076,6,77,1,n427-1,,,,,0
39,39,210.75,0.25,210.75,0.25,5082,6,72,1,n428-1,,,,,0
39,39,211.0,0.33333334,211.0,0.33333334,5088,8,84,1,n429-1,,,,,0
39,39,211.33333,0.33333334,211.33333,0.33333334,5096,8,82,1,n430-1,,,,,0
39,39,211.66667,0.33333334,211.66667,0.33333334,5104,8,80,1,n431-1,,,,,0
39,39,212.0,0.33333334,212.0,0.33333334,5112,8,79,1,n432-1,,,,,0
39,39,212.0,1.0,212.0,1.0,5112,24,57,6,n442-1,vii%7/V,,,,0
39,39,212.0,0.33333334,212.0,0.33333334,5112,8,63,5,n437-1,,,,,0
39,39,212.33333,0.33333334,212.33333,0.33333334,5120,8,77,1,n433-1,,,,,0
39,39,212.33333,0.33333334,212.33333,0.33333334,5120,8,65,5,n438-1,,,,,0
39,39,212.66667,0.33333334,212.66667,0.33333334,5128,8,75,1,n434-1,,,,,0
39,39,212.66667,0.33333334,212.66667,0.33333334,5128,8,67,5,n439-1,,,,,0
40,40,213.0,2.0,213.0,2.0,5136,48,58,6,n452-1,V(64)},1.0,3/4,},3
40,40,213.0,1.0,213.0,1.0,5136,24,67,5,n449-1,,,,,0
40,40,213.0,1.0,213.0,1.0,5136,24,75,1,n443-1,,,,,0
40,40,214.0,1.0,214.0,1.0,5160,24,65,5,n450-1,V|HC,,,,0
40,40,214.0,1.0,214.0,1.0,5160,24,74,1,n444-1,,,,,0
40,40,215.0,0.5,215.0,0.5,5184,12,58,6,n453-1,I.I{,1.0,3/4,{,1
40,40,215.0,0.25,215.0,0.25,5184,6,77,1,n445-1,,,,,0
40,40,215.25,0.25,215.25,0.25,5190,6,79,1,n446-1,,,,,0
40,40,215.5,0.25,215.5,0.25,5196,6,77,1,n447-1,,,,,0
40,40,215.5,0.5,215.5,0.5,5196,12,65,6,n454-1,,,,,0
40,40,215.75,0.25,215.75,0.25,5202,6,74,1,n448-1,,,,,0
41,41,216.0,0.5,216.0,0.5,5208,12,60,5,n461-1,V43,,,,0
41,41,216.0,1.0,216.0,1.0,5208,24,75,1,n455-1,,,,,0
41,41,216.5,0.5,216.5,0.5,5220,12,65,5,n462-1,,,,,0
41,41,217.0,0.5,217.0,0.5,5232,12,63,5,n463-1,V2,,,,0
41,41,217.0,1.0,217.0,1.0,5232,24,72,1,n456-1,,,,,0
41,41,217.5,0.5,217.5,0.5,5244,12,65,5,n464-1,,,,,0
41,41,218.0,0.5,218.0,0.5,5256,12,63,5,n465-1,,,,,0
41,41,218.0,0.25,218.0,0.25,5256,6,81,1,n457-1,,,,,0
41,41,218.25,0.25,218.25,0.25,5262,6,82,1,n458-1,,,,,0
41,41,218.5,0.25,218.5,0.25,5268,6,81,1,n459-1,,,,,0
41,41,218.5,0.5,218.5,0.5,5268,12,65,5,n466-1,,,,,0
41,41,218.75,0.25,218.75,0.25,5274,6,77,1,n460-1,,,,,0
42,42,219.0,0.5,219.0,0.5,5280,12,62,5,n473-1,I6,,,,0
42,42,219.0,1.0,219.0,1.0,5280,24,82,1,n467-1,,,,,0
42,42,219.5,0.5,219.5,0.5,5292,12,65,5,n474-1,,,,,0
42,42,220.0,0.5,220.0,0.5,5304,12,58,5,n475-1,I,,,,0
42,42,220.0,1.0,220.0,1.0,5304,24,86,1,n468-1,,,,,0
42,42,220.5,0.5,220.5,0.5,5316,12,65,5,n476-1,,,,,0
42,42,221.0,0.25,221.0,0.25,5328,6,77,1,n469-1,,,,,0
42,42,221.0,0.5,221.0,0.5,5328,12,58,5,n477-1,,,,,0
42,42,221.25,0.25,221.25,0.25,5334,6,79,1,n470-1,,,,,0
42,42,221.5,0.5,221.5,0.5,5340,12,65,5,n478-1,,,,,0
42,42,221.5,0.25,221.5,0.25,5340,6,77,1,n471-1,,,,,0
42,42,221.75,0.25,221.75,0.25,5346,6,74,1,n472-1,,,,,0
43,43,222.0,1.0,222.0,1.0,5352,24,75,1,n479-1,,,,,0
43,43,222.0,0.5,222.0,0.5,5352,12,60,5,n485-1,V43,,,,0
43,43,222.5,0.5,222.5,0.5,5364,12,65,5,n486-1,,,,,0
43,43,223.0,0.5,223.0,0.5,5376,12,63,5,n487-1,V2,,,,0
43,43,223.0,1.0,223.0,1.0,5376,24,72,1,n480-1,,,,,0
43,43,223.5,0.5,223.5,0.5,5388,12,65,5,n488-1,,,,,0
43,43,224.0,0.5,224.0,0.5,5400,12,63,5,n489-1,,,,,0
43,43,224.0,0.25,224.0,0.25,5400,6,81,1,n481-1,,,,,0
43,43,224.25,0.25,224.25,0.25,5406,6,82,1,n482-1,,,,,0
43,43,224.5,0.5,224.5,0.5,5412,12,65,5,n490-1,,,,,0
43,43,224.5,0.25,224.5,0.25,5412,6,81,1,n483-1,,,,,0
43,43,224.75,0.25,224.75,0.25,5418,6,77,1,n484-1,,,,,0
44,44,225.0,1.0,225.0,1.0,5424,24,82,1,n491-1,,,,,0
44,44,225.0,0.5,225.0,0.5,5424,12,62,5,n497-1,I6,,,,0
44,44,225.5,0.5,225.5,0.5,5436,12,65,5,n498-1,,,,,0
44,44,226.0,1.0,226.0,1.0,5448,24,58,5,n499-1,I,,,,0
44,44,226.0,1.0,226.0,1.0,5448,24,86,1,n492-1,,,,,0
44,44,227.0,0.5,227.0,0.5,5472,12,82,1,n494-1,,,,,0
44,44,227.0,0.0,227.0,0.0,5472,0,84,1,n493-1,,,,,0
44,44,227.5,0.25,227.5,0.25,5484,6,81,1,n495-1,,,,,0
44,44,227.75,0.25,227.75,0.25,5490,6,79,1,n496-1,,,,,0
45,45,228.0,1.0,228.0,1.0,5496,24,77,1,n502-1,,,,,0
45,45,228.0,0.0,228.0,0.0,5496,0,79,1,n501-1,,,,,0
45,45,229.0,1.0,229.0,1.0,5520,24,50,6,n510-1,I6,,,,0
45,45,229.0,1.0,229.0,1.0,5520,24,77,1,n503-1,,,,,0
45,45,229.0,1.0,229.0,1.0,5520,24,58,5,n508-1,,,,,0
45,45,230.0,0.0,230.0,0.0,5544,0,79,1,n504-1,,,,,0
45,45,230.0,0.5,230.0,0.5,5544,12,77,1,n505-1,,,,,0
45,45,230.0,1.0,230.0,1.0,5544,24,58,5,n509-1,,,,,0
45,45,230.0,1.0,230.0,1.0,5544,24,50,6,n511-1,,,,,0
45,45,230.5,0.25,230.5,0.25,5556,6,75,1,n506-1,,,,,0
45,45,230.75,0.25,230.75,0.25,5562,6,74,1,n507-1,,,,,0
46,46,231.0,0.0,231.0,0.0,5568,0,74,1,n512-1,,,,,0
46,46,231.0,1.0,231.0,1.0,5568,24,72,1,n513-1,,,,,0
46,46,232.0,1.0,232.0,1.0,5592,24,51,6,n518-1,ii65,,,,0
46,46,232.0,1.0,232.0,1.0,5592,24,58,5,n516-1,,,,,0
46,46,232.0,1.0,232.0,1.0,5592,24,72,1,n514-1,,,,,0
46,46,233.0,1.0,233.0,1.0,5616,24,52,6,n519-1,V65/V,,,,0
46,46,233.0,1.0,233.0,1.0,5616,24,72,1,n515-1,,,,,0
46,46,233.0,1.0,233.0,1.0,5616,24,58,5,n517-1,,,,,0
47,47,234.0,0.125,234.0,0.125,5640,3,74,1,n520-1,,,,,0
47,47,234.0,0.125,234.0,0.125,5640,3,58,5,n528-1,,,,,0
47,47,234.0,1.0,234.0,1.0,5640,24,53,6,n536-1,V(64),,,,0
47,47,234.125,0.125,234.125,0.125,5643,3,75,1,n521-1,,,,,0
47,47,234.125,0.125,234.125,0.125,5643,3,60,5,n529-1,,,,,0
47,47,234.25,0.75,234.25,0.75,5646,18,62,5,n530-1,,,,,0
47,47,234.25,0.75,234.25,0.75,5646,18,77,1,n522-1,,,,,0
47,47,236.0,0.0,236.0,0.0,5688,0,77,1,n524-1,,,,,0
47,47,236.0,0.5,236.0,0.5,5688,12,75,1,n525-1,,,,,0
47,47,236.0,0.0,236.0,0.0,5688,0,62,5,n532-1,,,,,0
47,47,236.0,0.5,236.0,0.5,5688,12,60,5,n533-1,,,,,0
47,47,236.0,1.0,236.0,1.0,5688,24,53,6,n537-1,V7,,,,0
47,47,236.5,0.25,236.5,0.25,5700,6,74,1,n526-1,,,,,0
47,47,236.5,0.25,236.5,0.25,5700,6,58,5,n534-1,,,,,0
47,47,236.75,0.25,236.75,0.25,5706,6,57,5,n535-1,,,,,0
47,47,236.75,0.25,236.75,0.25,5706,6,72,1,n527-1,,,,,0
48,48,237.0,1.0,237.0,1.0,5712,24,70,1,n538-1,,,,,0
48,48,237.0,1.0,237.0,1.0,5712,24,58,5,n540-1,I|PAC},3.0,3/4,},3
48,48,238.0,1.0,238.0,1.0,5736,24,46,5,n541-1,,,,,0
X2,32,239.0,0.25,239.0,0.25,5760,6,70,1,n331-2,IV.V[V{,1.0,3/4,{,1
X2,32,239.25,0.25,239.25,0.25,5766,6,72,1,n332-2,,,,,0
X2,32,239.5,0.25,239.5,0.25,5772,6,70,1,n333-2,,,,,0
X2,32,239.75,0.25,239.75,0.25,5778,6,69,1,n334-2,,,,,0
33,33,240.0,0.5,240.0,0.5,5784,12,63,6,n344-2,I,,,,0
33,33,240.0,1.0,240.0,1.0,5784,24,67,5,n341-2,,,,,0
33,33,240.0,1.0,240.0,1.0,5784,24,70,1,n336-2,,,,,0
33,33,240.5,0.5,240.5,0.5,5796,12,58,6,n345-2,,,,,0
33,33,241.0,0.5,241.0,0.5,5808,12,63,6,n346-2,,,,,0
33,33,241.0,1.0,241.0,1.0,5808,24,67,5,n342-2,,,,,0
33,33,241.5,0.5,241.5,0.5,5820,12,58,6,n347-2,,,,,0
33,33,241.75,0.25,241.75,0.25,5826,6,70,1,n338-2,,,,,0
33,33,242.0,0.5,242.0,0.5,5832,12,63,6,n348-2,,,,,0
33,33,242.0,0.75,242.0,0.75,5832,18,75,1,n339-2,,,,,0
33,33,242.0,1.0,242.0,1.0,5832,24,67,5,n343-2,,,,,0
33,33,242.5,0.5,242.5,0.5,5844,12,58,6,n349-2,,,,,0
33,33,242.75,0.25,242.75,0.25,5850,6,75,1,n340-2,,,,,0
34,34,243.0,1.0,243.0,1.0,5856,24,68,5,n356-2,,,,,0
34,34,243.0,0.5,243.0,0.5,5856,12,65,6,n359-2,V7(4),,,,0
34,34,243.0,1.0,243.0,1.0,5856,24,75,1,n350-2,,,,,0
34,34,243.5,0.5,243.5,0.5,5868,12,58,6,n360-2,,,,,0
34,34,244.0,1.0,244.0,1.0,5880,24,74,1,n351-2,,,,,0
34,34,244.0,1.0,244.0,1.0,5880,24,68,5,n357-2,,,,,0
34,34,244.0,0.5,244.0,0.5,5880,12,65,6,n361-2,V7,,,,0
34,34,244.5,0.5,244.5,0.5,5892,12,58,6,n362-2,,,,,0
34,34,245.0,0.5,245.0,0.5,5904,12,65,6,n363-2,,,,,0
34,34,245.0,1.0,245.0,1.0,5904,24,68,5,n358-2,,,,,0
34,34,245.0,0.25,245.0,0.25,5904,6,70,1,n352-2,,,,,0
34,34,245.25,0.25,245.25,0.25,5910,6,72,1,n353-2,,,,,0
34,34,245.5,0.5,245.5,0.5,5916,12,58,6,n364-2,,,,,0
34,34,245.5,0.25,245.5,0.25,5916,6,70,1,n354-2,,,,,0
34,34,245.75,0.25,245.75,0.25,5922,6,69,1,n355-2,,,,,0
35,35,246.0,1.0,246.0,1.0,5928,24,70,1,n365-2,,,,,0
35,35,246.0,0.5,246.0,0.5,5928,12,63,6,n373-2,I,,,,0
35,35,246.0,1.0,246.0,1.0,5928,24,67,5,n370-2,,,,,0
35,35,246.5,0.5,246.5,0.5,5940,12,58,6,n374-2,,,,,0
35,35,247.0,1.0,247.0,1.0,5952,24,67,5,n371-2,,,,,0
35,35,247.0,0.5,247.0,0.5,5952,12,63,6,n375-2,,,,,0
35,35,247.5,0.5,247.5,0.5,5964,12,58,6,n376-2,,,,,0
35,35,247.75,0.25,247.75,0.25,5970,6,70,1,n367-2,,,,,0
35,35,248.0,0.75,248.0,0.75,5976,18,79,1,n368-2,,,,,0
35,35,248.0,1.0,248.0,1.0,5976,24,67,5,n372-2,,,,,0
35,35,248.0,0.5,248.0,0.5,5976,12,63,6,n377-2,,,,,0
35,35,248.5,0.5,248.5,0.5,5988,12,58,6,n378-2,,,,,0
35,35,248.75,0.25,248.75,0.25,5994,6,79,1,n369-2,,,,,0
36,36,249.0,1.0,249.0,1.0,6000,24,65,5,n385-2,,,,,0
36,36,249.0,1.0,249.0,1.0,6000,24,82,1,n379-2,,,,,0
36,36,249.0,0.5,249.0,0.5,6000,12,62,6,n388-2,V7],,,,0
36,36,249.5,0.5,249.5,0.5,6012,12,58,6,n389-2,,,,,0
36,36,250.0,1.0,250.0,1.0,6024,24,80,1,n380-2,,,,,0
36,36,250.0,0.5,250.0,0.5,6024,12,62,6,n390-2,,,,,0
36,36,250.0,1.0,250.0,1.0,6024,24,65,5,n386-2,,,,,0
36,36,250.5,0.5,250.5,0.5,6036,12,58,6,n391-2,,,,,0
36,36,251.0,0.25,251.0,0.25,6048,6,80,1,n381-2,,,,,0
36,36,251.0,1.0,251.0,1.0,6048,24,65,5,n387-2,,,,,0
36,36,251.0,0.5,251.0,0.5,6048,12,62,6,n392-2,,,,,0
36,36,251.25,0.25,251.25,0.25,6054,6,82,1,n382-2,,,,,0
36,36,251.5,0.25,251.5,0.25,6060,6,80,1,n383-2,,,,,0
36,36,251.5,0.5,251.5,0.5,6060,12,58,6,n393-2,,,,,0
36,36,251.75,0.25,251.75,0.25,6066,6,77,1,n384-2,,,,,0
37,37,252.0,0.25,252.0,0.25,6072,6,79,1,n394-2,,,,,0
37,37,252.0,1.0,252.0,1.0,6072,24,63,5,n404-2,I,,,,0
37,37,252.25,0.25,252.25,0.25,6078,6,80,1,n395-2,,,,,0
37,37,252.5,0.25,252.5,0.25,6084,6,79,1,n396-2,,,,,0
37,37,252.75,0.25,252.75,0.25,6090,6,75,1,n397-2,,,,,0
37,37,253.0,0.33333334,253.0,0.33333334,6096,8,82,1,n398-2,,,,,0
37,37,253.33333,0.33333334,253.33333,0.33333334,6104,8,80,1,n399-2,,,,,0
37,37,253.66667,0.33333334,253.66667,0.33333334,6112,8,79,1,n400-2,,,,,0
37,37,254.0,1.0,254.0,1.0,6120,24,43,5,n406-2,V65/IV,,,,0
37,37,254.0,1.0,254.0,1.0,6120,24,55,5,n407-2,,,,,0
37,37,254.0,0.33333334,254.0,0.33333334,6120,8,77,1,n401-2,,,,,0
37,37,254.33333,0.33333334,254.33333,0.33333334,6128,8,75,1,n402-2,,,,,0
37,37,254.66667,0.33333334,254.66667,0.33333334,6136,8,73,1,n403-2,,,,,0
38,38,255.0,1.0,255.0,1.0,6144,24,44,6,n421-2,IV,,,,0
38,38,255.0,1.0,255.0,1.0,6144,24,56,6,n422-2,,,,,0
38,38,255.0,0.25,255.0,0.25,6144,6,72,1,n408-2,,,,,0
38,38,255.25,0.25,255.25,0.25,6150,6,73,1,n409-2,,,,,0
38,38,255.5,0.25,255.5,0.25,6156,6,72,1,n410-2,,,,,0
38,38,255.75,0.25,255.75,0.25,6162,6,68,1,n411-2,,,,,0
38,38,256.0,0.33333334,256.0,0.33333334,6168,8,84,1,n412-2,,,,,0
38,38,256.33334,0.33333334,256.33334,0.33333334,6176,8,82,1,n413-2,,,,,0
38,38,256.66666,0.33333334,256.66666,0.33333334,6184,8,80,1,n414-2,,,,,0
38,38,257.0,1.0,257.0,1.0,6192,24,58,6,n424-2,#viio43/ii,,,,0
38,38,257.0,0.33333334,257.0,0.33333334,6192,8,79,1,n415-2,,,,,0
38,38,257.0,1.0,257.0,1.0,6192,24,61,5,n420-2,,,,,0
38,38,257.33334,0.33333334,257.33334,0.33333334,6200,8,77,1,n416-2,,,,,0
38,38,257.66666,0.33333334,257.66666,0.33333334,6208,8,76,1,n417-2,,,,,0
39,39,258.0,0.25,258.0,0.25,6216,6,77,1,n425-2,,,,,0
39,39,258.0,1.0,258.0,1.0,6216,24,60,5,n435-2,,,,,0
39,39,258.0,1.0,258.0,1.0,6216,24,56,6,n440-2,ii6,,,,0
39,39,258.25,0.25,258.25,0.25,6222,6,79,1,n426-2,,,,,0
39,39,258.5,0.25,258.5,0.25,6228,6,77,1,n427-2,,,,,0
39,39,258.75,0.25,258.75,0.25,6234,6,72,1,n428-2,,,,,0
39,39,259.0,0.33333334,259.0,0.33333334,6240,8,84,1,n429-2,,,,,0
39,39,259.33334,0.33333334,259.33334,0.33333334,6248,8,82,1,n430-2,,,,,0
39,39,259.66666,0.33333334,259.66666,0.33333334,6256,8,80,1,n431-2,,,,,0
39,39,260.0,1.0,260.0,1.0,6264,24,57,6,n442-2,vii%7/V,,,,0
39,39,260.0,0.33333334,260.0,0.33333334,6264,8,63,5,n437-2,,,,,0
39,39,260.0,0.33333334,260.0,0.33333334,6264,8,79,1,n432-2,,,,,0
39,39,260.33334,0.33333334,260.33334,0.33333334,6272,8,65,5,n438-2,,,,,0
39,39,260.33334,0.33333334,260.33334,0.33333334,6272,8,77,1,n433-2,,,,,0
39,39,260.66666,0.33333334,260.66666,0.33333334,6280,8,67,5,n439-2,,,,,0
39,39,260.66666,0.33333334,260.66666,0.33333334,6280,8,75,1,n434-2,,,,,0
40,40,261.0,1.0,261.0,1.0,6288,24,75,1,n443-2,,,,,0
40,40,261.0,2.0,261.0,2.0,6288,48,58,6,n452-2,V(64)},1.0,3/4,},3
40,40,261.0,1.0,261.0,1.0,6288,24,67,5,n449-2,,,,,0
40,40,262.0,1.0,262.0,1.0,6312,24,65,5,n450-2,V|HC,,,,0
40,40,262.0,1.0,262.0,1.0,6312,24,74,1,n444-2,,,,,0
40,40,263.0,0.25,263.0,0.25,6336,6,77,1,n445-2,,,,,0
40,40,263.0,0.5,263.0,0.5,6336,12,58,6,n453-2,I.I{,1.0,3/4,{,1
40,40,263.25,0.25,263.25,0.25,6342,6,79,1,n446-2,,,,,0
40,40,263.5,0.5,263.5,0.5,6348,12,65,6,n454-2,,,,,0
40,40,263.5,0.25,263.5,0.25,6348,6,77,1,n447-2,,,,,0
40,40,263.75,0.25,263.75,0.25,6354,6,74,1,n448-2,,,,,0
41,41,264.0,0.5,264.0,0.5,6360,12,60,5,n461-2,V43,,,,0
41,41,264.0,1.0,264.0,1.0,6360,24,75,1,n455-2,,,,,0
41,41,264.5,0.5,264.5,0.5,6372,12,65,5,n462-2,,,,,0
41,41,265.0,0.5,265.0,0.5,6384,12,63,5,n463-2,V2,,,,0
41,41,265.0,1.0,265.0,1.0,6384,24,72,1,n456-2,,,,,0
41,41,265.5,0.5,265.5,0.5,6396,12,65,5,n464-2,,,,,0
41,41,266.0,0.5,266.0,0.5,6408,12,63,5,n465-2,,,,,0
41,41,266.0,0.25,266.0,0.25,6408,6,81,1,n457-2,,,,,0
41,41,266.25,0.25,266.25,0.25,6414,6,82,1,n458-2,,,,,0
41,41,266.5,0.5,266.5,0.5,6420,12,65,5,n466-2,,,,,0
41,41,266.5,0.25,266.5,0.25,6420,6,81,1,n459-2,,,,,0
41,41,266.75,0.25,266.75,0.25,6426,6,77,1,n460-2,,,,,0
42,42,267.0,0.5,267.0,0.5,6432,12,62,5,n473-2,I6,,,,0
42,42,267.0,1.0,267.0,1.0,6432,24,82,1,n467-2,,,,,0
42,42,267.5,0.5,267.5,0.5,6444,12,65,5,n474-2,,,,,0
42,42,268.0,0.5,268.0,0.5,6456,12,58,5,n475-2,I,,,,0
42,42,268.0,1.0,268.0,1.0,6456,24,86,1,n468-2,,,,,0
42,42,268.5,0.5,268.5,0.5,6468,12,65,5,n476-2,,,,,0
42,42,269.0,0.5,269.0,0.5,6480,12,58,5,n477-2,,,,,0
42,42,269.0,0.25,269.0,0.25,6480,6,77,1,n469-2,,,,,0
42,42,269.25,0.25,269.25,0.25,6486,6,79,1,n470-2,,,,,0
42,42,269.5,0.5,269.5,0.5,6492,12,65,5,n478-2,,,,,0
42,42,269.5,0.25,269.5,0.25,6492,6,77,1,n471-2,,,,,0
42,42,269.75,0.25,269.75,0.25,6498,6,74,1,n472-2,,,,,0
43,43,270.0,1.0,270.0,1.0,6504,24,75,1,n479-2,,,,,0
43,43,270.0,0.5,270.0,0.5,6504,12,60,5,n485-2,V43,,,,0
43,43,270.5,0.5,270.5,0.5,6516,12,65,5,n486-2,,,,,0
43,43,271.0,0.5,271.0,0.5,6528,12,63,5,n487-2,V2,,,,0
43,43,271.0,1.0,271.0,1.0,6528,24,72,1,n480-2,,,,,0
43,43,271.5,0.5,271.5,0.5,6540,12,65,5,n488-2,,,,,0
43,43,272.0,0.5,272.0,0.5,6552,12,63,5,n489-2,,,,,0
43,43,272.0,0.25,272.0,0.25,6552,6,81,1,n481-2,,,,,0
43,43,272.25,0.25,272.25,0.25,6558,6,82,1,n482-2,,,,,0
43,43,272.5,0.5,272.5,0.5,6564,12,65,5,n490-2,,,,,0
43,43,272.5,0.25,272.5,0.25,6564,6,81,1,n483-2,,,,,0
43,43,272.75,0.25,272.75,0.25,6570,6,77,1,n484-2,,,,,0
44,44,273.0,1.0,273.0,1.0,6576,24,82,1,n491-2,,,,,0
44,44,273.0,0.5,273.0,0.5,6576,12,62,5,n497-2,I6,,,,0
44,44,273.5,0.5,273.5,0.5,6588,12,65,5,n498-2,,,,,0
44,44,274.0,1.0,274.0,1.0,6600,24,58,5,n499-2,I,,,,0
44,44,274.0,1.0,274.0,1.0,6600,24,86,1,n492-2,,,,,0
44,44,275.0,0.0,275.0,0.0,6624,0,84,1,n493-2,,,,,0
44,44,275.0,0.5,275.0,0.5,6624,12,82,1,n494-2,,,,,0
44,44,275.5,0.25,275.5,0.25,6636,6,81,1,n495-2,,,,,0
44,44,275.75,0.25,275.75,0.25,6642,6,79,1,n496-2,,,,,0
45,45,276.0,1.0,276.0,1.0,6648,24,77,1,n502-2,,,,,0
45,45,276.0,0.0,276.0,0.0,6648,0,79,1,n501-2,,,,,0
45,45,277.0,1.0,277.0,1.0,6672,24,77,1,n503-2,,,,,0
45,45,277.0,1.0,277.0,1.0,6672,24,50,6,n510-2,I6,,,,0
45,45,277.0,1.0,277.0,1.0,6672,24,58,5,n508-2,,,,,0
45,45,278.0,1.0,278.0,1.0,6696,24,58,5,n509-2,,,,,0
45,45,278.0,0.5,278.0,0.5,6696,12,77,1,n505-2,,,,,0
45,45,278.0,0.0,278.0,0.0,6696,0,79,1,n504-2,,,,,0
45,45,278.0,1.0,278.0,1.0,6696,24,50,6,n511-2,,,,,0
45,45,278.5,0.25,278.5,0.25,6708,6,75,1,n506-2,,,,,0
45,45,278.75,0.25,278.75,0.25,6714,6,74,1,n507-2,,,,,0
46,46,279.0,1.0,279.0,1.0,6720,24,72,1,n513-2,,,,,0
46,46,279.0,0.0,279.0,0.0,6720,0,74,1,n512-2,,,,,0
46,46,280.0,1.0,280.0,1.0,6744,24,72,1,n514-2,,,,,0
46,46,280.0,1.0,280.0,1.0,6744,24,58,5,n516-2,,,,,0
46,46,280.0,1.0,280.0,1.0,6744,24,51,6,n518-2,ii65,,,,0
46,46,281.0,1.0,281.0,1.0,6768,24,52,6,n519-2,V65/V,,,,0
46,46,281.0,1.0,281.0,1.0,6768,24,58,5,n517-2,,,,,0
46,46,281.0,1.0,281.0,1.0,6768,24,72,1,n515-2,,,,,0
47,47,282.0,1.0,282.0,1.0,6792,24,53,6,n536-2,V(64),,,,0
47,47,282.0,0.125,282.0,0.125,6792,3,58,5,n528-2,,,,,0
47,47,282.0,0.125,282.0,0.125,6792,3,74,1,n520-2,,,,,0
47,47,282.125,0.125,282.125,0.125,6795,3,60,5,n529-2,,,,,0
47,47,282.125,0.125,282.125,0.125,6795,3,75,1,n521-2,,,,,0
47,47,282.25,0.75,282.25,0.75,6798,18,62,5,n530-2,,,,,0
47,47,282.25,0.75,282.25,0.75,6798,18,77,1,n522-2,,,,,0
47,47,284.0,0.0,284.0,0.0,6840,0,77,1,n524-2,,,,,0
47,47,284.0,0.0,284.0,0.0,6840,0,62,5,n532-2,,,,,0
47,47,284.0,0.5,284.0,0.5,6840,12,60,5,n533-2,,,,,0
47,47,284.0,0.5,284.0,0.5,6840,12,75,1,n525-2,,,,,0
47,47,284.0,1.0,284.0,1.0,6840,24,53,6,n537-2,V7,,,,0
47,47,284.5,0.25,284.5,0.25,6852,6,58,5,n534-2,,,,,0
47,47,284.5,0.25,284.5,0.25,6852,6,74,1,n526-2,,,,,0
47,47,284.75,0.25,284.75,0.25,6858,6,57,5,n535-2,,,,,0
47,47,284.75,0.25,284.75,0.25,6858,6,72,1,n527-2,,,,,0
48,48,285.0,1.0,285.0,1.0,6864,24,58,5,n540-2,I|PAC},3.0,3/4,},3
48,48,285.0,1.0,285.0,1.0,6864,24,70,1,n538-2,,,,,0
48,48,286.0,1.0,286.0,1.0,6888,24,46,5,n541-2,,,,,0
X3,48,287.0,0.5,287.0,0.5,6912,12,70,1,n542-1,,,,,0
X3,48,287.0,0.5,287.0,0.5,6912,12,62,5,n544-1,{,0.0,3/4,{,1
X3,48,287.5,0.5,287.5,0.5,6924,12,70,1,n543-1,,,,,0
X3,48,287.5,0.5,287.5,0.5,6924,12,58,5,n545-1,,,,,0
49,49,288.0,0.5,288.0,0.5,6936,12,63,5,n551-1,I[ii6,,,,0
49,49,288.0,0.25,288.0,0.25,6936,6,71,1,n546-1,,,,,0
49,49,288.25,0.75,288.25,0.75,6942,18,72,1,n547-1,,,,,0
49,49,288.5,0.5,288.5,0.5,6948,12,58,5,n552-1,,,,,0
49,49,289.0,0.5,289.0,0.5,6960,12,63,5,n553-1,,,,,0
49,49,289.5,0.5,289.5,0.5,6972,12,58,5,n554-1,,,,,0
49,49,290.0,0.5,290.0,0.5,6984,12,74,1,n549-1,,,,,0
49,49,290.0,0.5,290.0,0.5,6984,12,65,5,n555-1,I,,,,0
49,49,290.5,0.5,290.5,0.5,6996,12,58,5,n556-1,,,,,0
49,49,290.5,0.5,290.5,0.5,6996,12,74,1,n550-1,,,,,0
50,50,291.0,0.5,291.0,0.5,7008,12,67,5,n562-1,IV6,,,,0
50,50,291.0,0.25,291.0,0.25,7008,6,74,1,n557-1,,,,,0
50,50,291.25,0.75,291.25,0.75,7014,18,75,1,n558-1,,,,,0
50,50,291.5,0.5,291.5,0.5,7020,12,58,5,n563-1,,,,,0
50,50,292.0,0.5,292.0,0.5,7032,12,67,5,n564-1,,,,,0
50,50,292.5,0.5,292.5,0.5,7044,12,58,5,n565-1,,,,,0
50,50,293.0,0.5,293.0,0.5,7056,12,62,5,n566-1,I,,,,0
50,50,293.0,0.5,293.0,0.5,7056,12,77,1,n560-1,,,,,0
50,50,293.5,0.5,293.5,0.5,7068,12,58,5,n567-1,,,,,0
50,50,293.5,0.5,293.5,0.5,7068,12,77,1,n561-1,,,,,0
51,51,294.0,0.25,294.0,0.25,7080,6,78,1,n568-1,,,,,0
51,51,294.0,0.5,294.0,0.5,7080,12,63,5,n573-1,IV,,,,0
51,51,294.25,0.75,294.25,0.75,7086,18,79,1,n569-1,,,,,0
51,51,294.5,0.5,294.5,0.5,7092,12,58,5,n574-1,,,,,0
51,51,295.0,0.5,295.0,0.5,7104,12,63,5,n575-1,,,,,0
51,51,295.5,0.5,295.5,0.5,7116,12,58,5,n576-1,,,,,0
51,51,296.0,0.5,296.0,0.5,7128,12,60,5,n577-1,viio6,,,,0
51,51,296.0,0.5,296.0,0.5,7128,12,81,1,n571-1,,,,,0
51,51,296.5,0.5,296.5,0.5,7140,12,58,5,n578-1,,,,,0
51,51,296.5,0.5,296.5,0.5,7140,12,81,1,n572-1,,,,,0
52,52,297.0,0.25,297.0,0.25,7152,6,81,1,n579-1,,,,,0
52,52,297.0,0.5,297.0,0.5,7152,12,62,5,n584-1,I]},3.0,3/4,},3
52,52,297.25,0.75,297.25,0.75,7158,18,82,1,n580-1,,,,,0
52,52,297.5,0.5,297.5,0.5,7164,12,58,5,n585-1,,,,,0
52,52,298.0,0.5,298.0,0.5,7176,12,65,5,n586-1,,,,,0
52,52,298.5,0.5,298.5,0.5,7188,12,62,5,n587-1,,,,,0
52,52,299.0,1.0,299.0,1.0,7200,24,58,5,n588-1,{,0.0,3/4,{,1
52,52,299.0,0.5,299.0,0.5,7200,12,70,1,n582-1,,,,,0
52,52,299.5,0.5,299.5,0.5,7212,12,70,1,n583-1,,,,,0
53,53,300.0,6.0,300.0,6.0,7224,144,47,6,n596-1,IV.bVI,,,,0
53,53,300.0,6.0,300.0,6.0,7224,144,59,5,n595-1,,,,,0
53,53,300.0,0.5,300.0,0.5,7224,12,75,1,n589-1,,,,,0
53,53,300.5,0.5,300.5,0.5,7236,12,77,1,n590-1,,,,,0
53,53,301.0,0.5,301.0,0.5,7248,12,78,1,n591-1,,,,,0
53,53,301.5,0.5,301.5,0.5,7260,12,77,1,n592-1,,,,,0
53,53,302.0,0.5,302.0,0.5,7272,12,75,1,n593-1,,,,,0
53,53,302.5,0.5,302.5,0.5,7284,12,74,1,n594-1,,,,,0
54,54,303.0,0.5,303.0,0.5,7296,12,75,1,n597-1,,,,,0
54,54,303.5,0.5,303.5,0.5,7308,12,77,1,n598-1,,,,,0
54,54,304.0,0.5,304.0,0.5,7320,12,78,1,n599-1,,,,,0
54,54,304.5,0.5,304.5,0.5,7332,12,79,1,n600-1,,,,,0
54,54,305.0,0.5,305.0,0.5,7344,12,80,1,n601-1,,,,,0
54,54,305.5,0.5,305.5,0.5,7356,12,81,1,n602-1,It6,,,,0
55,55,306.0,1.0,306.0,1.0,7368,24,82,1,n605-1,,,,,0
55,55,306.0,1.0,306.0,1.0,7368,24,46,5,n611-1,V[V|HC},6.0,3/4,},3
55,55,306.0,1.0,306.0,1.0,7368,24,58,5,n612-1,,,,,0
55,55,308.0,0.25,308.0,0.25,7416,6,46,5,n614-1,,,,,0
55,55,308.0,0.25,308.0,0.25,7416,6,58,1,n607-1,,,,,0
55,55,308.25,0.25,308.25,0.25,7422,6,47,5,n615-1,,,,,0
55,55,308.25,0.25,308.25,0.25,7422,6,59,1,n608-1,,,,,0
55,55,308.5,0.25,308.5,0.25,7428,6,58,1,n609-1,,,,,0
55,55,308.5,0.25,308.5,0.25,7428,6,46,5,n616-1,,,,,0
55,55,308.75,0.25,308.75,0.25,7434,6,57,1,n610-1,,,,,0
55,55,308.75,0.25,308.75,0.25,7434,6,45,5,n617-1,,,,,0
56,56,309.0,1.0,309.0,1.0,7440,24,58,1,n618-1,,,,,0
56,56,309.0,1.0,309.0,1.0,7440,24,46,5,n624-1,,,,,0
56,56,311.0,0.25,311.0,0.25,7488,6,70,1,n620-1,{,0.0,3/4,{,1
56,56,311.25,0.25,311.25,0.25,7494,6,72,1,n621-1,,,,,0
56,56,311.5,0.25,311.5,0.25,7500,6,70,1,n622-1,,,,,0
56,56,311.75,0.25,311.75,0.25,7506,6,69,1,n623-1,,,,,0
57,57,312.0,1.0,312.0,1.0,7512,24,70,1,n627-1,,,,,0
57,57,312.0,1.0,312.0,1.0,7512,24,67,5,n632-1,,,,,0
57,57,312.0,0.5,312.0,0.5,7512,12,63,6,n635-1,I,,,,0
57,57,312.5,0.5,312.5,0.5,7524,12,58,6,n636-1,,,,,0
57,57,313.0,0.5,313.0,0.5,7536,12,63,6,n637-1,,,,,0
57,57,313.0,1.0,313.0,1.0,7536,24,67,5,n633-1,,,,,0
57,57,313.5,0.5,313.5,0.5,7548,12,58,6,n638-1,,,,,0
57,57,313.75,0.25,313.75,0.25,7554,6,70,1,n629-1,,,,,0
57,57,314.0,0.5,314.0,0.5,7560,12,63,6,n639-1,,,,,0
57,57,314.0,1.0,314.0,1.0,7560,24,67,5,n634-1,,,,,0
57,57,314.0,0.75,314.0,0.75,7560,18,75,1,n630-1,,,,,0
57,57,314.5,0.5,314.5,0.5,7572,12,58,6,n640-1,,,,,0
57,57,314.75,0.25,314.75,0.25,7578,6,75,1,n631-1,,,,,0
58,58,315.0,1.0,315.0,1.0,7584,24,75,1,n641-1,,,,,0
58,58,315.0,1.0,315.0,1.0,7584,24,68,5,n647-1,,,,,0
58,58,315.0,0.5,315.0,0.5,7584,12,65,6,n650-1,V7(4),,,,0
58,58,315.5,0.5,315.5,0.5,7596,12,58,6,n651-1,,,,,0
58,58,316.0,1.0,316.0,1.0,7608,24,74,1,n642-1,,,,,0
58,58,316.0,1.0,316.0,1.0,7608,24,68,5,n648-1,,,,,0
58,58,316.0,0.5,316.0,0.5,7608,12,65,6,n652-1,V7,,,,0
58,58,316.5,0.5,316.5,0.5,7620,12,58,6,n653-1,,,,,0
58,58,317.0,1.0,317.0,1.0,7632,24,68,5,n649-1,,,,,0
58,58,317.0,0.5,317.0,0.5,7632,12,65,6,n654-1,,,,,0
58,58,317.0,0.25,317.0,0.25,7632,6,70,1,n643-1,,,,,0
58,58,317.25,0.25,317.25,0.25,7638,6,72,1,n644-1,,,,,0
58,58,317.5,0.5,317.5,0.5,7644,12,58,6,n655-1,,,,,0
58,58,317.5,0.25,317.5,0.25,7644,6,70,1,n645-1,,,,,0
58,58,317.75,0.25,317.75,0.25,7650,6,69,1,n646-1,,,,,0
59,59,318.0,1.0,318.0,1.0,7656,24,70,1,n656-1,,,,,0
59,59,318.0,1.0,318.0,1.0,7656,24,67,5,n661-1,,,,,0
59,59,318.0,0.5,318.0,0.5,7656,12,63,6,n664-1,I,,,,0
59,59,318.5,0.5,318.5,0.5,7668,12,58,6,n665-1,,,,,0
59,59,319.0,1.0,319.0,1.0,7680,24,67,5,n662-1,,,,,0
59,59,319.0,0.5,319.0,0.5,7680,12,63,6,n666-1,,,,,0
59,59,319.5,0.5,319.5,0.5,7692,12,58,6,n667-1,,,,,0
59,59,319.75,0.25,319.75,0.25,7698,6,70,1,n658-1,,,,,0
59,59,320.0,0.5,320.0,0.5,7704,12,63,6,n668-1,,,,,0
59,59,320.0,1.0,320.0,1.0,7704,24,67,5,n663-1,,,,,0
59,59,320.0,0.75,320.0,0.75,7704,18,79,1,n659-1,,,,,0
59,59,320.5,0.5,320.5,0.5,7716,12,58,6,n669-1,,,,,0
59,59,320.75,0.25,320.75,0.25,7722,6,79,1,n660-1,,,,,0
60,60,321.0,0.5,321.0,0.5,7728,12,62,6,n679-1,V7],,,,0
60,60,321.0,1.0,321.0,1.0,7728,24,65,5,n676-1,,,,,0
60,60,321.0,1.0,321.0,1.0,7728,24,82,1,n670-1,,,,,0
60,60,321.5,0.5,321.5,0.5,7740,12,58,6,n680-1,,,,,0
60,60,322.0,1.0,322.0,1.0,7752,24,80,1,n671-1,,,,,0
60,60,322.0,1.0,322.0,1.0,7752,24,65,5,n677-1,,,,,0
60,60,322.0,0.5,322.0,0.5,7752,12,62,6,n681-1,,,,,0
60,60,322.5,0.5,322.5,0.5,7764,12,58,6,n682-1,,,,,0
60,60,323.0,0.25,323.0,0.25,7776,6,80,1,n672-1,,,,,0
60,60,323.0,1.0,323.0,1.0,7776,24,65,5,n678-1,,,,,0
60,60,323.0,0.5,323.0,0.5,7776,12,62,6,n683-1,,,,,0
60,60,323.25,0.25,323.25,0.25,7782,6,82,1,n673-1,,,,,0
60,60,323.5,0.5,323.5,0.5,7788,12,58,6,n684-1,,,,,0
60,60,323.5,0.25,323.5,0.25,7788,6,80,1,n674-1,,,,,0
60,60,323.75,0.25,323.75,0.25,7794,6,77,1,n675-1,,,,,0
61,61,324.0,0.25,324.0,0.25,7800,6,79,1,n685-1,,,,,0
61,61,324.0,1.0,324.0,1.0,7800,24,63,5,n695-1,I,,,,0
61,61,324.25,0.25,324.25,0.25,7806,6,80,1,n686-1,,,,,0
61,61,324.5,0.25,324.5,0.25,7812,6,79,1,n687-1,,,,,0
61,61,324.75,0.25,324.75,0.25,7818,6,75,1,n688-1,,,,,0
61,61,325.0,0.33333334,325.0,0.33333334,7824,8,82,1,n689-1,,,,,0
61,61,325.33334,0.33333334,325.33334,0.33333334,7832,8,80,1,n690-1,,,,,0
61,61,325.66666,0.33333334,325.66666,0.33333334,7840,8,79,1,n691-1,,,,,0
61,61,326.0,1.0,326.0,1.0,7848,24,43,5,n697-1,V65/IV,,,,0
61,61,326.0,0.33333334,326.0,0.33333334,7848,8,77,1,n692-1,,,,,0
61,61,326.0,1.0,326.0,1.0,7848,24,55,5,n698-1,,,,,0
61,61,326.33334,0.33333334,326.33334,0.33333334,7856,8,75,1,n693-1,,,,,0
61,61,326.66666,0.33333334,326.66666,0.33333334,7864,8,73,1,n694-1,,,,,0
62,62,327.0,1.0,327.0,1.0,7872,24,56,6,n713-1,,,,,0
62,62,327.0,1.0,327.0,1.0,7872,24,44,6,n712-1,IV,,,,0
62,62,327.0,0.25,327.0,0.25,7872,6,72,1,n699-1,,,,,0
62,62,327.25,0.25,327.25,0.25,7878,6,73,1,n700-1,,,,,0
62,62,327.5,0.25,327.5,0.25,7884,6,72,1,n701-1,,,,,0
62,62,327.75,0.25,327.75,0.25,7890,6,68,1,n702-1,,,,,0
62,62,328.0,0.33333334,328.0,0.33333334,7896,8,84,1,n703-1,,,,,0
62,62,328.33334,0.33333334,328.33334,0.33333334,7904,8,82,1,n704-1,,,,,0
62,62,328.66666,0.33333334,328.66666,0.33333334,7912,8,80,1,n705-1,,,,,0
62,62,329.0,1.0,329.0,1.0,7920,24,61,5,n711-1,,,,,0
62,62,329.0,0.33333334,329.0,0.33333334,7920,8,79,1,n706-1,,,,,0
62,62,329.0,1.0,329.0,1.0,7920,24,58,5,n710-1,#viio43/ii,,,,0
62,62,329.33334,0.33333334,329.33334,0.33333334,7928,8,77,1,n707-1,,,,,0
62,62,329.66666,0.33333334,329.66666,0.33333334,7936,8,76,1,n708-1,,,,,0
63,63,330.0,1.0,330.0,1.0,7944,24,60,5,n725-1,,,,,0
63,63,330.0,1.0,330.0,1.0,7944,24,56,5,n724-1,ii6,,,,0
63,63,330.0,0.25,330.0,0.25,7944,6,77,1,n714-1,,,,,0
63,63,330.25,0.25,330.25,0.25,7950,6,79,1,n715-1,,,,,0
63,63,330.5,0.25,330.5,0.25,7956,6,77,1,n716-1,,,,,0
63,63,330.75,0.25,330.75,0.25,7962,6,72,1,n717-1,,,,,0
63,63,331.0,0.33333334,331.0,0.33333334,7968,8,84,1,n718-1,,,,,0
63,63,331.33334,0.33333334,331.33334,0.33333334,7976,8,82,1,n719-1,,,,,0
63,63,331.66666,0.33333334,331.66666,0.33333334,7984,8,80,1,n720-1,,,,,0
63,63,332.0,0.33333334,332.0,0.33333334,7992,8,79,1,n721-1,,,,,0
63,63,332.0,0.33333334,332.0,0.33333334,7992,8,63,5,n726-1,,,,,0
63,63,332.0,1.0,332.0,1.0,7992,24,57,6,n729-1,vii%7/V,,,,0
63,63,332.33334,0.33333334,332.33334,0.33333334,8000,8,77,1,n722-1,,,,,0
63,63,332.33334,0.33333334,332.33334,0.33333334,8000,8,65,5,n727-1,,,,,0
63,63,332.66666,0.33333334,332.66666,0.33333334,8008,8,75,1,n723-1,,,,,0
63,63,332.66666,0.33333334,332.66666,0.33333334,8008,8,67,5,n728-1,,,,,0
64,64,333.0,2.0,333.0,2.0,8016,48,58,6,n740-1,V(64)},1.0,3/4,},3
64,64,333.0,1.0,333.0,1.0,8016,24,67,5,n736-1,,,,,0
64,64,333.0,1.0,333.0,1.0,8016,24,75,1,n730-1,,,,,0
64,64,334.0,1.0,334.0,1.0,8040,24,65,5,n737-1,V|HC,,,,0
64,64,334.0,1.0,334.0,1.0,8040,24,74,1,n731-1,,,,,0
64,64,335.0,0.5,335.0,0.5,8064,12,51,5,n738-1,I{,1.0,3/4,{,1
64,64,335.0,0.25,335.0,0.25,8064,6,70,1,n732-1,,,,,0
64,64,335.25,0.25,335.25,0.25,8070,6,72,1,n733-1,,,,,0
64,64,335.5,0.25,335.5,0.25,8076,6,70,1,n734-1,,,,,0
64,64,335.5,0.5,335.5,0.5,8076,12,58,5,n739-1,,,,,0
64,64,335.75,0.25,335.75,0.25,8082,6,67,1,n735-1,,,,,0
65,65,336.0,0.5,336.0,0.5,8088,12,53,5,n747-1,V43,,,,0
65,65,336.0,1.0,336.0,1.0,8088,24,68,1,n741-1,,,,,0
65,65,336.5,0.5,336.5,0.5,8100,12,58,5,n748-1,,,,,0
65,65,337.0,1.0,337.0,1.0,8112,24,65,1,n742-1,,,,,0
65,65,337.0,0.5,337.0,0.5,8112,12,56,5,n749-1,V2,,,,0
65,65,337.5,0.5,337.5,0.5,8124,12,58,5,n750-1,,,,,0
65,65,338.0,0.5,338.0,0.5,8136,12,56,5,n751-1,,,,,0
65,65,338.0,0.25,338.0,0.25,8136,6,74,1,n743-1,,,,,0
65,65,338.25,0.25,338.25,0.25,8142,6,75,1,n744-1,,,,,0
65,65,338.5,0.25,338.5,0.25,8148,6,74,1,n745-1,,,,,0
65,65,338.5,0.5,338.5,0.5,8148,12,58,5,n752-1,,,,,0
65,65,338.75,0.25,338.75,0.25,8154,6,70,1,n746-1,,,,,0
66,66,339.0,0.5,339.0,0.5,8160,12,55,5,n759-1,I6,,,,0
66,66,339.0,1.0,339.0,1.0,8160,24,75,1,n753-1,,,,,0
66,66,339.5,0.5,339.5,0.5,8172,12,58,5,n760-1,,,,,0
66,66,340.0,0.5,340.0,0.5,8184,12,51,5,n761-1,I,,,,0
66,66,340.0,1.0,340.0,1.0,8184,24,79,1,n754-1,,,,,0
66,66,340.5,0.5,340.5,0.5,8196,12,58,5,n762-1,,,,,0
66,66,341.0,0.25,341.0,0.25,8208,6,70,1,n755-1,,,,,0
66,66,341.0,0.5,341.0,0.5,8208,12,51,5,n763-1,,,,,0
66,66,341.25,0.25,341.25,0.25,8214,6,72,1,n756-1,,,,,0
66,66,341.5,0.25,341.5,0.25,8220,6,70,1,n757-1,,,,,0
66,66,341.5,0.5,341.5,0.5,8220,12,58,5,n764-1,,,,,0
66,66,341.75,0.25,341.75,0.25,8226,6,67,1,n758-1,,,,,0
67,67,342.0,1.0,342.0,1.0,8232,24,68,1,n765-1,,,,,0
67,67,342.0,0.5,342.0,0.5,8232,12,53,5,n771-1,V43,,,,0
67,67,342.5,0.5,342.5,0.5,8244,12,58,5,n772-1,,,,,0
67,67,343.0,1.0,343.0,1.0,8256,24,65,1,n766-1,,,,,0
67,67,343.0,0.5,343.0,0.5,8256,12,56,5,n773-1,V2,,,,0
67,67,343.5,0.5,343.5,0.5,8268,12,58,5,n774-1,,,,,0
67,67,344.0,0.25,344.0,0.25,8280,6,74,1,n767-1,,,,,0
67,67,344.0,0.5,344.0,0.5,8280,12,56,5,n775-1,,,,,0
67,67,344.25,0.25,344.25,0.25,8286,6,75,1,n768-1,,,,,0
67,67,344.5,0.5,344.5,0.5,8292,12,58,5,n776-1,,,,,0
67,67,344.5,0.25,344.5,0.25,8292,6,74,1,n769-1,,,,,0
67,67,344.75,0.25,344.75,0.25,8298,6,70,1,n770-1,,,,,0
68,68,345.0,0.5,345.0,0.5,8304,12,55,5,n783-1,I6,,,,0
68,68,345.0,1.0,345.0,1.0,8304,24,75,1,n777-1,,,,,0
68,68,345.5,0.5,345.5,0.5,8316,12,58,5,n784-1,,,,,0
68,68,346.0,1.0,346.0,1.0,8328,24,79,1,n778-1,,,,,0
68,68,346.0,1.0,346.0,1.0,8328,24,51,5,n785-1,I,,,,0
68,68,347.0,0.0,347.0,0.0,8352,0,89,1,n779-1,,,,,0
68,68,347.0,0.5,347.0,0.5,8352,12,87,1,n780-1,,,,,0
68,68,347.5,0.25,347.5,0.25,8364,6,86,1,n781-1,,,,,0
68,68,347.75,0.25,347.75,0.25,8370,6,84,1,n782-1,,,,,0
69,69,348.0,1.0,348.0,1.0,8376,24,82,1,n788-1,,,,,0
69,69,348.0,0.0,348.0,0.0,8376,0,84,1,n787-1,,,,,0
69,69,349.0,1.0,349.0,1.0,8400,24,63,5,n794-1,,,,,0
69,69,349.0,1.0,349.0,1.0,8400,24,55,6,n796-1,I6,,,,0
69,69,349.0,1.0,349.0,1.0,8400,24,82,1,n789-1,,,,,0
69,69,350.0,1.0,350.0,1.0,8424,24,55,6,n797-1,,,,,0
69,69,350.0,0.5,350.0,0.5,8424,12,82,1,n791-1,,,,,0
69,69,350.0,0.0,350.0,0.0,8424,0,84,1,n790-1,,,,,0
69,69,350.0,1.0,350.0,1.0,8424,24,63,5,n795-1,,,,,0
69,69,350.5,0.25,350.5,0.25,8436,6,80,1,n792-1,,,,,0
69,69,350.75,0.25,350.75,0.25,8442,6,79,1,n793-1,,,,,0
70,70,351.0,1.0,351.0,1.0,8448,24,77,1,n799-1,,,,,0
70,70,351.0,0.0,351.0,0.0,8448,0,79,1,n798-1,,,,,0
70,70,352.0,1.0,352.0,1.0,8472,24,56,6,n804-1,ii65,,,,0
70,70,352.0,1.0,352.0,1.0,8472,24,63,5,n802-1,,,,,0
70,70,352.0,1.0,352.0,1.0,8472,24,77,1,n800-1,,,,,0
70,70,353.0,1.0,353.0,1.0,8496,24,57,6,n805-1,V65/V,,,,0
70,70,353.0,1.0,353.0,1.0,8496,24,63,5,n803-1,,,,,0
70,70,353.0,1.0,353.0,1.0,8496,24,77,1,n801-1,,,,,0
71,71,354.0,1.0,354.0,1.0,8520,24,58,6,n822-1,V(64),,,,0
71,71,354.0,0.125,354.0,0.125,8520,3,63,5,n814-1,,,,,0
71,71,354.0,0.125,354.0,0.125,8520,3,79,1,n806-1,,,,,0
71,71,354.125,0.125,354.125,0.125,8523,3,80,1,n807-1,,,,,0
71,71,354.125,0.125,354.125,0.125,8523,3,65,5,n815-1,,,,,0
71,71,354.25,0.75,354.25,0.75,8526,18,82,1,n808-1,,,,,0
71,71,354.25,0.75,354.25,0.75,8526,18,67,5,n816-1,,,,,0
71,71,356.0,0.0,356.0,0.0,8568,0,67,5,n818-1,,,,,0
71,71,356.0,1.0,356.0,1.0,8568,24,58,6,n824-1,V7,,,,0
71,71,356.0,0.5,356.0,0.5,8568,12,80,1,n811-1,,,,,0
71,71,356.0,0.0,356.0,0.0,8568,0,82,1,n810-1,,,,,0
71,71,356.0,0.5,356.0,0.5,8568,12,65,5,n819-1,,,,,0
71,71,356.5,0.25,356.5,0.25,8580,6,79,1,n812-1,,,,,0
71,71,356.5,0.25,356.5,0.25,8580,6,63,5,n820-1,,,,,0
71,71,356.75,0.25,356.75,0.25,8586,6,77,1,n813-1,,,,,0
71,71,356.75,0.25,356.75,0.25,8586,6,62,5,n821-1,,,,,0
72,72,357.0,1.0,357.0,1.0,8592,24,63,5,n827-1,I|PAC},2.0,3/4,},3
72,72,357.0,1.0,357.0,1.0,8592,24,75,1,n825-1,,,,,0
72,72,358.0,1.0,358.0,1.0,8616,24,51,6,n829-1,,,,,0
X3,48,359.0,0.5,359.0,0.5,8640,12,70,1,n542-2,,,,,0
X3,48,359.0,0.5,359.0,0.5,8640,12,62,5,n544-2,{,0.0,3/4,{,1
X3,48,359.5,0.5,359.5,0.5,8652,12,70,1,n543-2,,,,,0
X3,48,359.5,0.5,359.5,0.5,8652,12,58,5,n545-2,,,,,0
49,49,360.0,0.25,360.0,0.25,8664,6,71,1,n546-2,,,,,0
49,49,360.0,0.5,360.0,0.5,8664,12,63,5,n551-2,I[ii6,,,,0
49,49,360.25,0.75,360.25,0.75,8670,18,72,1,n547-2,,,,,0
49,49,360.5,0.5,360.5,0.5,8676,12,58,5,n552-2,,,,,0
49,49,361.0,0.5,361.0,0.5,8688,12,63,5,n553-2,,,,,0
49,49,361.5,0.5,361.5,0.5,8700,12,58,5,n554-2,,,,,0
49,49,362.0,0.5,362.0,0.5,8712,12,74,1,n549-2,,,,,0
49,49,362.0,0.5,362.0,0.5,8712,12,65,5,n555-2,I,,,,0
49,49,362.5,0.5,362.5,0.5,8724,12,74,1,n550-2,,,,,0
49,49,362.5,0.5,362.5,0.5,8724,12,58,5,n556-2,,,,,0
50,50,363.0,0.25,363.0,0.25,8736,6,74,1,n557-2,,,,,0
50,50,363.0,0.5,363.0,0.5,8736,12,67,5,n562-2,IV6,,,,0
50,50,363.25,0.75,363.25,0.75,8742,18,75,1,n558-2,,,,,0
50,50,363.5,0.5,363.5,0.5,8748,12,58,5,n563-2,,,,,0
50,50,364.0,0.5,364.0,0.5,8760,12,67,5,n564-2,,,,,0
50,50,364.5,0.5,364.5,0.5,8772,12,58,5,n565-2,,,,,0
50,50,365.0,0.5,365.0,0.5,8784,12,62,5,n566-2,I,,,,0
50,50,365.0,0.5,365.0,0.5,8784,12,77,1,n560-2,,,,,0
50,50,365.5,0.5,365.5,0.5,8796,12,77,1,n561-2,,,,,0
50,50,365.5,0.5,365.5,0.5,8796,12,58,5,n567-2,,,,,0
51,51,366.0,0.25,366.0,0.25,8808,6,78,1,n568-2,,,,,0
51,51,366.0,0.5,366.0,0.5,8808,12,63,5,n573-2,IV,,,,0
51,51,366.25,0.75,366.25,0.75,8814,18,79,1,n569-2,,,,,0
51,51,366.5,0.5,366.5,0.5,8820,12,58,5,n574-2,,,,,0
51,51,367.0,0.5,367.0,0.5,8832,12,63,5,n575-2,,,,,0
51,51,367.5,0.5,367.5,0.5,8844,12,58,5,n576-2,,,,,0
51,51,368.0,0.5,368.0,0.5,8856,12,60,5,n577-2,viio6,,,,0
51,51,368.0,0.5,368.0,0.5,8856,12,81,1,n571-2,,,,,0
51,51,368.5,0.5,368.5,0.5,8868,12,58,5,n578-2,,,,,0
51,51,368.5,0.5,368.5,0.5,8868,12,81,1,n572-2,,,,,0
52,52,369.0,0.25,369.0,0.25,8880,6,81,1,n579-2,,,,,0
52,52,369.0,0.5,369.0,0.5,8880,12,62,5,n584-2,I]},3.0,3/4,},3
52,52,369.25,0.75,369.25,0.75,8886,18,82,1,n580-2,,,,,0
52,52,369.5,0.5,369.5,0.5,8892,12,58,5,n585-2,,,,,0
52,52,370.0,0.5,370.0,0.5,8904,12,65,5,n586-2,,,,,0
52,52,370.5,0.5,370.5,0.5,8916,12,62,5,n587-2,,,,,0
52,52,371.0,0.5,371.0,0.5,8928,12,70,1,n582-2,,,,,0
52,52,371.0,1.0,371.0,1.0,8928,24,58,5,n588-2,{,0.0,3/4,{,1
52,52,371.5,0.5,371.5,0.5,8940,12,70,1,n583-2,,,,,0
53,53,372.0,0.5,372.0,0.5,8952,12,75,1,n589-2,,,,,0
53,53,372.0,6.0,372.0,6.0,8952,144,47,6,n596-2,IV.bVI,,,,0
53,53,372.0,6.0,372.0,6.0,8952,144,59,5,n595-2,,,,,0
53,53,372.5,0.5,372.5,0.5,8964,12,77,1,n590-2,,,,,0
53,53,373.0,0.5,373.0,0.5,8976,12,78,1,n591-2,,,,,0
53,53,373.5,0.5,373.5,0.5,8988,12,77,1,n592-2,,,,,0
53,53,374.0,0.5,374.0,0.5,9000,12,75,1,n593-2,,,,,0
53,53,374.5,0.5,374.5,0.5,9012,12,74,1,n594-2,,,,,0
54,54,375.0,0.5,375.0,0.5,9024,12,75,1,n597-2,,,,,0
54,54,375.5,0.5,375.5,0.5,9036,12,77,1,n598-2,,,,,0
54,54,376.0,0.5,376.0,0.5,9048,12,78,1,n599-2,,,,,0
54,54,376.5,0.5,376.5,0.5,9060,12,79,1,n600-2,,,,,0
54,54,377.0,0.5,377.0,0.5,9072,12,80,1,n601-2,,,,,0
54,54,377.5,0.5,377.5,0.5,9084,12,81,1,n602-2,It6,,,,0
55,55,378.0,1.0,378.0,1.0,9096,24,82,1,n605-2,,,,,0
55,55,378.0,1.0,378.0,1.0,9096,24,58,5,n612-2,,,,,0
55,55,378.0,1.0,378.0,1.0,9096,24,46,5,n611-2,V[V|HC},6.0,3/4,},3
55,55,380.0,0.25,380.0,0.25,9144,6,58,1,n607-2,,,,,0
55,55,380.0,0.25,380.0,0.25,9144,6,46,5,n614-2,,,,,0
55,55,380.25,0.25,380.25,0.25,9150,6,59,1,n608-2,,,,,0
55,55,380.25,0.25,380.25,0.25,9150,6,47,5,n615-2,,,,,0
55,55,380.5,0.25,380.5,0.25,9156,6,46,5,n616-2,,,,,0
55,55,380.5,0.25,380.5,0.25,9156,6,58,1,n609-2,,,,,0
55,55,380.75,0.25,380.75,0.25,9162,6,57,1,n610-2,,,,,0
55,55,380.75,0.25,380.75,0.25,9162,6,45,5,n617-2,,,,,0
56,56,381.0,1.0,381.0,1.0,9168,24,46,5,n624-2,,,,,0
56,56,381.0,1.0,381.0,1.0,9168,24,58,1,n618-2,,,,,0
56,56,383.0,0.25,383.0,0.25,9216,6,70,1,n620-2,{,0.0,3/4,{,1
56,56,383.25,0.25,383.25,0.25,9222,6,72,1,n621-2,,,,,0
56,56,383.5,0.25,383.5,0.25,9228,6,70,1,n622-2,,,,,0
56,56,383.75,0.25,383.75,0.25,9234,6,69,1,n623-2,,,,,0
57,57,384.0,1.0,384.0,1.0,9240,24,70,1,n627-2,,,,,0
57,57,384.0,1.0,384.0,1.0,9240,24,67,5,n632-2,,,,,0
57,57,384.0,0.5,384.0,0.5,9240,12,63,6,n635-2,I,,,,0
57,57,384.5,0.5,384.5,0.5,9252,12,58,6,n636-2,,,,,0
57,57,385.0,1.0,385.0,1.0,9264,24,67,5,n633-2,,,,,0
57,57,385.0,0.5,385.0,0.5,9264,12,63,6,n637-2,,,,,0
57,57,385.5,0.5,385.5,0.5,9276,12,58,6,n638-2,,,,,0
57,57,385.75,0.25,385.75,0.25,9282,6,70,1,n629-2,,,,,0
57,57,386.0,0.75,386.0,0.75,9288,18,75,1,n630-2,,,,,0
57,57,386.0,1.0,386.0,1.0,9288,24,67,5,n634-2,,,,,0
57,57,386.0,0.5,386.0,0.5,9288,12,63,6,n639-2,,,,,0
57,57,386.5,0.5,386.5,0.5,9300,12,58,6,n640-2,,,,,0
57,57,386.75,0.25,386.75,0.25,9306,6,75,1,n631-2,,,,,0
58,58,387.0,0.5,387.0,0.5,9312,12,65,6,n650-2,V7(4),,,,0
58,58,387.0,1.0,387.0,1.0,9312,24,68,5,n647-2,,,,,0
58,58,387.0,1.0,387.0,1.0,9312,24,75,1,n641-2,,,,,0
58,58,387.5,0.5,387.5,0.5,9324,12,58,6,n651-2,,,,,0
58,58,388.0,0.5,388.0,0.5,9336,12,65,6,n652-2,V7,,,,0
58,58,388.0,1.0,388.0,1.0,9336,24,74,1,n642-2,,,,,0
58,58,388.0,1.0,388.0,1.0,9336,24,68,5,n648-2,,,,,0
58,58,388.5,0.5,388.5,0.5,9348,12,58,6,n653-2,,,,,0
58,58,389.0,0.5,389.0,0.5,9360,12,65,6,n654-2,,,,,0
58,58,389.0,0.25,389.0,0.25,9360,6,70,1,n643-2,,,,,0
58,58,389.0,1.0,389.0,1.0,9360,24,68,5,n649-2,,,,,0
58,58,389.25,0.25,389.25,0.25,9366,6,72,1,n644-2,,,,,0
58,58,389.5,0.5,389.5,0.5,9372,12,58,6,n655-2,,,,,0
58,58,389.5,0.25,389.5,0.25,9372,6,70,1,n645-2,,,,,0
58,58,389.75,0.25,389.75,0.25,9378,6,69,1,n646-2,,,,,0
59,59,390.0,1.0,390.0,1.0,9384,24,67,5,n661-2,,,,,0
59,59,390.0,1.0,390.0,1.0,9384,24,70,1,n656-2,,,,,0
59,59,390.0,0.5,390.0,0.5,9384,12,63,6,n664-2,I,,,,0
59,59,390.5,0.5,390.5,0.5,9396,12,58,6,n665-2,,,,,0
59,59,391.0,1.0,391.0,1.0,9408,24,67,5,n662-2,,,,,0
59,59,391.0,0.5,391.0,0.5,9408,12,63,6,n666-2,,,,,0
59,59,391.5,0.5,391.5,0.5,9420,12,58,6,n667-2,,,,,0
59,59,391.75,0.25,391.75,0.25,9426,6,70,1,n658-2,,,,,0
59,59,392.0,0.5,392.0,0.5,9432,12,63,6,n668-2,,,,,0
59,59,392.0,1.0,392.0,1.0,9432,24,67,5,n663-2,,,,,0
59,59,392.0,0.75,392.0,0.75,9432,18,79,1,n659-2,,,,,0
59,59,392.5,0.5,392.5,0.5,9444,12,58,6,n669-2,,,,,0
59,59,392.75,0.25,392.75,0.25,9450,6,79,1,n660-2,,,,,0
60,60,393.0,1.0,393.0,1.0,9456,24,82,1,n670-2,,,,,0
60,60,393.0,1.0,393.0,1.0,9456,24,65,5,n676-2,,,,,0
60,60,393.0,0.5,393.0,0.5,9456,12,62,6,n679-2,V7],,,,0
60,60,393.5,0.5,393.5,0.5,9468,12,58,6,n680-2,,,,,0
60,60,394.0,1.0,394.0,1.0,9480,24,65,5,n677-2,,,,,0
60,60,394.0,0.5,394.0,0.5,9480,12,62,6,n681-2,,,,,0
60,60,394.0,1.0,394.0,1.0,9480,24,80,1,n671-2,,,,,0
60,60,394.5,0.5,394.5,0.5,9492,12,58,6,n682-2,,,,,0
60,60,395.0,0.5,395.0,0.5,9504,12,62,6,n683-2,,,,,0
60,60,395.0,1.0,395.0,1.0,9504,24,65,5,n678-2,,,,,0
60,60,395.0,0.25,395.0,0.25,9504,6,80,1,n672-2,,,,,0
60,60,395.25,0.25,395.25,0.25,9510,6,82,1,n673-2,,,,,0
60,60,395.5,0.5,395.5,0.5,9516,12,58,6,n684-2,,,,,0
60,60,395.5,0.25,395.5,0.25,9516,6,80,1,n674-2,,,,,0
60,60,395.75,0.25,395.75,0.25,9522,6,77,1,n675-2,,,,,0
61,61,396.0,0.25,396.0,0.25,9528,6,79,1,n685-2,,,,,0
61,61,396.0,1.0,396.0,1.0,9528,24,63,5,n695-2,I,,,,0
61,61,396.25,0.25,396.25,0.25,9534,6,80,1,n686-2,,,,,0
61,61,396.5,0.25,396.5,0.25,9540,6,79,1,n687-2,,,,,0
61,61,396.75,0.25,396.75,0.25,9546,6,75,1,n688-2,,,,,0
61,61,397.0,0.33333334,397.0,0.33333334,9552,8,82,1,n689-2,,,,,0
61,61,397.33334,0.33333334,397.33334,0.33333334,9560,8,80,1,n690-2,,,,,0
61,61,397.66666,0.33333334,397.66666,0.33333334,9568,8,79,1,n691-2,,,,,0
61,61,398.0,1.0,398.0,1.0,9576,24,43,5,n697-2,V65/IV,,,,0
61,61,398.0,1.0,398.0,1.0,9576,24,55,5,n698-2,,,,,0
61,61,398.0,0.33333334,398.0,0.33333334,9576,8,77,1,n692-2,,,,,0
61,61,398.33334,0.33333334,398.33334,0.33333334,9584,8,75,1,n693-2,,,,,0
61,61,398.66666,0.33333334,398.66666,0.33333334,9592,8,73,1,n694-2,,,,,0
62,62,399.0,1.0,399.0,1.0,9600,24,44,6,n712-2,IV,,,,0
62,62,399.0,0.25,399.0,0.25,9600,6,72,1,n699-2,,,,,0
62,62,399.0,1.0,399.0,1.0,9600,24,56,6,n713-2,,,,,0
62,62,399.25,0.25,399.25,0.25,9606,6,73,1,n700-2,,,,,0
62,62,399.5,0.25,399.5,0.25,9612,6,72,1,n701-2,,,,,0
62,62,399.75,0.25,399.75,0.25,9618,6,68,1,n702-2,,,,,0
62,62,400.0,0.33333334,400.0,0.33333334,9624,8,84,1,n703-2,,,,,0
62,62,400.33334,0.33333334,400.33334,0.33333334,9632,8,82,1,n704-2,,,,,0
62,62,400.66666,0.33333334,400.66666,0.33333334,9640,8,80,1,n705-2,,,,,0
62,62,401.0,1.0,401.0,1.0,9648,24,58,5,n710-2,#viio43/ii,,,,0
62,62,401.0,1.0,401.0,1.0,9648,24,61,5,n711-2,,,,,0
62,62,401.0,0.33333334,401.0,0.33333334,9648,8,79,1,n706-2,,,,,0
62,62,401.33334,0.33333334,401.33334,0.33333334,9656,8,77,1,n707-2,,,,,0
62,62,401.66666,0.33333334,401.66666,0.33333334,9664,8,76,1,n708-2,,,,,0
63,63,402.0,1.0,402.0,1.0,9672,24,56,5,n724-2,ii6,,,,0
63,63,402.0,0.25,402.0,0.25,9672,6,77,1,n714-2,,,,,0
63,63,402.0,1.0,402.0,1.0,9672,24,60,5,n725-2,,,,,0
63,63,402.25,0.25,402.25,0.25,9678,6,79,1,n715-2,,,,,0
63,63,402.5,0.25,402.5,0.25,9684,6,77,1,n716-2,,,,,0
63,63,402.75,0.25,402.75,0.25,9690,6,72,1,n717-2,,,,,0
63,63,403.0,0.33333334,403.0,0.33333334,9696,8,84,1,n718-2,,,,,0
63,63,403.33334,0.33333334,403.33334,0.33333334,9704,8,82,1,n719-2,,,,,0
63,63,403.66666,0.33333334,403.66666,0.33333334,9712,8,80,1,n720-2,,,,,0
63,63,404.0,1.0,404.0,1.0,9720,24,57,6,n729-2,vii%7/V,,,,0
63,63,404.0,0.33333334,404.0,0.33333334,9720,8,63,5,n726-2,,,,,0
63,63,404.0,0.33333334,404.0,0.33333334,9720,8,79,1,n721-2,,,,,0
63,63,404.33334,0.33333334,404.33334,0.33333334,9728,8,65,5,n727-2,,,,,0
63,63,404.33334,0.33333334,404.33334,0.33333334,9728,8,77,1,n722-2,,,,,0
63,63,404.66666,0.33333334,404.66666,0.33333334,9736,8,75,1,n723-2,,,,,0
63,63,404.66666,0.33333334,404.66666,0.33333334,9736,8,67,5,n728-2,,,,,0
64,64,405.0,1.0,405.0,1.0,9744,24,67,5,n736-2,,,,,0
64,64,405.0,2.0,405.0,2.0,9744,48,58,6,n740-2,V(64)},1.0,3/4,},3
64,64,405.0,1.0,405.0,1.0,9744,24,75,1,n730-2,,,,,0
64,64,406.0,1.0,406.0,1.0,9768,24,74,1,n731-2,,,,,0
64,64,406.0,1.0,406.0,1.0,9768,24,65,5,n737-2,V|HC,,,,0
64,64,407.0,0.25,407.0,0.25,9792,6,70,1,n732-2,,,,,0
64,64,407.0,0.5,407.0,0.5,9792,12,51,5,n738-2,I{,1.0,3/4,{,1
64,64,407.25,0.25,407.25,0.25,9798,6,72,1,n733-2,,,,,0
64,64,407.5,0.25,407.5,0.25,9804,6,70,1,n734-2,,,,,0
64,64,407.5,0.5,407.5,0.5,9804,12,58,5,n739-2,,,,,0
64,64,407.75,0.25,407.75,0.25,9810,6,67,1,n735-2,,,,,0
65,65,408.0,1.0,408.0,1.0,9816,24,68,1,n741-2,,,,,0
65,65,408.0,0.5,408.0,0.5,9816,12,53,5,n747-2,V43,,,,0
65,65,408.5,0.5,408.5,0.5,9828,12,58,5,n748-2,,,,,0
65,65,409.0,0.5,409.0,0.5,9840,12,56,5,n749-2,V2,,,,0
65,65,409.0,1.0,409.0,1.0,9840,24,65,1,n742-2,,,,,0
65,65,409.5,0.5,409.5,0.5,9852,12,58,5,n750-2,,,,,0
65,65,410.0,0.5,410.0,0.5,9864,12,56,5,n751-2,,,,,0
65,65,410.0,0.25,410.0,0.25,9864,6,74,1,n743-2,,,,,0
65,65,410.25,0.25,410.25,0.25,9870,6,75,1,n744-2,,,,,0
65,65,410.5,0.25,410.5,0.25,9876,6,74,1,n745-2,,,,,0
65,65,410.5,0.5,410.5,0.5,9876,12,58,5,n752-2,,,,,0
65,65,410.75,0.25,410.75,0.25,9882,6,70,1,n746-2,,,,,0
66,66,411.0,1.0,411.0,1.0,9888,24,75,1,n753-2,,,,,0
66,66,411.0,0.5,411.0,0.5,9888,12,55,5,n759-2,I6,,,,0
66,66,411.5,0.5,411.5,0.5,9900,12,58,5,n760-2,,,,,0
66,66,412.0,1.0,412.0,1.0,9912,24,79,1,n754-2,,,,,0
66,66,412.0,0.5,412.0,0.5,9912,12,51,5,n761-2,I,,,,0
66,66,412.5,0.5,412.5,0.5,9924,12,58,5,n762-2,,,,,0
66,66,413.0,0.25,413.0,0.25,9936,6,70,1,n755-2,,,,,0
66,66,413.0,0.5,413.0,0.5,9936,12,51,5,n763-2,,,,,0
66,66,413.25,0.25,413.25,0.25,9942,6,72,1,n756-2,,,,,0
66,66,413.5,0.5,413.5,0.5,9948,12,58,5,n764-2,,,,,0
66,66,413.5,0.25,413.5,0.25,9948,6,70,1,n757-2,,,,,0
66,66,413.75,0.25,413.75,0.25,9954,6,67,1,n758-2,,,,,0
67,67,414.0,1.0,414.0,1.0,9960,24,68,1,n765-2,,,,,0
67,67,414.0,0.5,414.0,0.5,9960,12,53,5,n771-2,V43,,,,0
67,67,414.5,0.5,414.5,0.5,9972,12,58,5,n772-2,,,,,0
67,67,415.0,0.5,415.0,0.5,9984,12,56,5,n773-2,V2,,,,0
67,67,415.0,1.0,415.0,1.0,9984,24,65,1,n766-2,,,,,0
67,67,415.5,0.5,415.5,0.5,9996,12,58,5,n774-2,,,,,0
67,67,416.0,0.25,416.0,0.25,10008,6,74,1,n767-2,,,,,0
67,67,416.0,0.5,416.0,0.5,10008,12,56,5,n775-2,,,,,0
67,67,416.25,0.25,416.25,0.25,10014,6,75,1,n768-2,,,,,0
67,67,416.5,0.25,416.5,0.25,10020,6,74,1,n769-2,,,,,0
67,67,416.5,0.5,416.5,0.5,10020,12,58,5,n776-2,,,,,0
67,67,416.75,0.25,416.75,0.25,10026,6,70,1,n770-2,,,,,0
68,68,417.0,1.0,417.0,1.0,10032,24,75,1,n777-2,,,,,0
68,68,417.0,0.5,417.0,0.5,10032,12,55,5,n783-2,I6,,,,0
68,68,417.5,0.5,417.5,0.5,10044,12,58,5,n784-2,,,,,0
68,68,418.0,1.0,418.0,1.0,10056,24,79,1,n778-2,,,,,0
68,68,418.0,1.0,418.0,1.0,10056,24,51,5,n785-2,I,,,,0
68,68,419.0,0.0,419.0,0.0,10080,0,89,1,n779-2,,,,,0
68,68,419.0,0.5,419.0,0.5,10080,12,87,1,n780-2,,,,,0
68,68,419.5,0.25,419.5,0.25,10092,6,86,1,n781-2,,,,,0
68,68,419.75,0.25,419.75,0.25,10098,6,84,1,n782-2,,,,,0
69,69,420.0,1.0,420.0,1.0,10104,24,82,1,n788-2,,,,,0
69,69,420.0,0.0,420.0,0.0,10104,0,84,1,n787-2,,,,,0
69,69,421.0,1.0,421.0,1.0,10128,24,82,1,n789-2,,,,,0
69,69,421.0,1.0,421.0,1.0,10128,24,63,5,n794-2,,,,,0
69,69,421.0,1.0,421.0,1.0,10128,24,55,6,n796-2,I6,,,,0
69,69,422.0,0.0,422.0,0.0,10152,0,84,1,n790-2,,,,,0
69,69,422.0,1.0,422.0,1.0,10152,24,63,5,n795-2,,,,,0
69,69,422.0,1.0,422.0,1.0,10152,24,55,6,n797-2,,,,,0
69,69,422.0,0.5,422.0,0.5,10152,12,82,1,n791-2,,,,,0
69,69,422.5,0.25,422.5,0.25,10164,6,80,1,n792-2,,,,,0
69,69,422.75,0.25,422.75,0.25,10170,6,79,1,n793-2,,,,,0
70,70,423.0,1.0,423.0,1.0,10176,24,77,1,n799-2,,,,,0
70,70,423.0,0.0,423.0,0.0,10176,0,79,1,n798-2,,,,,0
70,70,424.0,1.0,424.0,1.0,10200,24,77,1,n800-2,,,,,0
70,70,424.0,1.0,424.0,1.0,10200,24,63,5,n802-2,,,,,0
70,70,424.0,1.0,424.0,1.0,10200,24,56,6,n804-2,ii65,,,,0
70,70,425.0,1.0,425.0,1.0,10224,24,63,5,n803-2,,,,,0
70,70,425.0,1.0,425.0,1.0,10224,24,57,6,n805-2,V65/V,,,,0
70,70,425.0,1.0,425.0,1.0,10224,24,77,1,n801-2,,,,,0
71,71,426.0,0.125,426.0,0.125,10248,3,63,5,n814-2,,,,,0
71,71,426.0,0.125,426.0,0.125,10248,3,79,1,n806-2,,,,,0
71,71,426.0,1.0,426.0,1.0,10248,24,58,6,n822-2,V(64),,,,0
71,71,426.125,0.125,426.125,0.125,10251,3,65,5,n815-2,,,,,0
71,71,426.125,0.125,426.125,0.125,10251,3,80,1,n807-2,,,,,0
71,71,426.25,0.75,426.25,0.75,10254,18,67,5,n816-2,,,,,0
71,71,426.25,0.75,426.25,0.75,10254,18,82,1,n808-2,,,,,0
71,71,428.0,0.0,428.0,0.0,10296,0,82,1,n810-2,,,,,0
71,71,428.0,0.5,428.0,0.5,10296,12,65,5,n819-2,,,,,0
71,71,428.0,0.0,428.0,0.0,10296,0,67,5,n818-2,,,,,0
71,71,428.0,0.5,428.0,0.5,10296,12,80,1,n811-2,,,,,0
71,71,428.0,1.0,428.0,1.0,10296,24,58,6,n824-2,V7,,,,0
71,71,428.5,0.25,428.5,0.25,10308,6,63,5,n820-2,,,,,0
71,71,428.5,0.25,428.5,0.25,10308,6,79,1,n812-2,,,,,0
71,71,428.75,0.25,428.75,0.25,10314,6,62,5,n821-2,,,,,0
71,71,428.75,0.25,428.75,0.25,10314,6,77,1,n813-2,,,,,0
72,72,429.0,1.0,429.0,1.0,10320,24,63,5,n827-2,I|PAC},2.0,3/4,},3
72,72,429.0,1.0,429.0,1.0,10320,24,75,1,n825-2,,,,,0
72,72,430.0,1.0,430.0,1.0,10344,24,51,6,n829-2,,,,,0
0,0,431.0,0.75,431.0,0.75,10368,18,74,1,n1-3,Bb.I6{,4.0,3/4,{,1
0,0,431.75,0.25,431.75,0.25,10386,6,75,1,n2-3,,,,,0
1,1,432.0,0.5,432.0,0.5,10392,12,72,1,n5-3,,,,,0
1,1,432.5,0.5,432.5,0.5,10404,12,70,1,n6-3,,,,,0
1,1,433.0,1.0,433.0,1.0,10416,24,62,5,n10-3,,,,,0
1,1,433.0,1.0,433.0,1.0,10416,24,65,5,n11-3,,,,,0
1,1,433.0,1.0,433.0,1.0,10416,24,70,1,n7-3,,,,,0
1,1,434.0,1.0,434.0,1.0,10440,24,62,5,n12-3,,,,,0
1,1,434.0,1.0,434.0,1.0,10440,24,65,5,n13-3,,,,,0
1,1,434.0,1.0,434.0,1.0,10440,24,70,1,n8-3,,,,,0
2,2,435.0,1.0,435.0,1.0,10464,24,63,5,n19-3,V2,,,,0
2,2,435.0,1.0,435.0,1.0,10464,24,65,5,n20-3,,,,,0
2,2,435.0,1.0,435.0,1.0,10464,24,69,1,n15-3,,,,,0
2,2,437.0,0.75,437.0,0.75,10512,18,75,1,n17-3,,,,,0
2,2,437.75,0.25,437.75,0.25,10530,6,77,1,n18-3,,,,,0
3,3,438.0,0.5,438.0,0.5,10536,12,74,1,n25-3,,,,,0
3,3,438.5,0.5,438.5,0.5,10548,12,72,1,n26-3,,,,,0
3,3,439.0,1.0,439.0,1.0,10560,24,63,6,n33-3,,,,,0
3,3,439.0,1.0,439.0,1.0,10560,24,65,5,n30-3,,,,,0
3,3,439.0,1.0,439.0,1.0,10560,24,72,1,n27-3,,,,,0
3,3,440.0,1.0,440.0,1.0,10584,24,63,6,n34-3,,,,,0
3,3,440.0,1.0,440.0,1.0,10584,24,65,5,n31-3,,,,,0
3,3,440.0,1.0,440.0,1.0,10584,24,72,1,n28-3,,,,,0
4,4,441.0,1.0,441.0,1.0,10608,24,65,5,n39-3,,,,,0
4,4,441.0,1.0,441.0,1.0,10608,24,70,1,n35-3,,,,,0
4,4,441.0,1.0,441.0,1.0,10608,24,62,6,n43-3,I6,,,,0
4,4,443.0,0.75,443.0,0.75,10656,18,58,5,n41-3,I,,,,0
4,4,443.0,0.75,443.0,0.75,10656,18,74,1,n37-3,,,,,0
4,4,443.75,0.25,443.75,0.25,10674,6,60,5,n42-3,,,,,0
4,4,443.75,0.25,443.75,0.25,10674,6,75,1,n38-3,,,,,0
5,5,444.0,0.5,444.0,0.5,10680,12,77,1,n46-3,,,,,0
5,5,444.0,7.0,444.0,7.0,10680,168,53,6,n58-3,V[I6,,,,0
5,5,444.0,0.5,444.0,0.5,10680,12,62,5,n52-3,,,,,0
5,5,444.5,0.5,444.5,0.5,10692,12,79,1,n47-3,,,,,0
5,5,444.5,0.5,444.5,0.5,10692,12,63,5,n53-3,,,,,0
5,5,445.0,0.5,445.0,0.5,10704,12,60,5,n54-3,V7,,,,0
5,5,445.0,0.5,445.0,0.5,10704,12,75,1,n48-3,,,,,0
5,5,445.5,0.5,445.5,0.5,10716,12,57,5,n55-3,,,,,0
5,5,445.5,0.5,445.5,0.5,10716,12,72,1,n49-3,,,,,0
5,5,446.0,0.5,446.0,0.5,10728,12,58,5,n56-3,I,,,,0
5,5,446.0,0.5,446.0,0.5,10728,12,74,1,n50-3,,,,,0
5,5,446.5,0.5,446.5,0.5,10740,12,60,5,n57-3,,,,,0
5,5,446.5,0.5,446.5,0.5,10740,12,75,1,n51-3,,,,,0
6,6,447.0,0.5,447.0,0.5,10752,12,62,5,n65-3,I6,,,,0
6,6,447.0,0.5,447.0,0.5,10752,12,77,1,n59-3,,,,,0
6,6,447.5,0.5,447.5,0.5,10764,12,63,5,n66-3,,,,,0
6,6,447.5,0.5,447.5,0.5,10764,12,79,1,n60-3,,,,,0
6,6,448.0,0.5,448.0,0.5,10776,12,60,5,n67-3,V7,,,,0
6,6,448.0,0.5,448.0,0.5,10776,12,75,1,n61-3,,,,,0
6,6,448.5,0.5,448.5,0.5,10788,12,72,1,n62-3,,,,,0
6,6,448.5,0.5,448.5,0.5,10788,12,57,5,n68-3,,,,,0
6,6,449.0,0.5,449.0,0.5,10800,12,58,5,n69-3,I,,,,0
6,6,449.0,0.5,449.0,0.5,10800,12,74,1,n63-3,,,,,0
6,6,449.5,0.5,449.5,0.5,10812,12,60,5,n70-3,,,,,0
6,6,449.5,0.5,449.5,0.5,10812,12,75,1,n64-3,,,,,0
7,7,450.0,1.0,450.0,1.0,10824,24,62,5,n78-3,I6],,,,0
7,7,450.0,0.5,450.0,0.5,10824,12,77,1,n72-3,,,,,0
7,7,450.5,0.5,450.5,0.5,10836,12,82,1,n73-3,,,,,0
7,7,451.0,0.5,451.0,0.5,10848,12,81,1,n74-3,,,,,0
7,7,451.5,0.5,451.5,0.5,10860,12,79,1,n75-3,,,,,0
7,7,452.0,0.5,452.0,0.5,10872,12,77,1,n76-3,,,,,0
7,7,452.5,0.5,452.5,0.5,10884,12,76,1,n77-3,,,,,0
8,8,453.0,0.5,453.0,0.5,10896,12,74,1,n84-3,,,,,0
8,8,453.5,0.5,453.5,0.5,10908,12,72,1,n85-3,,,,,0
8,8,454.0,0.5,454.0,0.5,10920,12,71,1,n86-3,,,,,0
8,8,454.5,0.5,454.5,0.5,10932,12,70,1,n87-3,,,,,0
8,8,455.0,0.5,455.0,0.5,10944,12,69,1,n88-3,,,,,0
8,8,455.5,0.5,455.5,0.5,10956,12,67,1,n89-3,,,,,0
9,9,456.0,0.75,456.0,0.75,10968,18,72,1,n91-3,V.V(64),,,,0
9,9,456.75,0.25,456.75,0.25,10986,6,74,1,n92-3,,,,,0
9,9,457.0,1.0,457.0,1.0,10992,24,48,5,n98-3,,,,,0
9,9,457.0,1.0,457.0,1.0,10992,24,57,5,n99-3,,,,,0
9,9,457.0,1.0,457.0,1.0,10992,24,60,1,n93-3,,,,,0
9,9,457.0,1.0,457.0,1.0,10992,24,65,1,n94-3,,,,,0
9,9,458.0,1.0,458.0,1.0,11016,24,48,5,n100-3,V7,,,,0
9,9,458.0,1.0,458.0,1.0,11016,24,55,5,n101-3,,,,,0
9,9,458.0,1.0,458.0,1.0,11016,24,58,1,n95-3,,,,,0
9,9,458.0,1.0,458.0,1.0,11016,24,64,1,n96-3,,,,,0
10,10,459.0,1.0,459.0,1.0,11040,24,53,5,n110-3,I|PAC},2.0,3/4,},3
10,10,459.0,1.0,459.0,1.0,11040,24,57,1,n103-3,,,,,0
10,10,459.0,1.0,459.0,1.0,11040,24,65,1,n104-3,,,,,0
10,10,460.0,1.0,460.0,1.0,11064,24,41,5,n111-3,,,,,0
10,10,461.0,0.75,461.0,0.75,11088,18,70,1,n106-3,IV{,1.0,3/4,{,1
10,10,461.0,0.75,461.0,0.75,11088,18,74,1,n107-3,,,,,0
10,10,461.75,0.25,461.75,0.25,11106,6,72,1,n109-3,,,,,0
10,10,461.75,0.25,461.75,0.25,11106,6,69,1,n108-3,,,,,0
11,11,462.0,1.0,462.0,1.0,11112,24,69,1,n113-3,I,,,,0
11,11,462.0,1.0,462.0,1.0,11112,24,72,1,n114-3,,,,,0
11,11,463.0,1.0,463.0,1.0,11136,24,65,5,n121-3,,,,,0
11,11,464.0,0.75,464.0,0.75,11160,18,70,1,n116-3,viio64,,,,0
11,11,464.0,0.75,464.0,0.75,11160,18,76,1,n117-3,,,,,0
11,11,464.75,0.25,464.75,0.25,11178,6,69,1,n118-3,,,,,0
11,11,464.75,0.25,464.75,0.25,11178,6,77,1,n119-3,,,,,0
12,12,465.0,1.0,465.0,1.0,11184,24,69,1,n123-3,I},2.0,3/4,},3
12,12,465.0,1.0,465.0,1.0,11184,24,77,1,n124-3,,,,,0
12,12,466.0,1.0,466.0,1.0,11208,24,53,5,n127-3,,,,,0
X1,12,467.0,1.0,467.0,1.0,11232,24,53,5,n131-3,I.viio43/ii{,1.0,3/4,{,1
X1,12,467.0,1.0,467.0,1.0,11232,24,65,5,n132-3,,,,,0
X1,12,467.0,1.0,467.0,1.0,11232,24,71,1,n128-3,,,,,0
X1,12,467.0,1.0,467.0,1.0,11232,24,74,1,n129-3,,,,,0
X1,12,467.0,1.0,467.0,1.0,11232,24,80,1,n130-3,,,,,0
13,13,468.0,1.0,468.0,1.0,11256,24,79,1,n135-3,,,,,0
13,13,468.0,1.0,468.0,1.0,11256,24,76,1,n134-3,,,,,0
13,13,468.0,1.0,468.0,1.0,11256,24,52,5,n142-3,II6,,,,0
13,13,468.0,1.0,468.0,1.0,11256,24,64,5,n143-3,,,,,0
13,13,468.0,1.0,468.0,1.0,11256,24,72,1,n133-3,,,,,0
13,13,469.0,1.0,469.0,1.0,11280,24,51,5,n144-3,viio43,,,,0
13,13,469.0,1.0,469.0,1.0,11280,24,63,5,n145-3,,,,,0
13,13,469.0,1.0,469.0,1.0,11280,24,69,1,n136-3,,,,,0
13,13,469.0,1.0,469.0,1.0,11280,24,72,1,n137-3,,,,,0
13,13,469.0,1.0,469.0,1.0,11280,24,78,1,n138-3,,,,,0
13,13,470.0,1.0,470.0,1.0,11304,24,50,5,n146-3,I6,,,,0
13,13,470.0,1.0,470.0,1.0,11304,24,62,5,n147-3,,,,,0
13,13,470.0,1.0,470.0,1.0,11304,24,70,1,n139-3,,,,,0
13,13,470.0,1.0,470.0,1.0,11304,24,74,1,n140-3,,,,,0
13,13,470.0,1.0,470.0,1.0,11304,24,77,1,n141-3,,,,,0
14,14,471.0,1.0,471.0,1.0,11328,24,76,1,n150-3,,,,,0
14,14,471.0,1.0,471.0,1.0,11328,24,67,1,n148-3,,,,,0
14,14,471.0,1.0,471.0,1.0,11328,24,70,1,n149-3,,,,,0
14,14,471.0,1.0,471.0,1.0,11328,24,43,5,n157-3,viio6/V,,,,0
14,14,471.0,1.0,471.0,1.0,11328,24,55,5,n158-3,,,,,0
14,14,472.0,1.0,472.0,1.0,11352,24,45,5,n159-3,viio7,,,,0
14,14,472.0,1.0,472.0,1.0,11352,24,57,5,n160-3,,,,,0
14,14,472.0,1.0,472.0,1.0,11352,24,66,1,n151-3,,,,,0
14,14,472.0,1.0,472.0,1.0,11352,24,72,1,n152-3,,,,,0
14,14,472.0,1.0,472.0,1.0,11352,24,75,1,n153-3,,,,,0
14,14,473.0,1.0,473.0,1.0,11376,24,74,1,n156-3,,,,,0
14,14,473.0,1.0,473.0,1.0,11376,24,70,1,n155-3,,,,,0
14,14,473.0,1.0,473.0,1.0,11376,24,58,5,n162-3,,,,,0
14,14,473.0,1.0,473.0,1.0,11376,24,46,5,n161-3,I,,,,0
14,14,473.0,1.0,473.0,1.0,11376,24,65,1,n154-3,,,,,0
15,15,474.0,2.0,474.0,2.0,11400,48,51,5,n166-3,ii6,,,,0
15,15,475.0,1.0,475.0,1.0,11424,24,72,1,n164-3,,,,,0
15,15,476.0,1.0,476.0,1.0,11448,24,73,1,n165-3,,,,,0
15,15,476.0,1.0,476.0,1.0,11448,24,52,5,n167-3,viio7/V,,,,0
16,16,477.0,0.0,477.0,0.0,11472,0,70,1,n168-3,,,,,0
16,16,477.0,1.0,477.0,1.0,11472,24,53,5,n173-3,V,,,,0
16,16,477.0,1.0,477.0,1.0,11472,24,69,1,n169-3,,,,,0
16,16,478.0,1.0,478.0,1.0,11496,24,51,5,n174-3,V2,,,,0
16,16,478.0,0.5,478.0,0.5,11496,12,67,1,n170-3,,,,,0
16,16,478.5,0.5,478.5,0.5,11508,12,65,1,n171-3,,,,,0
16,16,479.0,1.0,479.0,1.0,11520,24,50,5,n175-3,I6,,,,0
16,16,479.0,1.0,479.0,1.0,11520,24,70,1,n172-3,,,,,0
17,17,480.0,1.0,480.0,1.0,11544,24,57,5,n186-3,viio,,,,0
17,17,480.0,1.0,480.0,1.0,11544,24,72,1,n176-3,,,,,0
17,17,480.0,1.0,480.0,1.0,11544,24,75,1,n177-3,,,,,0
17,17,481.0,1.0,481.0,1.0,11568,24,58,5,n187-3,I,,,,0
17,17,481.0,0.75,481.0,0.75,11568,18,70,1,n178-3,,,,,0
17,17,481.0,0.75,481.0,0.75,11568,18,74,1,n179-3,,,,,0
17,17,481.75,0.25,481.75,0.25,11586,6,69,1,n180-3,,,,,0
17,17,481.75,0.25,481.75,0.25,11586,6,72,1,n181-3,,,,,0
17,17,482.0,0.75,482.0,0.75,11592,18,74,1,n183-3,,,,,0
17,17,482.0,0.75,482.0,0.75,11592,18,70,1,n182-3,,,,,0
17,17,482.0,1.0,482.0,1.0,11592,24,52,5,n188-3,vii%7/V,,,,0
17,17,482.75,0.25,482.75,0.25,11610,6,72,1,n184-3,,,,,0
17,17,482.75,0.25,482.75,0.25,11610,6,75,1,n185-3,,,,,0
18,18,483.0,2.0,483.0,2.0,11616,48,53,5,n194-3,V(64)},1.0,3/4,},3
18,18,483.0,1.0,483.0,1.0,11616,24,70,1,n189-3,,,,,0
18,18,483.0,1.0,483.0,1.0,11616,24,74,1,n190-3,,,,,0
18,18,484.0,1.0,484.0,1.0,11640,24,69,1,n191-3,V|HC,,,,0
18,18,484.0,1.0,484.0,1.0,11640,24,72,1,n192-3,,,,,0
18,18,485.0,0.75,485.0,0.75,11664,18,62,5,n195-3,I6{,1.0,3/4,{,1
18,18,485.75,0.25,485.75,0.25,11682,6,63,5,n196-3,,,,,0
19,19,486.0,0.5,486.0,0.5,11688,12,60,5,n202-3,I,,,,0
19,19,486.5,0.5,486.5,0.5,11700,12,58,5,n203-3,,,,,0
19,19,487.0,1.0,487.0,1.0,11712,24,58,5,n204-3,,,,,0
19,19,487.0,1.0,487.0,1.0,11712,24,74,1,n198-3,,,,,0
19,19,487.0,1.0,487.0,1.0,11712,24,77,1,n199-3,,,,,0
19,19,488.0,1.0,488.0,1.0,11736,24,74,1,n200-3,,,,,0
19,19,488.0,1.0,488.0,1.0,11736,24,77,1,n201-3,,,,,0
19,19,488.0,1.0,488.0,1.0,11736,24,58,5,n205-3,,,,,0
20,20,489.0,1.0,489.0,1.0,11760,24,57,5,n210-3,V65,,,,0
20,20,489.0,1.0,489.0,1.0,11760,24,75,1,n206-3,,,,,0
20,20,489.0,1.0,489.0,1.0,11760,24,77,1,n207-3,,,,,0
20,20,491.0,0.75,491.0,0.75,11808,18,63,5,n212-3,,,,,0
20,20,491.75,0.25,491.75,0.25,11826,6,65,5,n213-3,,,,,0
21,21,492.0,0.5,492.0,0.5,11832,12,62,5,n219-3,viio6,,,,0
21,21,492.5,0.5,492.5,0.5,11844,12,60,5,n220-3,,,,,0
21,21,493.0,1.0,493.0,1.0,11856,24,87,1,n216-3,,,,,0
21,21,493.0,1.0,493.0,1.0,11856,24,60,5,n221-3,,,,,0
21,21,493.0,1.0,493.0,1.0,11856,24,81,1,n215-3,,,,,0
21,21,494.0,1.0,494.0,1.0,11880,24,81,1,n217-3,,,,,0
21,21,494.0,1.0,494.0,1.0,11880,24,87,1,n218-3,,,,,0
21,21,494.0,1.0,494.0,1.0,11880,24,60,5,n222-3,,,,,0
22,22,495.0,1.0,495.0,1.0,11904,24,86,1,n224-3,,,,,0
22,22,495.0,1.0,495.0,1.0,11904,24,58,5,n228-3,I,,,,0
22,22,495.0,1.0,495.0,1.0,11904,24,82,1,n223-3,,,,,0
22,22,497.0,0.75,497.0,0.75,11952,18,74,1,n226-3,,,,,0
22,22,497.0,0.75,497.0,0.75,11952,18,58,5,n230-3,,,,,0
22,22,497.75,0.25,497.75,0.25,11970,6,60,5,n231-3,,,,,0
22,22,497.75,0.25,497.75,0.25,11970,6,75,1,n227-3,,,,,0
23,23,498.0,7.0,498.0,7.0,11976,168,53,6,n244-3,V[I6,,,,0
23,23,498.0,0.5,498.0,0.5,11976,12,62,5,n238-3,,,,,0
23,23,498.0,0.5,498.0,0.5,11976,12,77,1,n232-3,,,,,0
23,23,498.5,0.5,498.5,0.5,11988,12,79,1,n233-3,,,,,0
23,23,498.5,0.5,498.5,0.5,11988,12,63,5,n239-3,,,,,0
23,23,499.0,0.5,499.0,0.5,12000,12,60,5,n240-3,V7,,,,0
23,23,499.0,0.5,499.0,0.5,12000,12,75,1,n234-3,,,,,0
23,23,499.5,0.5,499.5,0.5,12012,12,57,5,n241-3,,,,,0
23,23,499.5,0.5,499.5,0.5,12012,12,72,1,n235-3,,,,,0
23,23,500.0,0.5,500.0,0.5,12024,12,58,5,n242-3,I,,,,0
23,23,500.0,0.5,500.0,0.5,12024,12,74,1,n236-3,,,,,0
23,23,500.5,0.5,500.5,0.5,12036,12,60,5,n243-3,,,,,0
23,23,500.5,0.5,500.5,0.5,12036,12,75,1,n237-3,,,,,0
24,24,501.0,0.5,501.0,0.5,12048,12,77,1,n245-3,,,,,0
24,24,501.0,0.5,501.0,0.5,12048,12,62,5,n251-3,I6,,,,0
24,24,501.5,0.5,501.5,0.5,12060,12,63,5,n252-3,,,,,0
24,24,501.5,0.5,501.5,0.5,12060,12,79,1,n246-3,,,,,0
24,24,502.0,0.5,502.0,0.5,12072,12,60,5,n253-3,V7,,,,0
24,24,502.0,0.5,502.0,0.5,12072,12,75,1,n247-3,,,,,0
24,24,502.5,0.5,502.5,0.5,12084,12,57,5,n254-3,,,,,0
24,24,502.5,0.5,502.5,0.5,12084,12,72,1,n248-3,,,,,0
24,24,503.0,0.5,503.0,0.5,12096,12,58,5,n255-3,I,,,,0
24,24,503.0,0.5,503.0,0.5,12096,12,74,1,n249-3,,,,,0
24,24,503.5,0.5,503.5,0.5,12108,12,60,5,n256-3,,,,,0
24,24,503.5,0.5,503.5,0.5,12108,12,75,1,n250-3,,,,,0
25,25,504.0,0.5,504.0,0.5,12120,12,77,1,n258-3,,,,,0
25,25,504.0,1.0,504.0,1.0,12120,24,62,5,n264-3,I6],,,,0
25,25,504.5,0.5,504.5,0.5,12132,12,87,1,n259-3,,,,,0
25,25,505.0,0.5,505.0,0.5,12144,12,86,1,n260-3,,,,,0
25,25,505.5,0.5,505.5,0.5,12156,12,84,1,n261-3,,,,,0
25,25,506.0,0.5,506.0,0.5,12168,12,82,1,n262-3,,,,,0
25,25,506.5,0.5,506.5,0.5,12180,12,81,1,n263-3,,,,,0
26,26,507.0,0.5,507.0,0.5,12192,12,79,1,n270-3,,,,,0
26,26,507.5,0.5,507.5,0.5,12204,12,77,1,n271-3,,,,,0
26,26,508.0,0.5,508.0,0.5,12216,12,76,1,n272-3,,,,,0
26,26,508.5,0.5,508.5,0.5,12228,12,75,1,n273-3,,,,,0
26,26,509.0,0.5,509.0,0.5,12240,12,74,1,n274-3,,,,,0
26,26,509.5,0.5,509.5,0.5,12252,12,72,1,n275-3,,,,,0
27,27,510.0,0.75,510.0,0.75,12264,18,77,1,n278-3,V(64),,,,0
27,27,510.75,0.25,510.75,0.25,12282,6,79,1,n279-3,,,,,0
27,27,511.0,1.0,511.0,1.0,12288,24,70,1,n281-3,,,,,0
27,27,511.0,1.0,511.0,1.0,12288,24,53,5,n285-3,,,,,0
27,27,511.0,1.0,511.0,1.0,12288,24,62,5,n286-3,,,,,0
27,27,511.0,1.0,511.0,1.0,12288,24,65,1,n280-3,,,,,0
27,27,512.0,1.0,512.0,1.0,12312,24,69,1,n283-3,,,,,0
27,27,512.0,1.0,512.0,1.0,12312,24,53,5,n287-3,V7,,,,0
27,27,512.0,1.0,512.0,1.0,12312,24,63,1,n282-3,,,,,0
27,27,512.0,1.0,512.0,1.0,12312,24,60,5,n288-3,,,,,0
28,28,513.0,1.0,513.0,1.0,12336,24,70,1,n290-3,,,,,0
28,28,513.0,1.0,513.0,1.0,12336,24,62,1,n289-3,,,,,0
28,28,513.0,1.0,513.0,1.0,12336,24,58,5,n296-3,I|PAC},2.0,3/4,},3
28,28,514.0,1.0,514.0,1.0,12360,24,46,5,n297-3,,,,,0
28,28,515.0,0.75,515.0,0.75,12384,18,79,1,n293-3,,,,,0
28,28,515.0,0.75,515.0,0.75,12384,18,75,1,n292-3,IV{,1.0,3/4,{,1
28,28,515.75,0.25,515.75,0.25,12402,6,77,1,n295-3,,,,,0
28,28,515.75,0.25,515.75,0.25,12402,6,74,1,n294-3,,,,,0
29,29,516.0,1.0,516.0,1.0,12408,24,77,1,n300-3,,,,,0
29,29,516.0,1.0,516.0,1.0,12408,24,74,1,n299-3,I,,,,0
29,29,517.0,1.0,517.0,1.0,12432,24,70,5,n307-3,,,,,0
29,29,518.0,0.75,518.0,0.75,12456,18,75,1,n302-3,viio64,,,,0
29,29,518.0,0.75,518.0,0.75,12456,18,81,1,n303-3,,,,,0
29,29,518.75,0.25,518.75,0.25,12474,6,74,1,n304-3,,,,,0
29,29,518.75,0.25,518.75,0.25,12474,6,82,1,n305-3,,,,,0
30,30,519.0,1.0,519.0,1.0,12480,24,82,1,n310-3,,,,,0
30,30,519.0,1.0,519.0,1.0,12480,24,74,1,n309-3,I,,,,0
30,30,520.0,1.0,520.0,1.0,12504,24,58,5,n315-3,,,,,0
30,30,521.0,1.0,521.0,1.0,12528,24,55,5,n316-3,vi,,,,0
30,30,521.0,0.75,521.0,0.75,12528,18,74,1,n312-3,,,,,0
30,30,521.75,0.25,521.75,0.25,12546,6,70,1,n313-3,,,,,0
31,31,522.0,2.0,522.0,2.0,12552,48,67,2,n320-3,,,,,0
31,31,522.0,1.0,522.0,1.0,12552,24,51,5,n322-3,IV,,,,0
31,31,522.0,2.0,522.0,2.0,12552,48,75,1,n317-3,,,,,0
31,31,523.0,1.0,523.0,1.0,12576,24,48,5,n323-3,ii,,,,0
31,31,524.0,1.0,524.0,1.0,12600,24,63,2,n321-3,,,,,0
31,31,524.0,0.75,524.0,0.75,12600,18,72,1,n318-3,,,,,0
31,31,524.0,1.0,524.0,1.0,12600,24,53,5,n324-3,V7,,,,0
31,31,524.75,0.25,524.75,0.25,12618,6,69,1,n319-3,,,,,0
32,32,525.0,1.0,525.0,1.0,12624,24,58,5,n329-3,I|PAC},2.0,3/4,},3
32,32,525.0,1.0,525.0,1.0,12624,24,62,2,n327-3,,,,,0
32,32,525.0,1.0,525.0,1.0,12624,24,70,1,n325-3,,,,,0
32,32,526.0,1.0,526.0,1.0,12648,24,46,5,n330-3,,,,,0
