onset_beat,duration_beat,onset_quarter,duration_quarter,onset_div,duration_div,pitch,voice,id,xml_mn,mn,duration_qb,timesig,label,globalkey,localkey,chord,special,numeral,cadence,phraseend,chord_type
-1.5,0.5,-1.5,0.5,0,8,72,1,n1-1,0,0,1.5,3/4,F.V{,F,I,V,,V,,{,M
-1.0,0.5,-1.0,0.5,8,8,72,1,n2-1,0,0,,,,,,,,,,,
-0.5,0.5,-0.5,0.5,16,8,72,1,n3-1,0,0,,,,,,,,,,,
0.0,0.75,0.0,0.75,24,12,72,1,n6-1,1,1,,,,,,,,,,,
0.0,2.0,0.0,2.0,24,32,60,5,n18-1,1,1,,,,,,,,,,,
0.0,2.0,0.0,2.0,24,32,53,5,n16-1,1,1,2.0,3/4,I,F,I,I,,I,,,M
0.0,2.0,0.0,2.0,24,32,57,5,n17-1,1,1,,,,,,,,,,,
0.75,0.0,0.75,0.0,36,0,72,1,n10-1,1,1,,,,,,,,,,,
0.75,0.25,0.75,0.25,36,4,77,1,n11-1,1,1,,,,,,,,,,,
0.75,0.0,0.75,0.0,36,0,74,1,n7-1,1,1,,,,,,,,,,,
0.75,0.0,0.75,0.0,36,0,71,1,n9-1,1,1,,,,,,,,,,,
0.75,0.0,0.75,0.0,36,0,72,1,n8-1,1,1,,,,,,,,,,,
1.0,0.5,1.0,0.5,40,8,72,1,n12-1,1,1,,,,,,,,,,,
1.5,0.5,1.5,0.5,48,8,69,1,n13-1,1,1,,,,,,,,,,,
2.0,1.0,2.0,1.0,56,16,55,5,n20-1,1,1,,,,,,,,,,,
2.0,1.0,2.0,1.0,56,16,58,5,n21-1,1,1,,,,,,,,,,,
2.0,1.0,2.0,1.0,56,16,48,5,n19-1,1,1,1.0,3/4,V7,F,I,V7,,V,,,Mm7
2.0,0.5,2.0,0.5,56,8,72,1,n14-1,1,1,,,,,,,,,,,
2.5,0.5,2.5,0.5,64,8,64,1,n15-1,1,1,,,,,,,,,,,
3.0,1.0,3.0,1.0,72,16,67,1,n22-1,2,2,,,,,,,,,,,
3.0,1.0,3.0,1.0,72,16,58,5,n31-1,2,2,,,,,,,,,,,
3.0,1.5,3.0,1.5,72,24,50,6,n39-1,2,2,1.0,3/4,vi(64),F,I,vi(64),,vi,,,m
4.0,0.5,4.0,0.5,88,8,65,1,n23-1,2,2,,,,,,,,,,,
4.0,0.5,4.0,0.5,88,8,57,5,n32-1,2,2,0.5,3/4,vi,F,I,vi,,vi,,,m
4.5,0.5,4.5,0.5,96,8,45,5,n33-1,2,2,0.5,3/4,I6,F,I,I6,,I,,,M
4.5,0.5,4.5,0.5,96,8,57,5,n34-1,2,2,,,,,,,,,,,
4.5,1.0,4.5,1.0,96,16,60,2,n29-1,2,2,,,,,,,,,,,
4.5,0.5,4.5,0.5,96,8,65,1,n24-1,2,2,,,,,,,,,,,
5.0,0.5,5.0,0.5,104,8,43,5,n35-1,2,2,0.5,3/4,V64,F,I,V64,,V,,,M
5.0,0.5,5.0,0.5,104,8,64,1,n25-1,2,2,,,,,,,,,,,
5.0,0.5,5.0,0.5,104,8,55,5,n36-1,2,2,,,,,,,,,,,
5.0,0.5,5.0,0.5,104,8,67,1,n26-1,2,2,,,,,,,,,,,
5.5,0.5,5.5,0.5,112,8,60,2,n30-1,2,2,,,,,,,,,,,
5.5,0.5,5.5,0.5,112,8,53,5,n38-1,2,2,,,,,,,,,,,
5.5,0.5,5.5,0.5,112,8,69,1,n28-1,2,2,,,,,,,,,,,
5.5,0.5,5.5,0.5,112,8,41,5,n37-1,2,2,0.5,3/4,I,F,I,I,,I,,,M
5.5,0.5,5.5,0.5,112,8,65,1,n27-1,2,2,,,,,,,,,,,
6.0,0.5,6.0,0.5,120,8,50,5,n49-1,3,3,0.5,3/4,IV6,F,I,IV6,,IV,,,M
6.0,0.75,6.0,0.75,120,12,70,1,n40-1,3,3,,,,,,,,,,,
6.0,1.5,6.0,1.5,120,24,65,2,n47-1,3,3,,,,,,,,,,,
6.0,0.5,6.0,0.5,120,8,62,5,n50-1,3,3,,,,,,,,,,,
6.5,0.5,6.5,0.5,128,8,58,5,n52-1,3,3,,,,,,,,,,,
6.5,0.5,6.5,0.5,128,8,46,5,n51-1,3,3,0.5,3/4,IV,F,I,IV,,IV,,,M
6.75,0.125,6.75,0.125,132,2,72,1,n41-1,3,3,,,,,,,,,,,
6.875,0.125,6.875,0.125,134,2,74,1,n42-1,3,3,,,,,,,,,,,
7.0,0.5,7.0,0.5,136,8,45,5,n53-1,3,3,1.0,3/4,I6,F,I,I6,,I,,,M
7.0,0.5,7.0,0.5,136,8,72,1,n43-1,3,3,,,,,,,,,,,
7.0,0.5,7.0,0.5,136,8,57,5,n54-1,3,3,,,,,,,,,,,
7.5,0.5,7.5,0.5,144,8,65,1,n44-1,3,3,,,,,,,,,,,
8.0,1.0,8.0,1.0,152,16,50,5,n56-1,3,3,1.0,3/4,viio6/V,F,I,viio6/V,,vii,,,o
8.0,1.0,8.0,1.0,152,16,59,2,n48-1,3,3,,,,,,,,,,,
8.0,0.5,8.0,0.5,152,8,64,1,n45-1,3,3,,,,,,,,,,,
8.5,0.5,8.5,0.5,160,8,65,1,n46-1,3,3,,,,,,,,,,,
9.0,2.0,9.0,2.0,168,32,48,5,n65-1,4,4,1.0,3/4,V(64)},F,I,V(64),,V,,},M
9.0,2.0,9.0,2.0,168,32,60,2,n64-1,4,4,,,,,,,,,,,
9.0,1.0,9.0,1.0,168,16,65,1,n57-1,4,4,,,,,,,,,,,
9.0,1.0,9.0,1.0,168,16,69,1,n58-1,4,4,,,,,,,,,,,
10.0,0.5,10.0,0.5,184,8,67,1,n60-1,4,4,,,,,,,,,,,
10.0,0.5,10.0,0.5,184,8,64,1,n59-1,4,4,2.0,3/4,V|HC,F,I,V,,V,HC,,M
10.5,0.5,10.5,0.5,192,8,67,1,n61-1,4,4,0.0,3/4,{,F,I,,,,,{,
11.0,1.0,11.0,1.0,200,16,60,5,n66-1,4,4,,,,,,,,,,,
11.0,0.5,11.0,0.5,200,8,67,1,n62-1,4,4,,,,,,,,,,,
11.0,1.0,11.0,1.0,200,16,64,5,n67-1,4,4,,,,,,,,,,,
11.5,0.5,11.5,0.5,208,8,67,1,n63-1,4,4,,,,,,,,,,,
12.0,2.0,12.0,2.0,216,32,62,5,n77-1,5,5,,,,,,,,,,,
12.0,0.0,12.0,0.0,216,0,67,1,n68-1,5,5,,,,,,,,,,,
12.0,0.75,12.0,0.75,216,12,79,1,n69-1,5,5,,,,,,,,,,,
12.0,2.0,12.0,2.0,216,32,59,5,n76-1,5,5,2.0,3/4,V.V65,F,V,V65,,V,,,Mm7
12.0,2.0,12.0,2.0,216,32,65,5,n78-1,5,5,,,,,,,,,,,
12.75,0.125,12.75,0.125,228,2,74,1,n70-1,5,5,,,,,,,,,,,
12.875,0.125,12.875,0.125,230,2,71,1,n71-1,5,5,,,,,,,,,,,
13.0,0.5,13.0,0.5,232,8,67,1,n72-1,5,5,,,,,,,,,,,
13.5,0.5,13.5,0.5,240,8,67,1,n73-1,5,5,,,,,,,,,,,
14.0,1.0,14.0,1.0,248,16,60,5,n79-1,5,5,1.0,3/4,I,F,V,I,,I,,,M
14.0,1.0,14.0,1.0,248,16,64,5,n80-1,5,5,,,,,,,,,,,
14.0,0.5,14.0,0.5,248,8,67,1,n74-1,5,5,,,,,,,,,,,
14.5,0.5,14.5,0.5,256,8,67,1,n75-1,5,5,,,,,,,,,,,
15.0,1.375,15.0,1.375,264,22,79,1,n82-1,6,6,,,,,,,,,,,
15.0,0.0,15.0,0.0,264,0,67,1,n81-1,6,6,,,,,,,,,,,
15.0,1.0,15.0,1.0,264,16,59,5,n94-1,6,6,,,,,,,,,,,
15.0,1.0,15.0,1.0,264,16,53,5,n93-1,6,6,,,,,,,,,,,
15.0,1.0,15.0,1.0,264,16,50,5,n92-1,6,6,1.0,3/4,V43,F,V,V43,,V,,,Mm7
16.0,1.0,16.0,1.0,280,16,60,5,n97-1,6,6,,,,,,,,,,,
16.0,1.0,16.0,1.0,280,16,55,5,n96-1,6,6,,,,,,,,,,,
16.0,1.0,16.0,1.0,280,16,52,5,n95-1,6,6,2.0,3/4,I6,F,V,I6,,I,,,M
16.375,0.0625,16.375,0.0625,286,1,81,1,n84-1,6,6,,,,,,,,,,,
16.4375,0.0625,16.4375,0.0625,287,1,83,1,n85-1,6,6,,,,,,,,,,,
16.5,0.25,16.5,0.25,288,4,84,1,n86-1,6,6,,,,,,,,,,,
16.75,0.25,16.75,0.25,292,4,83,1,n87-1,6,6,,,,,,,,,,,
17.0,0.25,17.0,0.25,296,4,81,1,n88-1,6,6,,,,,,,,,,,
17.25,0.25,17.25,0.25,300,4,79,1,n89-1,6,6,,,,,,,,,,,
17.5,0.25,17.5,0.25,304,4,77,1,n90-1,6,6,,,,,,,,,,,
17.75,0.25,17.75,0.25,308,4,76,1,n91-1,6,6,,,,,,,,,,,
18.0,0.25,18.0,0.25,312,4,73,1,n99-1,7,7,1.0,3/4,ii6,F,V,ii6,,ii,,,m
18.25,0.25,18.25,0.25,316,4,74,1,n100-1,7,7,,,,,,,,,,,
18.5,0.5,18.5,0.5,320,8,53,6,n113-1,7,7,,,,,,,,,,,
18.5,0.5,18.5,0.5,320,8,57,5,n107-1,7,7,,,,,,,,,,,
18.5,0.5,18.5,0.5,320,8,62,5,n108-1,7,7,,,,,,,,,,,
18.5,0.25,18.5,0.25,320,4,77,1,n101-1,7,7,,,,,,,,,,,
18.75,0.25,18.75,0.25,324,4,81,1,n102-1,7,7,,,,,,,,,,,
19.0,1.5,19.0,1.5,328,24,72,1,n103-1,7,7,,,,,,,,,,,
19.0,1.0,19.0,1.0,328,16,64,5,n110-1,7,7,,,,,,,,,,,
19.0,1.0,19.0,1.0,328,16,60,5,n109-1,7,7,,,,,,,,,,,
19.0,2.0,19.0,2.0,328,32,55,6,n114-1,7,7,1.0,3/4,V(64),F,V,V(64),,V,,,M
20.0,1.0,20.0,1.0,344,16,65,5,n112-1,7,7,,,,,,,,,,,
20.0,1.0,20.0,1.0,344,16,62,5,n111-1,7,7,1.0,3/4,V7,F,V,V7,,V,,,Mm7
20.5,0.25,20.5,0.25,352,4,76,1,n104-1,7,7,,,,,,,,,,,
20.5,0.5,20.5,0.5,352,8,71,2,n106-1,7,7,,,,,,,,,,,
20.75,0.25,20.75,0.25,356,4,74,1,n105-1,7,7,,,,,,,,,,,
21.0,1.0,21.0,1.0,360,16,64,5,n118-1,8,8,,,,,,,,,,,
21.0,1.0,21.0,1.0,360,16,60,5,n117-1,8,8,1.5,3/4,I|PAC},F,V,I,,I,PAC,},M
21.0,1.0,21.0,1.0,360,16,72,1,n115-1,8,8,,,,,,,,,,,
22.0,0.5,22.0,0.5,376,8,48,5,n119-1,8,8,,,,,,,,,,,
22.5,0.5,22.5,0.5,384,8,72,1,n1-2,0,0,1.5,3/4,F.V{,F,I,V,,V,,{,M
23.0,0.5,23.0,0.5,392,8,72,1,n2-2,0,0,,,,,,,,,,,
23.5,0.5,23.5,0.5,400,8,72,1,n3-2,0,0,,,,,,,,,,,
24.0,0.75,24.0,0.75,408,12,72,1,n6-2,1,1,,,,,,,,,,,
24.0,2.0,24.0,2.0,408,32,60,5,n18-2,1,1,,,,,,,,,,,
24.0,2.0,24.0,2.0,408,32,57,5,n17-2,1,1,,,,,,,,,,,
24.0,2.0,24.0,2.0,408,32,53,5,n16-2,1,1,2.0,3/4,I,F,I,I,,I,,,M
24.75,0.0,24.75,0.0,420,0,74,1,n7-2,1,1,,,,,,,,,,,
24.75,0.25,24.75,0.25,420,4,77,1,n11-2,1,1,,,,,,,,,,,
24.75,0.0,24.75,0.0,420,0,72,1,n10-2,1,1,,,,,,,,,,,
24.75,0.0,24.75,0.0,420,0,72,1,n8-2,1,1,,,,,,,,,,,
24.75,0.0,24.75,0.0,420,0,71,1,n9-2,1,1,,,,,,,,,,,
25.0,0.5,25.0,0.5,424,8,72,1,n12-2,1,1,,,,,,,,,,,
25.5,0.5,25.5,0.5,432,8,69,1,n13-2,1,1,,,,,,,,,,,
26.0,0.5,26.0,0.5,440,8,72,1,n14-2,1,1,,,,,,,,,,,
26.0,1.0,26.0,1.0,440,16,48,5,n19-2,1,1,1.0,3/4,V7,F,I,V7,,V,,,Mm7
26.0,1.0,26.0,1.0,440,16,58,5,n21-2,1,1,,,,,,,,,,,
26.0,1.0,26.0,1.0,440,16,55,5,n20-2,1,1,,,,,,,,,,,
26.5,0.5,26.5,0.5,448,8,64,1,n15-2,1,1,,,,,,,,,,,
27.0,1.5,27.0,1.5,456,24,50,6,n39-2,2,2,1.0,3/4,vi(64),F,I,vi(64),,vi,,,m
27.0,1.0,27.0,1.0,456,16,58,5,n31-2,2,2,,,,,,,,,,,
27.0,1.0,27.0,1.0,456,16,67,1,n22-2,2,2,,,,,,,,,,,
28.0,0.5,28.0,0.5,472,8,65,1,n23-2,2,2,,,,,,,,,,,
28.0,0.5,28.0,0.5,472,8,57,5,n32-2,2,2,0.5,3/4,vi,F,I,vi,,vi,,,m
28.5,0.5,28.5,0.5,480,8,65,1,n24-2,2,2,,,,,,,,,,,
28.5,1.0,28.5,1.0,480,16,60,2,n29-2,2,2,,,,,,,,,,,
28.5,0.5,28.5,0.5,480,8,57,5,n34-2,2,2,,,,,,,,,,,
28.5,0.5,28.5,0.5,480,8,45,5,n33-2,2,2,0.5,3/4,I6,F,I,I6,,I,,,M
29.0,0.5,29.0,0.5,488,8,55,5,n36-2,2,2,,,,,,,,,,,
29.0,0.5,29.0,0.5,488,8,43,5,n35-2,2,2,0.5,3/4,V64,F,I,V64,,V,,,M
29.0,0.5,29.0,0.5,488,8,67,1,n26-2,2,2,,,,,,,,,,,
29.0,0.5,29.0,0.5,488,8,64,1,n25-2,2,2,,,,,,,,,,,
29.5,0.5,29.5,0.5,496,8,41,5,n37-2,2,2,0.5,3/4,I,F,I,I,,I,,,M
29.5,0.5,29.5,0.5,496,8,65,1,n27-2,2,2,,,,,,,,,,,
29.5,0.5,29.5,0.5,496,8,69,1,n28-2,2,2,,,,,,,,,,,
29.5,0.5,29.5,0.5,496,8,60,2,n30-2,2,2,,,,,,,,,,,
29.5,0.5,29.5,0.5,496,8,53,5,n38-2,2,2,,,,,,,,,,,
30.0,0.5,30.0,0.5,504,8,50,5,n49-2,3,3,0.5,3/4,IV6,F,I,IV6,,IV,,,M
30.0,0.5,30.0,0.5,504,8,62,5,n50-2,3,3,,,,,,,,,,,
30.0,1.5,30.0,1.5,504,24,65,2,n47-2,3,3,,,,,,,,,,,
30.0,0.75,30.0,0.75,504,12,70,1,n40-2,3,3,,,,,,,,,,,
30.5,0.5,30.5,0.5,512,8,46,5,n51-2,3,3,0.5,3/4,IV,F,I,IV,,IV,,,M
30.5,0.5,30.5,0.5,512,8,58,5,n52-2,3,3,,,,,,,,,,,
30.75,0.125,30.75,0.125,516,2,72,1,n41-2,3,3,,,,,,,,,,,
30.875,0.125,30.875,0.125,518,2,74,1,n42-2,3,3,,,,,,,,,,,
31.0,0.5,31.0,0.5,520,8,57,5,n54-2,3,3,,,,,,,,,,,
31.0,0.5,31.0,0.5,520,8,45,5,n53-2,3,3,1.0,3/4,I6,F,I,I6,,I,,,M
31.0,0.5,31.0,0.5,520,8,72,1,n43-2,3,3,,,,,,,,,,,
31.5,0.5,31.5,0.5,528,8,65,1,n44-2,3,3,,,,,,,,,,,
32.0,0.5,32.0,0.5,536,8,64,1,n45-2,3,3,,,,,,,,,,,
32.0,1.0,32.0,1.0,536,16,59,2,n48-2,3,3,,,,,,,,,,,
32.0,1.0,32.0,1.0,536,16,50,5,n56-2,3,3,1.0,3/4,viio6/V,F,I,viio6/V,,vii,,,o
32.5,0.5,32.5,0.5,544,8,65,1,n46-2,3,3,,,,,,,,,,,
33.0,2.0,33.0,2.0,552,32,60,2,n64-2,4,4,,,,,,,,,,,
33.0,1.0,33.0,1.0,552,16,69,1,n58-2,4,4,,,,,,,,,,,
33.0,1.0,33.0,1.0,552,16,65,1,n57-2,4,4,,,,,,,,,,,
33.0,2.0,33.0,2.0,552,32,48,5,n65-2,4,4,1.0,3/4,V(64)},F,I,V(64),,V,,},M
34.0,0.5,34.0,0.5,568,8,64,1,n59-2,4,4,2.0,3/4,V|HC,F,I,V,,V,HC,,M
34.0,0.5,34.0,0.5,568,8,67,1,n60-2,4,4,,,,,,,,,,,
34.5,0.5,34.5,0.5,576,8,67,1,n61-2,4,4,0.0,3/4,{,F,I,,,,,{,
35.0,0.5,35.0,0.5,584,8,67,1,n62-2,4,4,,,,,,,,,,,
35.0,1.0,35.0,1.0,584,16,64,5,n67-2,4,4,,,,,,,,,,,
35.0,1.0,35.0,1.0,584,16,60,5,n66-2,4,4,,,,,,,,,,,
35.5,0.5,35.5,0.5,592,8,67,1,n63-2,4,4,,,,,,,,,,,
36.0,0.75,36.0,0.75,600,12,79,1,n69-2,5,5,,,,,,,,,,,
36.0,2.0,36.0,2.0,600,32,59,5,n76-2,5,5,2.0,3/4,V.V65,F,V,V65,,V,,,Mm7
36.0,0.0,36.0,0.0,600,0,67,1,n68-2,5,5,,,,,,,,,,,
36.0,2.0,36.0,2.0,600,32,62,5,n77-2,5,5,,,,,,,,,,,
36.0,2.0,36.0,2.0,600,32,65,5,n78-2,5,5,,,,,,,,,,,
36.75,0.125,36.75,0.125,612,2,74,1,n70-2,5,5,,,,,,,,,,,
36.875,0.125,36.875,0.125,614,2,71,1,n71-2,5,5,,,,,,,,,,,
37.0,0.5,37.0,0.5,616,8,67,1,n72-2,5,5,,,,,,,,,,,
37.5,0.5,37.5,0.5,624,8,67,1,n73-2,5,5,,,,,,,,,,,
38.0,1.0,38.0,1.0,632,16,60,5,n79-2,5,5,1.0,3/4,I,F,V,I,,I,,,M
38.0,1.0,38.0,1.0,632,16,64,5,n80-2,5,5,,,,,,,,,,,
38.0,0.5,38.0,0.5,632,8,67,1,n74-2,5,5,,,,,,,,,,,
38.5,0.5,38.5,0.5,640,8,67,1,n75-2,5,5,,,,,,,,,,,
39.0,1.0,39.0,1.0,648,16,59,5,n94-2,6,6,,,,,,,,,,,
39.0,1.0,39.0,1.0,648,16,50,5,n92-2,6,6,1.0,3/4,V43,F,V,V43,,V,,,Mm7
39.0,0.0,39.0,0.0,648,0,67,1,n81-2,6,6,,,,,,,,,,,
39.0,1.375,39.0,1.375,648,22,79,1,n82-2,6,6,,,,,,,,,,,
39.0,1.0,39.0,1.0,648,16,53,5,n93-2,6,6,,,,,,,,,,,
40.0,1.0,40.0,1.0,664,16,60,5,n97-2,6,6,,,,,,,,,,,
40.0,1.0,40.0,1.0,664,16,55,5,n96-2,6,6,,,,,,,,,,,
40.0,1.0,40.0,1.0,664,16,52,5,n95-2,6,6,2.0,3/4,I6,F,V,I6,,I,,,M
40.375,0.0625,40.375,0.0625,670,1,81,1,n84-2,6,6,,,,,,,,,,,
40.4375,0.0625,40.4375,0.0625,671,1,83,1,n85-2,6,6,,,,,,,,,,,
40.5,0.25,40.5,0.25,672,4,84,1,n86-2,6,6,,,,,,,,,,,
40.75,0.25,40.75,0.25,676,4,83,1,n87-2,6,6,,,,,,,,,,,
41.0,0.25,41.0,0.25,680,4,81,1,n88-2,6,6,,,,,,,,,,,
41.25,0.25,41.25,0.25,684,4,79,1,n89-2,6,6,,,,,,,,,,,
41.5,0.25,41.5,0.25,688,4,77,1,n90-2,6,6,,,,,,,,,,,
41.75,0.25,41.75,0.25,692,4,76,1,n91-2,6,6,,,,,,,,,,,
42.0,0.25,42.0,0.25,696,4,73,1,n99-2,7,7,1.0,3/4,ii6,F,V,ii6,,ii,,,m
42.25,0.25,42.25,0.25,700,4,74,1,n100-2,7,7,,,,,,,,,,,
42.5,0.25,42.5,0.25,704,4,77,1,n101-2,7,7,,,,,,,,,,,
42.5,0.5,42.5,0.5,704,8,62,5,n108-2,7,7,,,,,,,,,,,
42.5,0.5,42.5,0.5,704,8,53,6,n113-2,7,7,,,,,,,,,,,
42.5,0.5,42.5,0.5,704,8,57,5,n107-2,7,7,,,,,,,,,,,
42.75,0.25,42.75,0.25,708,4,81,1,n102-2,7,7,,,,,,,,,,,
43.0,1.0,43.0,1.0,712,16,64,5,n110-2,7,7,,,,,,,,,,,
43.0,2.0,43.0,2.0,712,32,55,6,n114-2,7,7,1.0,3/4,V(64),F,V,V(64),,V,,,M
43.0,1.5,43.0,1.5,712,24,72,1,n103-2,7,7,,,,,,,,,,,
43.0,1.0,43.0,1.0,712,16,60,5,n109-2,7,7,,,,,,,,,,,
44.0,1.0,44.0,1.0,728,16,62,5,n111-2,7,7,1.0,3/4,V7,F,V,V7,,V,,,Mm7
44.0,1.0,44.0,1.0,728,16,65,5,n112-2,7,7,,,,,,,,,,,
44.5,0.25,44.5,0.25,736,4,76,1,n104-2,7,7,,,,,,,,,,,
44.5,0.5,44.5,0.5,736,8,71,2,n106-2,7,7,,,,,,,,,,,
44.75,0.25,44.75,0.25,740,4,74,1,n105-2,7,7,,,,,,,,,,,
45.0,1.0,45.0,1.0,744,16,60,5,n117-2,8,8,1.5,3/4,I|PAC},F,V,I,,I,PAC,},M
45.0,1.0,45.0,1.0,744,16,64,5,n118-2,8,8,,,,,,,,,,,
45.0,1.0,45.0,1.0,744,16,72,1,n115-2,8,8,,,,,,,,,,,
46.0,0.5,46.0,0.5,760,8,48,5,n119-2,8,8,,,,,,,,,,,
46.5,0.5,46.5,0.5,768,8,72,1,n120-1,X1,8,1.5,3/4,I.V{,F,I,V,,V,,{,M
47.0,0.5,47.0,0.5,776,8,72,1,n122-1,X1,8,,,,,,,,,,,
47.0,0.0,47.0,0.0,776,0,74,1,n121-1,X1,8,,,,,,,,,,,
47.5,0.0,47.5,0.0,784,0,70,1,n123-1,X1,8,,,,,,,,,,,
47.5,0.5,47.5,0.5,784,8,69,1,n124-1,X1,8,,,,,,,,,,,
48.0,1.0,48.0,1.0,792,16,67,1,n127-1,9,9,,,,,,,,,,,
48.0,1.5,48.0,1.5,792,24,60,6,n137-1,9,9,1.0,3/4,#viio43(2)/ii,F,I,#viio43(2)/ii,,#vii,,,o7
48.0,1.5,48.0,1.5,792,24,63,5,n133-1,9,9,,,,,,,,,,,
49.0,0.5,49.0,0.5,808,8,66,1,n128-1,9,9,1.0,3/4,#viio43/ii,F,I,#viio43/ii,,#vii,,,o7
49.5,0.5,49.5,0.5,816,8,63,5,n134-1,9,9,,,,,,,,,,,
49.5,0.5,49.5,0.5,816,8,66,1,n129-1,9,9,,,,,,,,,,,
49.5,0.5,49.5,0.5,816,8,60,6,n138-1,9,9,,,,,,,,,,,
50.0,0.5,50.0,0.5,824,8,67,1,n130-1,9,9,,,,,,,,,,,
50.0,0.5,50.0,0.5,824,8,62,5,n135-1,9,9,,,,,,,,,,,
50.0,0.5,50.0,0.5,824,8,58,6,n139-1,9,9,0.5,3/4,ii6,F,I,ii6,,ii,,,m
50.5,0.5,50.5,0.5,832,8,57,6,n140-1,9,9,0.5,3/4,V43/ii,F,I,V43/ii,,V,,,Mm7
50.5,0.5,50.5,0.5,832,8,66,1,n131-1,9,9,,,,,,,,,,,
50.5,0.5,50.5,0.5,832,8,69,1,n132-1,9,9,,,,,,,,,,,
50.5,0.5,50.5,0.5,832,8,60,6,n141-1,9,9,,,,,,,,,,,
50.5,0.5,50.5,0.5,832,8,62,5,n136-1,9,9,,,,,,,,,,,
51.0,1.0,51.0,1.0,840,16,60,5,n150-1,10,10,,,,,,,,,,,
51.0,1.5,51.0,1.5,840,24,55,6,n155-1,10,10,1.0,3/4,ii(9#74),F,I,ii(9#74),,ii,,,m
51.0,1.5,51.0,1.5,840,24,62,6,n156-1,10,10,,,,,,,,,,,
51.0,1.0,51.0,1.0,840,16,66,1,n142-1,10,10,,,,,,,,,,,
51.0,1.0,51.0,1.0,840,16,69,1,n143-1,10,10,,,,,,,,,,,
52.0,0.5,52.0,0.5,856,8,67,1,n144-1,10,10,,,,,,,,,,,
52.0,0.5,52.0,0.5,856,8,70,1,n145-1,10,10,,,,,,,,,,,
52.0,0.5,52.0,0.5,856,8,58,5,n151-1,10,10,0.5,3/4,ii,F,I,ii,,ii,,,m
52.5,0.5,52.5,0.5,864,8,61,5,n152-1,10,10,,,,,,,,,,,
52.5,0.5,52.5,0.5,864,8,58,6,n157-1,10,10,0.5,3/4,viio43,F,I,viio43,,vii,,,o7
52.5,0.5,52.5,0.5,864,8,64,1,n146-1,10,10,,,,,,,,,,,
53.0,0.5,53.0,0.5,872,8,57,6,n158-1,10,10,0.5,3/4,I6,F,I,I6,,I,,,M
53.0,0.5,53.0,0.5,872,8,60,5,n153-1,10,10,,,,,,,,,,,
53.0,0.5,53.0,0.5,872,8,65,1,n147-1,10,10,,,,,,,,,,,
53.5,0.5,53.5,0.5,880,8,60,5,n154-1,10,10,,,,,,,,,,,
53.5,0.5,53.5,0.5,880,8,58,6,n160-1,10,10,,,,,,,,,,,
53.5,0.5,53.5,0.5,880,8,64,1,n148-1,10,10,,,,,,,,,,,
53.5,0.5,53.5,0.5,880,8,67,1,n149-1,10,10,,,,,,,,,,,
53.5,0.5,53.5,0.5,880,8,55,6,n159-1,10,10,0.5,3/4,V43,F,I,V43,,V,,,Mm7
54.0,0.5,54.0,0.5,888,8,53,6,n178-1,11,11,0.5,3/4,I,F,I,I,,I,,,M
54.0,0.5,54.0,0.5,888,8,57,5,n172-1,11,11,,,,,,,,,,,
54.0,0.5,54.0,0.5,888,8,60,5,n173-1,11,11,,,,,,,,,,,
54.0,2.5,54.0,2.5,888,40,65,2,n169-1,11,11,,,,,,,,,,,
54.0,0.5,54.0,0.5,888,8,69,1,n161-1,11,11,,,,,,,,,,,
54.5,0.5,54.5,0.5,896,8,50,6,n179-1,11,11,0.5,3/4,IV6,F,I,IV6,,IV,,,M
54.5,0.5,54.5,0.5,896,8,70,1,n162-1,11,11,,,,,,,,,,,
55.0,0.5,55.0,0.5,904,8,72,1,n163-1,11,11,,,,,,,,,,,
55.0,1.0,55.0,1.0,904,16,45,5,n175-1,11,11,1.0,3/4,I6,F,I,I6,,I,,,M
55.5,0.5,55.5,0.5,912,8,73,1,n164-1,11,11,,,,,,,,,,,
56.0,0.0,56.0,0.0,920,0,76,1,n165-1,11,11,,,,,,,,,,,
56.0,0.5,56.0,0.5,920,8,74,1,n166-1,11,11,,,,,,,,,,,
56.0,0.5,56.0,0.5,920,8,46,5,n176-1,11,11,0.5,3/4,IV,F,I,IV,,IV,,,M
56.5,0.5,56.5,0.5,928,8,67,2,n171-1,11,11,,,,,,,,,,,
56.5,0.5,56.5,0.5,928,8,70,1,n168-1,11,11,,,,,,,,,,,
56.5,0.5,56.5,0.5,928,8,43,5,n177-1,11,11,0.5,3/4,ii,F,I,ii,,ii,,,m
56.5,0.0,56.5,0.0,928,0,72,1,n167-1,11,11,,,,,,,,,,,
57.0,1.0,57.0,1.0,936,16,65,1,n180-1,12,12,,,,,,,,,,,
57.0,2.0,57.0,2.0,936,32,48,5,n187-1,12,12,1.0,3/4,V(64)},F,I,V(64),,V,,},M
57.0,1.0,57.0,1.0,936,16,69,1,n181-1,12,12,,,,,,,,,,,
58.0,0.5,58.0,0.5,952,8,67,1,n183-1,12,12,,,,,,,,,,,
58.0,0.5,58.0,0.5,952,8,64,1,n182-1,12,12,2.0,3/4,V|HC,F,I,V,,V,HC,,M
58.5,0.5,58.5,0.5,960,8,72,1,n184-1,12,12,0.0,3/4,{,F,I,,,,,{,
59.0,0.5,59.0,0.5,968,8,72,1,n185-1,12,12,,,,,,,,,,,
59.5,0.5,59.5,0.5,976,8,72,1,n186-1,12,12,,,,,,,,,,,
60.0,5.0,60.0,5.0,984,80,72,2,n193-1,13,13,,,,,,,,,,,
60.0,0.75,60.0,0.75,984,12,48,5,n196-1,13,13,,,,,,,,,,,
60.0,1.5,60.0,1.5,984,24,82,1,n189-1,13,13,,,,,,,,,,,
60.0,0.75,60.0,0.75,984,12,36,5,n195-1,13,13,1.0,3/4,V7,F,I,V7,,V,,,Mm7
60.75,0.25,60.75,0.25,996,4,38,5,n197-1,13,13,,,,,,,,,,,
60.75,0.25,60.75,0.25,996,4,50,5,n198-1,13,13,,,,,,,,,,,
61.0,0.5,61.0,0.5,1000,8,40,5,n199-1,13,13,0.5,3/4,V65,F,I,V65,,V,,,Mm7
61.0,0.5,61.0,0.5,1000,8,52,5,n200-1,13,13,,,,,,,,,,,
61.5,0.5,61.5,0.5,1008,8,53,5,n202-1,13,13,,,,,,,,,,,
61.5,0.5,61.5,0.5,1008,8,81,1,n190-1,13,13,,,,,,,,,,,
61.5,0.5,61.5,0.5,1008,8,41,5,n201-1,13,13,0.5,3/4,I,F,I,I,,I,,,M
62.0,0.5,62.0,0.5,1016,8,79,1,n191-1,13,13,,,,,,,,,,,
62.0,0.5,62.0,0.5,1016,8,55,5,n204-1,13,13,,,,,,,,,,,
62.0,0.5,62.0,0.5,1016,8,43,5,n203-1,13,13,0.5,3/4,V64,F,I,V64,,V,,,M
62.5,0.5,62.5,0.5,1024,8,77,1,n192-1,13,13,,,,,,,,,,,
62.5,0.5,62.5,0.5,1024,8,69,3,n194-1,13,13,,,,,,,,,,,
62.5,0.5,62.5,0.5,1024,8,57,5,n206-1,13,13,,,,,,,,,,,
62.5,0.5,62.5,0.5,1024,8,45,5,n205-1,13,13,0.5,3/4,I6,F,I,I6,,I,,,M
63.0,2.0,63.0,2.0,1032,32,67,3,n213-1,14,14,,,,,,,,,,,
63.0,2.0,63.0,2.0,1032,32,46,5,n214-1,14,14,1.0,3/4,V2(4),F,I,V2(4),,V,,,Mm7
63.0,2.0,63.0,2.0,1032,32,58,5,n215-1,14,14,,,,,,,,,,,
63.0,1.0,63.0,1.0,1032,16,77,1,n207-1,14,14,,,,,,,,,,,
64.0,0.5,64.0,0.5,1048,8,76,1,n208-1,14,14,0.5,3/4,V2,F,I,V2,,V,,,Mm7
64.5,0.5,64.5,0.5,1056,8,75,1,n209-1,14,14,4.5,3/4,V65/IV,F,I,V65/IV,,V,,,Mm7
65.0,0.5,65.0,0.5,1064,8,75,1,n210-1,14,14,,,,,,,,,,,
65.5,0.5,65.5,0.5,1072,8,75,1,n211-1,14,14,,,,,,,,,,,
66.0,1.0,66.0,1.0,1080,16,57,5,n226-1,15,15,,,,,,,,,,,
66.0,1.0,66.0,1.0,1080,16,60,5,n227-1,15,15,,,,,,,,,,,
66.0,1.0,66.0,1.0,1080,16,65,5,n228-1,15,15,,,,,,,,,,,
66.0,0.75,66.0,0.75,1080,12,75,1,n217-1,15,15,,,,,,,,,,,
66.75,0.25,66.75,0.25,1092,4,77,1,n218-1,15,15,,,,,,,,,,,
67.0,1.0,67.0,1.0,1096,16,57,5,n229-1,15,15,,,,,,,,,,,
67.0,1.0,67.0,1.0,1096,16,60,5,n230-1,15,15,,,,,,,,,,,
67.0,1.0,67.0,1.0,1096,16,65,5,n231-1,15,15,,,,,,,,,,,
67.0,0.5,67.0,0.5,1096,8,79,1,n219-1,15,15,,,,,,,,,,,
67.5,0.25,67.5,0.25,1104,4,77,1,n220-1,15,15,,,,,,,,,,,
67.75,0.25,67.75,0.25,1108,4,75,1,n221-1,15,15,,,,,,,,,,,
68.0,1.0,68.0,1.0,1112,16,57,5,n232-1,15,15,,,,,,,,,,,
68.0,1.0,68.0,1.0,1112,16,63,5,n233-1,15,15,,,,,,,,,,,
68.0,1.0,68.0,1.0,1112,16,65,5,n234-1,15,15,,,,,,,,,,,
68.0,0.25,68.0,0.25,1112,4,75,1,n222-1,15,15,,,,,,,,,,,
68.25,0.25,68.25,0.25,1116,4,74,1,n223-1,15,15,,,,,,,,,,,
68.5,0.25,68.5,0.25,1120,4,74,1,n224-1,15,15,,,,,,,,,,,
68.75,0.25,68.75,0.25,1124,4,73,1,n225-1,15,15,,,,,,,,,,,
69.0,2.0,69.0,2.0,1128,32,65,5,n245-1,16,16,,,,,,,,,,,
69.0,2.0,69.0,2.0,1128,32,62,5,n244-1,16,16,,,,,,,,,,,
69.0,2.0,69.0,2.0,1128,32,58,5,n243-1,16,16,1.0,3/4,IV(#9),F,I,IV(#9),,IV,,,M
69.0,1.0,69.0,1.0,1128,16,73,1,n235-1,16,16,,,,,,,,,,,
70.0,0.5,70.0,0.5,1144,8,74,1,n236-1,16,16,2.0,3/4,IV,F,I,IV,,IV,,,M
70.5,0.25,70.5,0.25,1152,4,77,1,n237-1,16,16,,,,,,,,,,,
70.75,0.25,70.75,0.25,1156,4,76,1,n238-1,16,16,,,,,,,,,,,
71.0,0.25,71.0,0.25,1160,4,79,1,n239-1,16,16,,,,,,,,,,,
71.25,0.25,71.25,0.25,1164,4,77,1,n240-1,16,16,,,,,,,,,,,
71.5,0.25,71.5,0.25,1168,4,76,1,n241-1,16,16,,,,,,,,,,,
71.75,0.25,71.75,0.25,1172,4,74,1,n242-1,16,16,,,,,,,,,,,
72.0,2.0,72.0,2.0,1176,32,53,6,n259-1,17,17,1.0,3/4,I(64),F,I,I(64),,I,,,M
72.0,1.0,72.0,1.0,1176,16,58,5,n255-1,17,17,,,,,,,,,,,
72.0,1.0,72.0,1.0,1176,16,62,5,n256-1,17,17,,,,,,,,,,,
72.0,1.0,72.0,1.0,1176,16,74,1,n247-1,17,17,,,,,,,,,,,
73.0,0.5,73.0,0.5,1192,8,72,1,n248-1,17,17,,,,,,,,,,,
73.0,1.0,73.0,1.0,1192,16,57,5,n257-1,17,17,2.0,3/4,I,F,I,I,,I,,,M
73.0,1.0,73.0,1.0,1192,16,60,5,n258-1,17,17,,,,,,,,,,,
73.5,0.375,73.5,0.375,1200,6,77,1,n249-1,17,17,,,,,,,,,,,
73.875,0.125,73.875,0.125,1206,2,72,1,n250-1,17,17,,,,,,,,,,,
74.0,0.375,74.0,0.375,1208,6,81,1,n251-1,17,17,,,,,,,,,,,
74.375,0.125,74.375,0.125,1214,2,77,1,n252-1,17,17,,,,,,,,,,,
74.5,0.375,74.5,0.375,1216,6,72,1,n253-1,17,17,,,,,,,,,,,
74.875,0.125,74.875,0.125,1222,2,69,1,n254-1,17,17,,,,,,,,,,,
75.0,1.5,75.0,1.5,1224,24,52,5,n272-1,18,18,1.0,3/4,V6,F,I,V6,,V,,,M
75.0,1.5,75.0,1.5,1224,24,55,5,n273-1,18,18,,,,,,,,,,,
75.0,1.5,75.0,1.5,1224,24,60,5,n274-1,18,18,,,,,,,,,,,
75.0,0.75,75.0,0.75,1224,12,72,1,n260-1,18,18,,,,,,,,,,,
75.75,0.25,75.75,0.25,1236,4,71,1,n261-1,18,18,,,,,,,,,,,
76.0,0.5,76.0,0.5,1240,8,70,1,n262-1,18,18,0.5,3/4,V65,F,I,V65,,V,,,Mm7
76.5,0.5,76.5,0.5,1248,8,46,5,n275-1,18,18,0.5,3/4,V2,F,I,V2,,V,,,Mm7
76.5,0.5,76.5,0.5,1248,8,58,5,n276-1,18,18,,,,,,,,,,,
76.5,0.375,76.5,0.375,1248,6,64,2,n266-1,18,18,,,,,,,,,,,
76.5,0.5,76.5,0.5,1248,8,67,1,n263-1,18,18,,,,,,,,,,,
76.875,0.125,76.875,0.125,1254,2,60,2,n267-1,18,18,,,,,,,,,,,
77.0,0.5,77.0,0.5,1256,8,57,5,n278-1,18,18,,,,,,,,,,,
77.0,0.5,77.0,0.5,1256,8,45,5,n277-1,18,18,0.5,3/4,I6,F,I,I6,,I,,,M
77.0,0.5,77.0,0.5,1256,8,69,1,n264-1,18,18,,,,,,,,,,,
77.0,0.375,77.0,0.375,1256,6,65,2,n268-1,18,18,,,,,,,,,,,
77.375,0.125,77.375,0.125,1262,2,60,2,n269-1,18,18,,,,,,,,,,,
77.5,0.5,77.5,0.5,1264,8,43,5,n279-1,18,18,0.5,3/4,V43,F,I,V43,,V,,,Mm7
77.5,0.5,77.5,0.5,1264,8,55,5,n280-1,18,18,,,,,,,,,,,
77.5,0.375,77.5,0.375,1264,6,67,2,n270-1,18,18,,,,,,,,,,,
77.5,0.5,77.5,0.5,1264,8,70,1,n265-1,18,18,,,,,,,,,,,
77.875,0.125,77.875,0.125,1270,2,60,2,n271-1,18,18,,,,,,,,,,,
78.0,0.5,78.0,0.5,1272,8,41,5,n292-1,19,19,1.0,3/4,I,F,I,I,,I,,,M
78.0,0.25,78.0,0.25,1272,4,72,1,n281-1,19,19,,,,,,,,,,,
78.0,0.5,78.0,0.5,1272,8,53,5,n293-1,19,19,,,,,,,,,,,
78.0,0.5,78.0,0.5,1272,8,69,2,n287-1,19,19,,,,,,,,,,,
78.25,0.25,78.25,0.25,1276,4,74,1,n282-1,19,19,,,,,,,,,,,
78.5,0.25,78.5,0.25,1280,4,76,1,n283-1,19,19,,,,,,,,,,,
78.75,0.25,78.75,0.25,1284,4,77,1,n284-1,19,19,,,,,,,,,,,
79.0,2.0,79.0,2.0,1288,32,48,6,n297-1,19,19,1.0,3/4,V(64),F,I,V(64),,V,,,M
79.0,1.5,79.0,1.5,1288,24,60,2,n289-1,19,19,,,,,,,,,,,
79.0,1.5,79.0,1.5,1288,24,65,1,n285-1,19,19,,,,,,,,,,,
79.0,1.0,79.0,1.0,1288,16,57,5,n295-1,19,19,,,,,,,,,,,
80.0,1.0,80.0,1.0,1304,16,58,5,n296-1,19,19,1.0,3/4,V7,F,I,V7,,V,,,Mm7
80.5,0.5,80.5,0.5,1312,8,64,1,n286-1,19,19,,,,,,,,,,,
80.5,0.25,80.5,0.25,1312,4,69,2,n290-1,19,19,,,,,,,,,,,
80.75,0.25,80.75,0.25,1316,4,67,2,n291-1,19,19,,,,,,,,,,,
81.0,1.0,81.0,1.0,1320,16,53,6,n302-1,20,20,1.5,3/4,I|PAC},F,I,I,,I,PAC,},M
81.0,1.0,81.0,1.0,1320,16,57,5,n300-1,20,20,,,,,,,,,,,
81.0,1.0,81.0,1.0,1320,16,65,1,n298-1,20,20,,,,,,,,,,,
82.0,0.5,82.0,0.5,1336,8,41,5,n301-1,20,20,,,,,,,,,,,
82.5,0.5,82.5,0.5,1344,8,72,1,n120-2,X1,8,1.5,3/4,I.V{,F,I,V,,V,,{,M
83.0,0.0,83.0,0.0,1352,0,74,1,n121-2,X1,8,,,,,,,,,,,
83.0,0.5,83.0,0.5,1352,8,72,1,n122-2,X1,8,,,,,,,,,,,
83.5,0.5,83.5,0.5,1360,8,69,1,n124-2,X1,8,,,,,,,,,,,
83.5,0.0,83.5,0.0,1360,0,70,1,n123-2,X1,8,,,,,,,,,,,
84.0,1.5,84.0,1.5,1368,24,63,5,n133-2,9,9,,,,,,,,,,,
84.0,1.5,84.0,1.5,1368,24,60,6,n137-2,9,9,1.0,3/4,#viio43(2)/ii,F,I,#viio43(2)/ii,,#vii,,,o7
84.0,1.0,84.0,1.0,1368,16,67,1,n127-2,9,9,,,,,,,,,,,
85.0,0.5,85.0,0.5,1384,8,66,1,n128-2,9,9,1.0,3/4,#viio43/ii,F,I,#viio43/ii,,#vii,,,o7
85.5,0.5,85.5,0.5,1392,8,66,1,n129-2,9,9,,,,,,,,,,,
85.5,0.5,85.5,0.5,1392,8,63,5,n134-2,9,9,,,,,,,,,,,
85.5,0.5,85.5,0.5,1392,8,60,6,n138-2,9,9,,,,,,,,,,,
86.0,0.5,86.0,0.5,1400,8,67,1,n130-2,9,9,,,,,,,,,,,
86.0,0.5,86.0,0.5,1400,8,62,5,n135-2,9,9,,,,,,,,,,,
86.0,0.5,86.0,0.5,1400,8,58,6,n139-2,9,9,0.5,3/4,ii6,F,I,ii6,,ii,,,m
86.5,0.5,86.5,0.5,1408,8,57,6,n140-2,9,9,0.5,3/4,V43/ii,F,I,V43/ii,,V,,,Mm7
86.5,0.5,86.5,0.5,1408,8,69,1,n132-2,9,9,,,,,,,,,,,
86.5,0.5,86.5,0.5,1408,8,66,1,n131-2,9,9,,,,,,,,,,,
86.5,0.5,86.5,0.5,1408,8,62,5,n136-2,9,9,,,,,,,,,,,
86.5,0.5,86.5,0.5,1408,8,60,6,n141-2,9,9,,,,,,,,,,,
87.0,1.0,87.0,1.0,1416,16,60,5,n150-2,10,10,,,,,,,,,,,
87.0,1.5,87.0,1.5,1416,24,55,6,n155-2,10,10,1.0,3/4,ii(9#74),F,I,ii(9#74),,ii,,,m
87.0,1.5,87.0,1.5,1416,24,62,6,n156-2,10,10,,,,,,,,,,,
87.0,1.0,87.0,1.0,1416,16,66,1,n142-2,10,10,,,,,,,,,,,
87.0,1.0,87.0,1.0,1416,16,69,1,n143-2,10,10,,,,,,,,,,,
88.0,0.5,88.0,0.5,1432,8,67,1,n144-2,10,10,,,,,,,,,,,
88.0,0.5,88.0,0.5,1432,8,58,5,n151-2,10,10,0.5,3/4,ii,F,I,ii,,ii,,,m
88.0,0.5,88.0,0.5,1432,8,70,1,n145-2,10,10,,,,,,,,,,,
88.5,0.5,88.5,0.5,1440,8,64,1,n146-2,10,10,,,,,,,,,,,
88.5,0.5,88.5,0.5,1440,8,61,5,n152-2,10,10,,,,,,,,,,,
88.5,0.5,88.5,0.5,1440,8,58,6,n157-2,10,10,0.5,3/4,viio43,F,I,viio43,,vii,,,o7
89.0,0.5,89.0,0.5,1448,8,60,5,n153-2,10,10,,,,,,,,,,,
89.0,0.5,89.0,0.5,1448,8,65,1,n147-2,10,10,,,,,,,,,,,
89.0,0.5,89.0,0.5,1448,8,57,6,n158-2,10,10,0.5,3/4,I6,F,I,I6,,I,,,M
89.5,0.5,89.5,0.5,1456,8,64,1,n148-2,10,10,,,,,,,,,,,
89.5,0.5,89.5,0.5,1456,8,58,6,n160-2,10,10,,,,,,,,,,,
89.5,0.5,89.5,0.5,1456,8,60,5,n154-2,10,10,,,,,,,,,,,
89.5,0.5,89.5,0.5,1456,8,67,1,n149-2,10,10,,,,,,,,,,,
89.5,0.5,89.5,0.5,1456,8,55,6,n159-2,10,10,0.5,3/4,V43,F,I,V43,,V,,,Mm7
90.0,0.5,90.0,0.5,1464,8,60,5,n173-2,11,11,,,,,,,,,,,
90.0,0.5,90.0,0.5,1464,8,53,6,n178-2,11,11,0.5,3/4,I,F,I,I,,I,,,M
90.0,2.5,90.0,2.5,1464,40,65,2,n169-2,11,11,,,,,,,,,,,
90.0,0.5,90.0,0.5,1464,8,57,5,n172-2,11,11,,,,,,,,,,,
90.0,0.5,90.0,0.5,1464,8,69,1,n161-2,11,11,,,,,,,,,,,
90.5,0.5,90.5,0.5,1472,8,50,6,n179-2,11,11,0.5,3/4,IV6,F,I,IV6,,IV,,,M
90.5,0.5,90.5,0.5,1472,8,70,1,n162-2,11,11,,,,,,,,,,,
91.0,0.5,91.0,0.5,1480,8,72,1,n163-2,11,11,,,,,,,,,,,
91.0,1.0,91.0,1.0,1480,16,45,5,n175-2,11,11,1.0,3/4,I6,F,I,I6,,I,,,M
91.5,0.5,91.5,0.5,1488,8,73,1,n164-2,11,11,,,,,,,,,,,
92.0,0.5,92.0,0.5,1496,8,46,5,n176-2,11,11,0.5,3/4,IV,F,I,IV,,IV,,,M
92.0,0.0,92.0,0.0,1496,0,76,1,n165-2,11,11,,,,,,,,,,,
92.0,0.5,92.0,0.5,1496,8,74,1,n166-2,11,11,,,,,,,,,,,
92.5,0.5,92.5,0.5,1504,8,70,1,n168-2,11,11,,,,,,,,,,,
92.5,0.5,92.5,0.5,1504,8,67,2,n171-2,11,11,,,,,,,,,,,
92.5,0.5,92.5,0.5,1504,8,43,5,n177-2,11,11,0.5,3/4,ii,F,I,ii,,ii,,,m
92.5,0.0,92.5,0.0,1504,0,72,1,n167-2,11,11,,,,,,,,,,,
93.0,2.0,93.0,2.0,1512,32,48,5,n187-2,12,12,1.0,3/4,V(64)},F,I,V(64),,V,,},M
93.0,1.0,93.0,1.0,1512,16,69,1,n181-2,12,12,,,,,,,,,,,
93.0,1.0,93.0,1.0,1512,16,65,1,n180-2,12,12,,,,,,,,,,,
94.0,0.5,94.0,0.5,1528,8,64,1,n182-2,12,12,2.0,3/4,V|HC,F,I,V,,V,HC,,M
94.0,0.5,94.0,0.5,1528,8,67,1,n183-2,12,12,,,,,,,,,,,
94.5,0.5,94.5,0.5,1536,8,72,1,n184-2,12,12,0.0,3/4,{,F,I,,,,,{,
95.0,0.5,95.0,0.5,1544,8,72,1,n185-2,12,12,,,,,,,,,,,
95.5,0.5,95.5,0.5,1552,8,72,1,n186-2,12,12,,,,,,,,,,,
96.0,1.5,96.0,1.5,1560,24,82,1,n189-2,13,13,,,,,,,,,,,
96.0,0.75,96.0,0.75,1560,12,36,5,n195-2,13,13,1.0,3/4,V7,F,I,V7,,V,,,Mm7
96.0,5.0,96.0,5.0,1560,80,72,2,n193-2,13,13,,,,,,,,,,,
96.0,0.75,96.0,0.75,1560,12,48,5,n196-2,13,13,,,,,,,,,,,
96.75,0.25,96.75,0.25,1572,4,50,5,n198-2,13,13,,,,,,,,,,,
96.75,0.25,96.75,0.25,1572,4,38,5,n197-2,13,13,,,,,,,,,,,
97.0,0.5,97.0,0.5,1576,8,40,5,n199-2,13,13,0.5,3/4,V65,F,I,V65,,V,,,Mm7
97.0,0.5,97.0,0.5,1576,8,52,5,n200-2,13,13,,,,,,,,,,,
97.5,0.5,97.5,0.5,1584,8,81,1,n190-2,13,13,,,,,,,,,,,
97.5,0.5,97.5,0.5,1584,8,53,5,n202-2,13,13,,,,,,,,,,,
97.5,0.5,97.5,0.5,1584,8,41,5,n201-2,13,13,0.5,3/4,I,F,I,I,,I,,,M
98.0,0.5,98.0,0.5,1592,8,43,5,n203-2,13,13,0.5,3/4,V64,F,I,V64,,V,,,M
98.0,0.5,98.0,0.5,1592,8,55,5,n204-2,13,13,,,,,,,,,,,
98.0,0.5,98.0,0.5,1592,8,79,1,n191-2,13,13,,,,,,,,,,,
98.5,0.5,98.5,0.5,1600,8,45,5,n205-2,13,13,0.5,3/4,I6,F,I,I6,,I,,,M
98.5,0.5,98.5,0.5,1600,8,57,5,n206-2,13,13,,,,,,,,,,,
98.5,0.5,98.5,0.5,1600,8,69,3,n194-2,13,13,,,,,,,,,,,
98.5,0.5,98.5,0.5,1600,8,77,1,n192-2,13,13,,,,,,,,,,,
99.0,1.0,99.0,1.0,1608,16,77,1,n207-2,14,14,,,,,,,,,,,
99.0,2.0,99.0,2.0,1608,32,67,3,n213-2,14,14,,,,,,,,,,,
99.0,2.0,99.0,2.0,1608,32,46,5,n214-2,14,14,1.0,3/4,V2(4),F,I,V2(4),,V,,,Mm7
99.0,2.0,99.0,2.0,1608,32,58,5,n215-2,14,14,,,,,,,,,,,
100.0,0.5,100.0,0.5,1624,8,76,1,n208-2,14,14,0.5,3/4,V2,F,I,V2,,V,,,Mm7
100.5,0.5,100.5,0.5,1632,8,75,1,n209-2,14,14,4.5,3/4,V65/IV,F,I,V65/IV,,V,,,Mm7
101.0,0.5,101.0,0.5,1640,8,75,1,n210-2,14,14,,,,,,,,,,,
101.5,0.5,101.5,0.5,1648,8,75,1,n211-2,14,14,,,,,,,,,,,
102.0,1.0,102.0,1.0,1656,16,57,5,n226-2,15,15,,,,,,,,,,,
102.0,0.75,102.0,0.75,1656,12,75,1,n217-2,15,15,,,,,,,,,,,
102.0,1.0,102.0,1.0,1656,16,60,5,n227-2,15,15,,,,,,,,,,,
102.0,1.0,102.0,1.0,1656,16,65,5,n228-2,15,15,,,,,,,,,,,
102.75,0.25,102.75,0.25,1668,4,77,1,n218-2,15,15,,,,,,,,,,,
103.0,1.0,103.0,1.0,1672,16,57,5,n229-2,15,15,,,,,,,,,,,
103.0,1.0,103.0,1.0,1672,16,65,5,n231-2,15,15,,,,,,,,,,,
103.0,1.0,103.0,1.0,1672,16,60,5,n230-2,15,15,,,,,,,,,,,
103.0,0.5,103.0,0.5,1672,8,79,1,n219-2,15,15,,,,,,,,,,,
103.5,0.25,103.5,0.25,1680,4,77,1,n220-2,15,15,,,,,,,,,,,
103.75,0.25,103.75,0.25,1684,4,75,1,n221-2,15,15,,,,,,,,,,,
104.0,1.0,104.0,1.0,1688,16,65,5,n234-2,15,15,,,,,,,,,,,
104.0,0.25,104.0,0.25,1688,4,75,1,n222-2,15,15,,,,,,,,,,,
104.0,1.0,104.0,1.0,1688,16,63,5,n233-2,15,15,,,,,,,,,,,
104.0,1.0,104.0,1.0,1688,16,57,5,n232-2,15,15,,,,,,,,,,,
104.25,0.25,104.25,0.25,1692,4,74,1,n223-2,15,15,,,,,,,,,,,
104.5,0.25,104.5,0.25,1696,4,74,1,n224-2,15,15,,,,,,,,,,,
104.75,0.25,104.75,0.25,1700,4,73,1,n225-2,15,15,,,,,,,,,,,
105.0,2.0,105.0,2.0,1704,32,65,5,n245-2,16,16,,,,,,,,,,,
105.0,1.0,105.0,1.0,1704,16,73,1,n235-2,16,16,,,,,,,,,,,
105.0,2.0,105.0,2.0,1704,32,58,5,n243-2,16,16,1.0,3/4,IV(#9),F,I,IV(#9),,IV,,,M
105.0,2.0,105.0,2.0,1704,32,62,5,n244-2,16,16,,,,,,,,,,,
106.0,0.5,106.0,0.5,1720,8,74,1,n236-2,16,16,2.0,3/4,IV,F,I,IV,,IV,,,M
106.5,0.25,106.5,0.25,1728,4,77,1,n237-2,16,16,,,,,,,,,,,
106.75,0.25,106.75,0.25,1732,4,76,1,n238-2,16,16,,,,,,,,,,,
107.0,0.25,107.0,0.25,1736,4,79,1,n239-2,16,16,,,,,,,,,,,
107.25,0.25,107.25,0.25,1740,4,77,1,n240-2,16,16,,,,,,,,,,,
107.5,0.25,107.5,0.25,1744,4,76,1,n241-2,16,16,,,,,,,,,,,
107.75,0.25,107.75,0.25,1748,4,74,1,n242-2,16,16,,,,,,,,,,,
108.0,1.0,108.0,1.0,1752,16,62,5,n256-2,17,17,,,,,,,,,,,
108.0,2.0,108.0,2.0,1752,32,53,6,n259-2,17,17,1.0,3/4,I(64),F,I,I(64),,I,,,M
108.0,1.0,108.0,1.0,1752,16,58,5,n255-2,17,17,,,,,,,,,,,
108.0,1.0,108.0,1.0,1752,16,74,1,n247-2,17,17,,,,,,,,,,,
109.0,1.0,109.0,1.0,1768,16,60,5,n258-2,17,17,,,,,,,,,,,
109.0,1.0,109.0,1.0,1768,16,57,5,n257-2,17,17,2.0,3/4,I,F,I,I,,I,,,M
109.0,0.5,109.0,0.5,1768,8,72,1,n248-2,17,17,,,,,,,,,,,
109.5,0.375,109.5,0.375,1776,6,77,1,n249-2,17,17,,,,,,,,,,,
109.875,0.125,109.875,0.125,1782,2,72,1,n250-2,17,17,,,,,,,,,,,
110.0,0.375,110.0,0.375,1784,6,81,1,n251-2,17,17,,,,,,,,,,,
110.375,0.125,110.375,0.125,1790,2,77,1,n252-2,17,17,,,,,,,,,,,
110.5,0.375,110.5,0.375,1792,6,72,1,n253-2,17,17,,,,,,,,,,,
110.875,0.125,110.875,0.125,1798,2,69,1,n254-2,17,17,,,,,,,,,,,
111.0,1.5,111.0,1.5,1800,24,55,5,n273-2,18,18,,,,,,,,,,,
111.0,1.5,111.0,1.5,1800,24,60,5,n274-2,18,18,,,,,,,,,,,
111.0,1.5,111.0,1.5,1800,24,52,5,n272-2,18,18,1.0,3/4,V6,F,I,V6,,V,,,M
111.0,0.75,111.0,0.75,1800,12,72,1,n260-2,18,18,,,,,,,,,,,
111.75,0.25,111.75,0.25,1812,4,71,1,n261-2,18,18,,,,,,,,,,,
112.0,0.5,112.0,0.5,1816,8,70,1,n262-2,18,18,0.5,3/4,V65,F,I,V65,,V,,,Mm7
112.5,0.5,112.5,0.5,1824,8,46,5,n275-2,18,18,0.5,3/4,V2,F,I,V2,,V,,,Mm7
112.5,0.5,112.5,0.5,1824,8,58,5,n276-2,18,18,,,,,,,,,,,
112.5,0.5,112.5,0.5,1824,8,67,1,n263-2,18,18,,,,,,,,,,,
112.5,0.375,112.5,0.375,1824,6,64,2,n266-2,18,18,,,,,,,,,,,
112.875,0.125,112.875,0.125,1830,2,60,2,n267-2,18,18,,,,,,,,,,,
113.0,0.5,113.0,0.5,1832,8,57,5,n278-2,18,18,,,,,,,,,,,
113.0,0.375,113.0,0.375,1832,6,65,2,n268-2,18,18,,,,,,,,,,,
113.0,0.5,113.0,0.5,1832,8,69,1,n264-2,18,18,,,,,,,,,,,
113.0,0.5,113.0,0.5,1832,8,45,5,n277-2,18,18,0.5,3/4,I6,F,I,I6,,I,,,M
113.375,0.125,113.375,0.125,1838,2,60,2,n269-2,18,18,,,,,,,,,,,
113.5,0.5,113.5,0.5,1840,8,43,5,n279-2,18,18,0.5,3/4,V43,F,I,V43,,V,,,Mm7
113.5,0.5,113.5,0.5,1840,8,55,5,n280-2,18,18,,,,,,,,,,,
113.5,0.375,113.5,0.375,1840,6,67,2,n270-2,18,18,,,,,,,,,,,
113.5,0.5,113.5,0.5,1840,8,70,1,n265-2,18,18,,,,,,,,,,,
113.875,0.125,113.875,0.125,1846,2,60,2,n271-2,18,18,,,,,,,,,,,
114.0,0.5,114.0,0.5,1848,8,41,5,n292-2,19,19,1.0,3/4,I,F,I,I,,I,,,M
114.0,0.25,114.0,0.25,1848,4,72,1,n281-2,19,19,,,,,,,,,,,
114.0,0.5,114.0,0.5,1848,8,69,2,n287-2,19,19,,,,,,,,,,,
114.0,0.5,114.0,0.5,1848,8,53,5,n293-2,19,19,,,,,,,,,,,
114.25,0.25,114.25,0.25,1852,4,74,1,n282-2,19,19,,,,,,,,,,,
114.5,0.25,114.5,0.25,1856,4,76,1,n283-2,19,19,,,,,,,,,,,
114.75,0.25,114.75,0.25,1860,4,77,1,n284-2,19,19,,,,,,,,,,,
115.0,1.0,115.0,1.0,1864,16,57,5,n295-2,19,19,,,,,,,,,,,
115.0,1.5,115.0,1.5,1864,24,65,1,n285-2,19,19,,,,,,,,,,,
115.0,1.5,115.0,1.5,1864,24,60,2,n289-2,19,19,,,,,,,,,,,
115.0,2.0,115.0,2.0,1864,32,48,6,n297-2,19,19,1.0,3/4,V(64),F,I,V(64),,V,,,M
116.0,1.0,116.0,1.0,1880,16,58,5,n296-2,19,19,1.0,3/4,V7,F,I,V7,,V,,,Mm7
116.5,0.5,116.5,0.5,1888,8,64,1,n286-2,19,19,,,,,,,,,,,
116.5,0.25,116.5,0.25,1888,4,69,2,n290-2,19,19,,,,,,,,,,,
116.75,0.25,116.75,0.25,1892,4,67,2,n291-2,19,19,,,,,,,,,,,
117.0,1.0,117.0,1.0,1896,16,65,1,n298-2,20,20,,,,,,,,,,,
117.0,1.0,117.0,1.0,1896,16,57,5,n300-2,20,20,,,,,,,,,,,
117.0,1.0,117.0,1.0,1896,16,53,6,n302-2,20,20,1.5,3/4,I|PAC},F,I,I,,I,PAC,},M
118.0,0.5,118.0,0.5,1912,8,41,5,n301-2,20,20,,,,,,,,,,,
118.5,0.5,118.5,0.5,1920,8,60,1,n303-1,X2,20,3.0,3/4,i.i[i{,F,i,i,,i,,{,m
118.5,0.5,118.5,0.5,1920,8,68,1,n304-1,X2,20,,,,,,,,,,,
119.0,0.5,119.0,0.5,1928,8,60,1,n305-1,X2,20,,,,,,,,,,,
119.0,0.5,119.0,0.5,1928,8,68,1,n306-1,X2,20,,,,,,,,,,,
119.5,0.5,119.5,0.5,1936,8,60,1,n307-1,X2,20,,,,,,,,,,,
119.5,0.5,119.5,0.5,1936,8,68,1,n308-1,X2,20,,,,,,,,,,,
120.0,1.5,120.0,1.5,1944,24,68,1,n312-1,21,21,,,,,,,,,,,
120.0,1.5,120.0,1.5,1944,24,60,1,n311-1,21,21,,,,,,,,,,,
120.0,0.25,120.0,0.25,1944,4,41,5,n319-1,21,21,,,,,,,,,,,
120.25,0.25,120.25,0.25,1948,4,53,5,n320-1,21,21,,,,,,,,,,,
120.5,0.25,120.5,0.25,1952,4,53,5,n321-1,21,21,,,,,,,,,,,
120.75,0.25,120.75,0.25,1956,4,53,5,n322-1,21,21,,,,,,,,,,,
121.0,0.25,121.0,0.25,1960,4,53,5,n323-1,21,21,,,,,,,,,,,
121.25,0.25,121.25,0.25,1964,4,53,5,n324-1,21,21,,,,,,,,,,,
121.5,0.25,121.5,0.25,1968,4,53,5,n325-1,21,21,1.0,3/4,iio6,F,i,iio6,,ii,,,o
121.5,0.5,121.5,0.5,1968,8,58,1,n313-1,21,21,,,,,,,,,,,
121.5,0.5,121.5,0.5,1968,8,67,1,n314-1,21,21,,,,,,,,,,,
121.75,0.25,121.75,0.25,1972,4,53,5,n326-1,21,21,,,,,,,,,,,
122.0,0.25,122.0,0.25,1976,4,53,5,n327-1,21,21,,,,,,,,,,,
122.0,0.5,122.0,0.5,1976,8,61,1,n315-1,21,21,,,,,,,,,,,
122.0,0.5,122.0,0.5,1976,8,70,1,n316-1,21,21,,,,,,,,,,,
122.25,0.25,122.25,0.25,1980,4,53,5,n328-1,21,21,,,,,,,,,,,
122.5,0.5,122.5,0.5,1984,8,64,1,n318-1,21,21,,,,,,,,,,,
122.5,0.25,122.5,0.25,1984,4,53,5,n329-1,21,21,0.5,3/4,#viio6,F,i,#viio6,,#vii,,,o
122.5,0.5,122.5,0.5,1984,8,55,1,n317-1,21,21,,,,,,,,,,,
122.75,0.25,122.75,0.25,1988,4,53,5,n330-1,21,21,,,,,,,,,,,
123.0,1.5,123.0,1.5,1992,24,65,1,n332-1,22,22,,,,,,,,,,,
123.0,1.5,123.0,1.5,1992,24,56,1,n331-1,22,22,,,,,,,,,,,
123.0,0.25,123.0,0.25,1992,4,41,5,n339-1,22,22,3.0,3/4,i],F,i,i,,i,,,m
123.25,0.25,123.25,0.25,1996,4,53,5,n340-1,22,22,,,,,,,,,,,
123.5,0.25,123.5,0.25,2000,4,53,5,n341-1,22,22,,,,,,,,,,,
123.75,0.25,123.75,0.25,2004,4,53,5,n342-1,22,22,,,,,,,,,,,
124.0,0.25,124.0,0.25,2008,4,53,5,n343-1,22,22,,,,,,,,,,,
124.25,0.25,124.25,0.25,2012,4,53,5,n344-1,22,22,,,,,,,,,,,
124.5,0.25,124.5,0.25,2016,4,53,5,n345-1,22,22,,,,,,,,,,,
124.5,0.5,124.5,0.5,2016,8,72,1,n334-1,22,22,,,,,,,,,,,
124.5,0.5,124.5,0.5,2016,8,68,1,n333-1,22,22,,,,,,,,,,,
124.75,0.25,124.75,0.25,2020,4,53,5,n346-1,22,22,,,,,,,,,,,
125.0,0.25,125.0,0.25,2024,4,53,5,n347-1,22,22,,,,,,,,,,,
125.0,0.5,125.0,0.5,2024,8,72,1,n336-1,22,22,,,,,,,,,,,
125.0,0.5,125.0,0.5,2024,8,68,1,n335-1,22,22,,,,,,,,,,,
125.25,0.25,125.25,0.25,2028,4,53,5,n348-1,22,22,,,,,,,,,,,
125.5,0.25,125.5,0.25,2032,4,53,5,n349-1,22,22,,,,,,,,,,,
125.5,0.5,125.5,0.5,2032,8,72,1,n338-1,22,22,,,,,,,,,,,
125.5,0.5,125.5,0.5,2032,8,68,1,n337-1,22,22,,,,,,,,,,,
125.75,0.25,125.75,0.25,2036,4,53,5,n350-1,22,22,,,,,,,,,,,
126.0,3.0,126.0,3.0,2040,48,67,2,n355-1,23,23,,,,,,,,,,,
126.0,0.25,126.0,0.25,2040,4,40,5,n356-1,23,23,2.5,3/4,V6,F,i,V6,,V,,,M
126.0,1.5,126.0,1.5,2040,24,72,1,n351-1,23,23,,,,,,,,,,,
126.25,0.25,126.25,0.25,2044,4,52,5,n357-1,23,23,,,,,,,,,,,
126.5,0.25,126.5,0.25,2048,4,52,5,n358-1,23,23,,,,,,,,,,,
126.75,0.25,126.75,0.25,2052,4,52,5,n359-1,23,23,,,,,,,,,,,
127.0,0.25,127.0,0.25,2056,4,52,5,n360-1,23,23,,,,,,,,,,,
127.25,0.25,127.25,0.25,2060,4,52,5,n361-1,23,23,,,,,,,,,,,
127.5,0.25,127.5,0.25,2064,4,52,5,n362-1,23,23,,,,,,,,,,,
127.5,0.5,127.5,0.5,2064,8,73,1,n352-1,23,23,,,,,,,,,,,
127.75,0.25,127.75,0.25,2068,4,52,5,n363-1,23,23,,,,,,,,,,,
128.0,0.25,128.0,0.25,2072,4,52,5,n364-1,23,23,,,,,,,,,,,
128.0,0.5,128.0,0.5,2072,8,72,1,n353-1,23,23,,,,,,,,,,,
128.25,0.25,128.25,0.25,2076,4,52,5,n365-1,23,23,,,,,,,,,,,
128.5,0.5,128.5,0.5,2080,8,70,1,n354-1,23,23,,,,,,,,,,,
128.5,0.25,128.5,0.25,2080,4,52,5,n366-1,23,23,0.5,3/4,#viio,F,i,#viio,,#vii,,,o
128.75,0.25,128.75,0.25,2084,4,52,5,n367-1,23,23,,,,,,,,,,,
129.0,0.25,129.0,0.25,2088,4,41,5,n377-1,24,24,0.5,3/4,i(94),F,i,i(94),,i,,,m
129.0,0.5,129.0,0.5,2088,8,67,2,n375-1,24,24,,,,,,,,,,,
129.0,0.0,129.0,0.0,2088,0,72,1,n368-1,24,24,,,,,,,,,,,
129.0,0.5,129.0,0.5,2088,8,70,1,n369-1,24,24,,,,,,,,,,,
129.25,0.25,129.25,0.25,2092,4,53,5,n378-1,24,24,,,,,,,,,,,
129.5,0.5,129.5,0.5,2096,8,68,1,n370-1,24,24,,,,,,,,,,,
129.5,0.5,129.5,0.5,2096,8,65,2,n376-1,24,24,,,,,,,,,,,
129.5,0.25,129.5,0.25,2096,4,53,5,n379-1,24,24,2.5,3/4,i,F,i,i,,i,,,m
129.75,0.25,129.75,0.25,2100,4,53,5,n380-1,24,24,,,,,,,,,,,
130.0,1.0,130.0,1.0,2104,16,53,5,n381-1,24,24,,,,,,,,,,,
130.5,0.5,130.5,0.5,2112,8,68,1,n372-1,24,24,,,,,,,,,,,
131.0,0.5,131.0,0.5,2120,8,70,1,n373-1,24,24,,,,,,,,,,,
131.5,0.5,131.5,0.5,2128,8,72,1,n374-1,24,24,,,,,,,,,,,
132.0,0.5,132.0,0.5,2136,8,75,1,n383-1,25,25,0.5,3/4,VI6(2),F,i,VI6(2),,VI,,,M
132.5,0.5,132.5,0.5,2144,8,73,1,n384-1,25,25,,,,,,,,,,,
132.5,0.5,132.5,0.5,2144,8,56,5,n394-1,25,25,,,,,,,,,,,
132.5,0.5,132.5,0.5,2144,8,53,5,n393-1,25,25,2.5,3/4,VI6,F,i,VI6,,VI,,,M
132.5,0.5,132.5,0.5,2144,8,61,5,n395-1,25,25,,,,,,,,,,,
133.0,0.5,133.0,0.5,2152,8,61,5,n398-1,25,25,,,,,,,,,,,
133.0,0.5,133.0,0.5,2152,8,56,5,n397-1,25,25,,,,,,,,,,,
133.0,0.5,133.0,0.5,2152,8,53,5,n396-1,25,25,,,,,,,,,,,
133.5,0.5,133.5,0.5,2160,8,53,5,n399-1,25,25,,,,,,,,,,,
133.5,0.5,133.5,0.5,2160,8,61,5,n401-1,25,25,,,,,,,,,,,
133.5,0.0,133.5,0.0,2160,0,72,1,n386-1,25,25,,,,,,,,,,,
133.5,0.5,133.5,0.5,2160,8,56,5,n400-1,25,25,,,,,,,,,,,
133.5,0.5,133.5,0.5,2160,8,73,1,n387-1,25,25,,,,,,,,,,,
134.0,0.5,134.0,0.5,2168,8,73,1,n389-1,25,25,,,,,,,,,,,
134.0,0.0,134.0,0.0,2168,0,72,1,n388-1,25,25,,,,,,,,,,,
134.0,0.5,134.0,0.5,2168,8,61,5,n404-1,25,25,,,,,,,,,,,
134.0,0.5,134.0,0.5,2168,8,56,5,n403-1,25,25,,,,,,,,,,,
134.0,0.5,134.0,0.5,2168,8,53,5,n402-1,25,25,,,,,,,,,,,
134.5,0.5,134.5,0.5,2176,8,56,5,n406-1,25,25,,,,,,,,,,,
134.5,0.5,134.5,0.5,2176,8,61,5,n407-1,25,25,,,,,,,,,,,
134.5,0.0,134.5,0.0,2176,0,72,1,n390-1,25,25,,,,,,,,,,,
134.5,0.5,134.5,0.5,2176,8,73,1,n391-1,25,25,,,,,,,,,,,
134.5,0.5,134.5,0.5,2176,8,53,5,n405-1,25,25,,,,,,,,,,,
135.0,0.75,135.0,0.75,2184,12,73,1,n408-1,26,26,,,,,,,,,,,
135.0,2.0,135.0,2.0,2184,32,63,5,n420-1,26,26,,,,,,,,,,,
135.0,2.0,135.0,2.0,2184,32,61,5,n419-1,26,26,,,,,,,,,,,
135.0,2.0,135.0,2.0,2184,32,58,5,n418-1,26,26,,,,,,,,,,,
135.0,2.0,135.0,2.0,2184,32,55,5,n417-1,26,26,3.0,3/4,bIII.V65,F,bIII,V65,,V,,,Mm7
135.75,0.25,135.75,0.25,2196,4,75,1,n413-1,26,26,,,,,,,,,,,
135.75,0.0,135.75,0.0,2196,0,73,1,n410-1,26,26,,,,,,,,,,,
135.75,0.0,135.75,0.0,2196,0,72,1,n411-1,26,26,,,,,,,,,,,
135.75,0.0,135.75,0.0,2196,0,75,1,n409-1,26,26,,,,,,,,,,,
135.75,0.0,135.75,0.0,2196,0,73,1,n412-1,26,26,,,,,,,,,,,
136.0,1.5,136.0,1.5,2200,24,77,1,n414-1,26,26,,,,,,,,,,,
137.5,0.25,137.5,0.25,2224,4,75,1,n415-1,26,26,,,,,,,,,,,
137.75,0.25,137.75,0.25,2228,4,73,1,n416-1,26,26,,,,,,,,,,,
138.0,0.5,138.0,0.5,2232,8,56,6,n433-1,27,27,0.5,3/4,I,F,bIII,I,,I,,,M
138.0,0.25,138.0,0.25,2232,4,72,1,n422-1,27,27,,,,,,,,,,,
138.25,0.25,138.25,0.25,2236,4,75,1,n423-1,27,27,,,,,,,,,,,
138.5,0.5,138.5,0.5,2240,8,49,6,n434-1,27,27,0.5,3/4,ii6,F,bIII,ii6,,ii,,,m
138.5,0.5,138.5,0.5,2240,8,58,5,n430-1,27,27,,,,,,,,,,,
138.5,0.25,138.5,0.25,2240,4,73,1,n424-1,27,27,,,,,,,,,,,
138.75,0.25,138.75,0.25,2244,4,70,1,n425-1,27,27,,,,,,,,,,,
139.0,1.0,139.0,1.0,2248,16,60,5,n431-1,27,27,,,,,,,,,,,
139.0,2.0,139.0,2.0,2248,32,51,6,n435-1,27,27,1.0,3/4,V(64),F,bIII,V(64),,V,,,M
139.0,1.5,139.0,1.5,2248,24,68,1,n426-1,27,27,,,,,,,,,,,
140.0,1.0,140.0,1.0,2264,16,61,5,n432-1,27,27,0.5,3/4,V7(4),F,bIII,V7(4),,V,,,Mm7
140.5,0.5,140.5,0.5,2272,8,67,2,n429-1,27,27,0.5,3/4,V7,F,bIII,V7,,V,,,Mm7
140.5,0.25,140.5,0.25,2272,4,72,1,n427-1,27,27,,,,,,,,,,,
140.75,0.25,140.75,0.25,2276,4,70,1,n428-1,27,27,,,,,,,,,,,
141.0,1.0,141.0,1.0,2280,16,60,5,n438-1,28,28,,,,,,,,,,,
141.0,1.0,141.0,1.0,2280,16,68,1,n436-1,28,28,,,,,,,,,,,
141.0,1.0,141.0,1.0,2280,16,56,6,n440-1,28,28,5.0,3/4,I|PAC},F,bIII,I,,I,PAC,},M
142.0,0.5,142.0,0.5,2296,8,44,5,n439-1,28,28,,,,,,,,,,,
142.5,0.5,142.5,0.5,2304,8,60,1,n303-2,X2,20,3.0,3/4,i.i[i{,F,i,i,,i,,{,m
142.5,0.5,142.5,0.5,2304,8,68,1,n304-2,X2,20,,,,,,,,,,,
143.0,0.5,143.0,0.5,2312,8,60,1,n305-2,X2,20,,,,,,,,,,,
143.0,0.5,143.0,0.5,2312,8,68,1,n306-2,X2,20,,,,,,,,,,,
143.5,0.5,143.5,0.5,2320,8,68,1,n308-2,X2,20,,,,,,,,,,,
143.5,0.5,143.5,0.5,2320,8,60,1,n307-2,X2,20,,,,,,,,,,,
144.0,1.5,144.0,1.5,2328,24,60,1,n311-2,21,21,,,,,,,,,,,
144.0,1.5,144.0,1.5,2328,24,68,1,n312-2,21,21,,,,,,,,,,,
144.0,0.25,144.0,0.25,2328,4,41,5,n319-2,21,21,,,,,,,,,,,
144.25,0.25,144.25,0.25,2332,4,53,5,n320-2,21,21,,,,,,,,,,,
144.5,0.25,144.5,0.25,2336,4,53,5,n321-2,21,21,,,,,,,,,,,
144.75,0.25,144.75,0.25,2340,4,53,5,n322-2,21,21,,,,,,,,,,,
145.0,0.25,145.0,0.25,2344,4,53,5,n323-2,21,21,,,,,,,,,,,
145.25,0.25,145.25,0.25,2348,4,53,5,n324-2,21,21,,,,,,,,,,,
145.5,0.5,145.5,0.5,2352,8,58,1,n313-2,21,21,,,,,,,,,,,
145.5,0.5,145.5,0.5,2352,8,67,1,n314-2,21,21,,,,,,,,,,,
145.5,0.25,145.5,0.25,2352,4,53,5,n325-2,21,21,1.0,3/4,iio6,F,i,iio6,,ii,,,o
145.75,0.25,145.75,0.25,2356,4,53,5,n326-2,21,21,,,,,,,,,,,
146.0,0.5,146.0,0.5,2360,8,61,1,n315-2,21,21,,,,,,,,,,,
146.0,0.5,146.0,0.5,2360,8,70,1,n316-2,21,21,,,,,,,,,,,
146.0,0.25,146.0,0.25,2360,4,53,5,n327-2,21,21,,,,,,,,,,,
146.25,0.25,146.25,0.25,2364,4,53,5,n328-2,21,21,,,,,,,,,,,
146.5,0.25,146.5,0.25,2368,4,53,5,n329-2,21,21,0.5,3/4,#viio6,F,i,#viio6,,#vii,,,o
146.5,0.5,146.5,0.5,2368,8,55,1,n317-2,21,21,,,,,,,,,,,
146.5,0.5,146.5,0.5,2368,8,64,1,n318-2,21,21,,,,,,,,,,,
146.75,0.25,146.75,0.25,2372,4,53,5,n330-2,21,21,,,,,,,,,,,
147.0,0.25,147.0,0.25,2376,4,41,5,n339-2,22,22,3.0,3/4,i],F,i,i,,i,,,m
147.0,1.5,147.0,1.5,2376,24,56,1,n331-2,22,22,,,,,,,,,,,
147.0,1.5,147.0,1.5,2376,24,65,1,n332-2,22,22,,,,,,,,,,,
147.25,0.25,147.25,0.25,2380,4,53,5,n340-2,22,22,,,,,,,,,,,
147.5,0.25,147.5,0.25,2384,4,53,5,n341-2,22,22,,,,,,,,,,,
147.75,0.25,147.75,0.25,2388,4,53,5,n342-2,22,22,,,,,,,,,,,
148.0,0.25,148.0,0.25,2392,4,53,5,n343-2,22,22,,,,,,,,,,,
148.25,0.25,148.25,0.25,2396,4,53,5,n344-2,22,22,,,,,,,,,,,
148.5,0.25,148.5,0.25,2400,4,53,5,n345-2,22,22,,,,,,,,,,,
148.5,0.5,148.5,0.5,2400,8,68,1,n333-2,22,22,,,,,,,,,,,
148.5,0.5,148.5,0.5,2400,8,72,1,n334-2,22,22,,,,,,,,,,,
148.75,0.25,148.75,0.25,2404,4,53,5,n346-2,22,22,,,,,,,,,,,
149.0,0.5,149.0,0.5,2408,8,72,1,n336-2,22,22,,,,,,,,,,,
149.0,0.5,149.0,0.5,2408,8,68,1,n335-2,22,22,,,,,,,,,,,
149.0,0.25,149.0,0.25,2408,4,53,5,n347-2,22,22,,,,,,,,,,,
149.25,0.25,149.25,0.25,2412,4,53,5,n348-2,22,22,,,,,,,,,,,
149.5,0.25,149.5,0.25,2416,4,53,5,n349-2,22,22,,,,,,,,,,,
149.5,0.5,149.5,0.5,2416,8,68,1,n337-2,22,22,,,,,,,,,,,
149.5,0.5,149.5,0.5,2416,8,72,1,n338-2,22,22,,,,,,,,,,,
149.75,0.25,149.75,0.25,2420,4,53,5,n350-2,22,22,,,,,,,,,,,
150.0,0.25,150.0,0.25,2424,4,40,5,n356-2,23,23,2.5,3/4,V6,F,i,V6,,V,,,M
150.0,3.0,150.0,3.0,2424,48,67,2,n355-2,23,23,,,,,,,,,,,
150.0,1.5,150.0,1.5,2424,24,72,1,n351-2,23,23,,,,,,,,,,,
150.25,0.25,150.25,0.25,2428,4,52,5,n357-2,23,23,,,,,,,,,,,
150.5,0.25,150.5,0.25,2432,4,52,5,n358-2,23,23,,,,,,,,,,,
150.75,0.25,150.75,0.25,2436,4,52,5,n359-2,23,23,,,,,,,,,,,
151.0,0.25,151.0,0.25,2440,4,52,5,n360-2,23,23,,,,,,,,,,,
151.25,0.25,151.25,0.25,2444,4,52,5,n361-2,23,23,,,,,,,,,,,
151.5,0.5,151.5,0.5,2448,8,73,1,n352-2,23,23,,,,,,,,,,,
151.5,0.25,151.5,0.25,2448,4,52,5,n362-2,23,23,,,,,,,,,,,
151.75,0.25,151.75,0.25,2452,4,52,5,n363-2,23,23,,,,,,,,,,,
152.0,0.25,152.0,0.25,2456,4,52,5,n364-2,23,23,,,,,,,,,,,
152.0,0.5,152.0,0.5,2456,8,72,1,n353-2,23,23,,,,,,,,,,,
152.25,0.25,152.25,0.25,2460,4,52,5,n365-2,23,23,,,,,,,,,,,
152.5,0.5,152.5,0.5,2464,8,70,1,n354-2,23,23,,,,,,,,,,,
152.5,0.25,152.5,0.25,2464,4,52,5,n366-2,23,23,0.5,3/4,#viio,F,i,#viio,,#vii,,,o
152.75,0.25,152.75,0.25,2468,4,52,5,n367-2,23,23,,,,,,,,,,,
153.0,0.5,153.0,0.5,2472,8,70,1,n369-2,24,24,,,,,,,,,,,
153.0,0.0,153.0,0.0,2472,0,72,1,n368-2,24,24,,,,,,,,,,,
153.0,0.5,153.0,0.5,2472,8,67,2,n375-2,24,24,,,,,,,,,,,
153.0,0.25,153.0,0.25,2472,4,41,5,n377-2,24,24,0.5,3/4,i(94),F,i,i(94),,i,,,m
153.25,0.25,153.25,0.25,2476,4,53,5,n378-2,24,24,,,,,,,,,,,
153.5,0.5,153.5,0.5,2480,8,68,1,n370-2,24,24,,,,,,,,,,,
153.5,0.5,153.5,0.5,2480,8,65,2,n376-2,24,24,,,,,,,,,,,
153.5,0.25,153.5,0.25,2480,4,53,5,n379-2,24,24,2.5,3/4,i,F,i,i,,i,,,m
153.75,0.25,153.75,0.25,2484,4,53,5,n380-2,24,24,,,,,,,,,,,
154.0,1.0,154.0,1.0,2488,16,53,5,n381-2,24,24,,,,,,,,,,,
154.5,0.5,154.5,0.5,2496,8,68,1,n372-2,24,24,,,,,,,,,,,
155.0,0.5,155.0,0.5,2504,8,70,1,n373-2,24,24,,,,,,,,,,,
155.5,0.5,155.5,0.5,2512,8,72,1,n374-2,24,24,,,,,,,,,,,
156.0,0.5,156.0,0.5,2520,8,75,1,n383-2,25,25,0.5,3/4,VI6(2),F,i,VI6(2),,VI,,,M
156.5,0.5,156.5,0.5,2528,8,53,5,n393-2,25,25,2.5,3/4,VI6,F,i,VI6,,VI,,,M
156.5,0.5,156.5,0.5,2528,8,56,5,n394-2,25,25,,,,,,,,,,,
156.5,0.5,156.5,0.5,2528,8,61,5,n395-2,25,25,,,,,,,,,,,
156.5,0.5,156.5,0.5,2528,8,73,1,n384-2,25,25,,,,,,,,,,,
157.0,0.5,157.0,0.5,2536,8,61,5,n398-2,25,25,,,,,,,,,,,
157.0,0.5,157.0,0.5,2536,8,53,5,n396-2,25,25,,,,,,,,,,,
157.0,0.5,157.0,0.5,2536,8,56,5,n397-2,25,25,,,,,,,,,,,
157.5,0.5,157.5,0.5,2544,8,73,1,n387-2,25,25,,,,,,,,,,,
157.5,0.5,157.5,0.5,2544,8,53,5,n399-2,25,25,,,,,,,,,,,
157.5,0.5,157.5,0.5,2544,8,61,5,n401-2,25,25,,,,,,,,,,,
157.5,0.5,157.5,0.5,2544,8,56,5,n400-2,25,25,,,,,,,,,,,
157.5,0.0,157.5,0.0,2544,0,72,1,n386-2,25,25,,,,,,,,,,,
158.0,0.5,158.0,0.5,2552,8,53,5,n402-2,25,25,,,,,,,,,,,
158.0,0.5,158.0,0.5,2552,8,56,5,n403-2,25,25,,,,,,,,,,,
158.0,0.5,158.0,0.5,2552,8,61,5,n404-2,25,25,,,,,,,,,,,
158.0,0.0,158.0,0.0,2552,0,72,1,n388-2,25,25,,,,,,,,,,,
158.0,0.5,158.0,0.5,2552,8,73,1,n389-2,25,25,,,,,,,,,,,
158.5,0.5,158.5,0.5,2560,8,53,5,n405-2,25,25,,,,,,,,,,,
158.5,0.5,158.5,0.5,2560,8,56,5,n406-2,25,25,,,,,,,,,,,
158.5,0.0,158.5,0.0,2560,0,72,1,n390-2,25,25,,,,,,,,,,,
158.5,0.5,158.5,0.5,2560,8,61,5,n407-2,25,25,,,,,,,,,,,
158.5,0.5,158.5,0.5,2560,8,73,1,n391-2,25,25,,,,,,,,,,,
159.0,0.75,159.0,0.75,2568,12,73,1,n408-2,26,26,,,,,,,,,,,
159.0,2.0,159.0,2.0,2568,32,55,5,n417-2,26,26,3.0,3/4,bIII.V65,F,bIII,V65,,V,,,Mm7
159.0,2.0,159.0,2.0,2568,32,63,5,n420-2,26,26,,,,,,,,,,,
159.0,2.0,159.0,2.0,2568,32,58,5,n418-2,26,26,,,,,,,,,,,
159.0,2.0,159.0,2.0,2568,32,61,5,n419-2,26,26,,,,,,,,,,,
159.75,0.0,159.75,0.0,2580,0,73,1,n412-2,26,26,,,,,,,,,,,
159.75,0.25,159.75,0.25,2580,4,75,1,n413-2,26,26,,,,,,,,,,,
159.75,0.0,159.75,0.0,2580,0,75,1,n409-2,26,26,,,,,,,,,,,
159.75,0.0,159.75,0.0,2580,0,73,1,n410-2,26,26,,,,,,,,,,,
159.75,0.0,159.75,0.0,2580,0,72,1,n411-2,26,26,,,,,,,,,,,
160.0,1.5,160.0,1.5,2584,24,77,1,n414-2,26,26,,,,,,,,,,,
161.5,0.25,161.5,0.25,2608,4,75,1,n415-2,26,26,,,,,,,,,,,
161.75,0.25,161.75,0.25,2612,4,73,1,n416-2,26,26,,,,,,,,,,,
162.0,0.5,162.0,0.5,2616,8,56,6,n433-2,27,27,0.5,3/4,I,F,bIII,I,,I,,,M
162.0,0.25,162.0,0.25,2616,4,72,1,n422-2,27,27,,,,,,,,,,,
162.25,0.25,162.25,0.25,2620,4,75,1,n423-2,27,27,,,,,,,,,,,
162.5,0.25,162.5,0.25,2624,4,73,1,n424-2,27,27,,,,,,,,,,,
162.5,0.5,162.5,0.5,2624,8,58,5,n430-2,27,27,,,,,,,,,,,
162.5,0.5,162.5,0.5,2624,8,49,6,n434-2,27,27,0.5,3/4,ii6,F,bIII,ii6,,ii,,,m
162.75,0.25,162.75,0.25,2628,4,70,1,n425-2,27,27,,,,,,,,,,,
163.0,1.0,163.0,1.0,2632,16,60,5,n431-2,27,27,,,,,,,,,,,
163.0,1.5,163.0,1.5,2632,24,68,1,n426-2,27,27,,,,,,,,,,,
163.0,2.0,163.0,2.0,2632,32,51,6,n435-2,27,27,1.0,3/4,V(64),F,bIII,V(64),,V,,,M
164.0,1.0,164.0,1.0,2648,16,61,5,n432-2,27,27,0.5,3/4,V7(4),F,bIII,V7(4),,V,,,Mm7
164.5,0.5,164.5,0.5,2656,8,67,2,n429-2,27,27,0.5,3/4,V7,F,bIII,V7,,V,,,Mm7
164.5,0.25,164.5,0.25,2656,4,72,1,n427-2,27,27,,,,,,,,,,,
164.75,0.25,164.75,0.25,2660,4,70,1,n428-2,27,27,,,,,,,,,,,
165.0,1.0,165.0,1.0,2664,16,56,6,n440-2,28,28,5.0,3/4,I|PAC},F,bIII,I,,I,PAC,},M
165.0,1.0,165.0,1.0,2664,16,60,5,n438-2,28,28,,,,,,,,,,,
165.0,1.0,165.0,1.0,2664,16,68,1,n436-2,28,28,,,,,,,,,,,
166.0,0.5,166.0,0.5,2680,8,44,5,n439-2,28,28,,,,,,,,,,,
166.5,0.5,166.5,0.5,2688,8,63,1,n441-1,X3,28,0.0,3/4,{,F,bIII,,,,,{,
167.0,0.5,167.0,0.5,2696,8,68,1,n442-1,X3,28,,,,,,,,,,,
167.5,0.5,167.5,0.5,2704,8,72,1,n443-1,X3,28,,,,,,,,,,,
168.0,1.5,168.0,1.5,2712,24,75,1,n446-1,29,29,,,,,,,,,,,
168.5,0.5,168.5,0.5,2720,8,56,5,n452-1,29,29,,,,,,,,,,,
169.0,0.5,169.0,0.5,2728,8,60,5,n453-1,29,29,,,,,,,,,,,
169.5,0.25,169.5,0.25,2736,4,73,1,n447-1,29,29,,,,,,,,,,,
169.5,0.5,169.5,0.5,2736,8,63,5,n454-1,29,29,,,,,,,,,,,
169.75,0.25,169.75,0.25,2740,4,72,1,n448-1,29,29,,,,,,,,,,,
170.0,0.5,170.0,0.5,2744,8,70,1,n449-1,29,29,,,,,,,,,,,
170.0,0.5,170.0,0.5,2744,8,53,5,n455-1,29,29,1.0,3/4,V43/V,F,bIII,V43/V,,V,,,Mm7
170.5,0.5,170.5,0.5,2752,8,68,1,n450-1,29,29,,,,,,,,,,,
170.5,0.5,170.5,0.5,2752,8,62,5,n456-1,29,29,,,,,,,,,,,
171.0,1.0,171.0,1.0,2760,16,72,1,n457-1,30,30,1.0,3/4,V(64),F,bIII,V(64),,V,,,M
171.5,0.5,171.5,0.5,2768,8,51,6,n465-1,30,30,,,,,,,,,,,
172.0,0.5,172.0,0.5,2776,8,70,1,n458-1,30,30,,,,,,,,,,,
172.0,0.5,172.0,0.5,2776,8,55,6,n466-1,30,30,0.5,3/4,V6,F,bIII,V6,,V,,,M
172.5,0.5,172.5,0.5,2784,8,60,1,n459-1,30,30,,,,,,,,,,,
172.5,0.5,172.5,0.5,2784,8,58,5,n462-1,30,30,,,,,,,,,,,
172.5,0.5,172.5,0.5,2784,8,52,6,n467-1,30,30,0.5,3/4,i.V65,F,i,V65,,V,,,Mm7
173.0,1.0,173.0,1.0,2792,16,53,6,n468-1,30,30,1.0,3/4,i,F,i,i,,i,,,m
173.0,1.0,173.0,1.0,2792,16,56,5,n463-1,30,30,,,,,,,,,,,
173.0,0.5,173.0,0.5,2792,8,65,1,n460-1,30,30,,,,,,,,,,,
173.5,0.5,173.5,0.5,2800,8,68,1,n461-1,30,30,,,,,,,,,,,
174.0,1.5,174.0,1.5,2808,24,72,1,n469-1,31,31,1.5,3/4,VIM7,F,i,VIM7,,VI,,,MM7
174.5,2.5,174.5,2.5,2816,40,49,6,n479-1,31,31,,,,,,,,,,,
174.5,0.5,174.5,0.5,2816,8,49,5,n474-1,31,31,,,,,,,,,,,
175.0,0.5,175.0,0.5,2824,8,53,5,n475-1,31,31,,,,,,,,,,,
175.5,0.25,175.5,0.25,2832,4,70,1,n470-1,31,31,,,,,,,,,,,
175.5,0.5,175.5,0.5,2832,8,56,5,n476-1,31,31,0.5,3/4,VI,F,i,VI,,VI,,,M
175.75,0.25,175.75,0.25,2836,4,68,1,n471-1,31,31,,,,,,,,,,,
176.0,0.5,176.0,0.5,2840,8,67,1,n472-1,31,31,,,,,,,,,,,
176.0,0.5,176.0,0.5,2840,8,58,5,n477-1,31,31,0.5,3/4,iio64,F,i,iio64,,ii,,,o
176.5,0.5,176.5,0.5,2848,8,65,1,n473-1,31,31,,,,,,,,,,,
176.5,0.5,176.5,0.5,2848,8,59,5,n478-1,31,31,0.5,3/4,It6,F,i,It6,It,vii,,,It
177.0,1.5,177.0,1.5,2856,24,60,5,n489-1,32,32,,,,,,,,,,,
177.0,1.0,177.0,1.0,2856,16,65,1,n481-1,32,32,,,,,,,,,,,
177.0,1.0,177.0,1.0,2856,16,68,1,n482-1,32,32,,,,,,,,,,,
177.0,1.5,177.0,1.5,2856,24,48,5,n488-1,32,32,1.0,3/4,V(64)},F,i,V(64),,V,,},M
178.0,0.5,178.0,0.5,2872,8,67,1,n484-1,32,32,,,,,,,,,,,
178.0,0.5,178.0,0.5,2872,8,64,1,n483-1,32,32,1.0,3/4,V|HC,F,i,V,,V,HC,,M
178.5,0.5,178.5,0.5,2880,8,72,1,n485-1,32,32,0.0,3/4,{,F,i,,,,,{,
179.0,0.5,179.0,0.5,2888,8,77,1,n486-1,32,32,1.0,3/4,i6,F,i,i6,,i,,,m
179.5,0.5,179.5,0.5,2896,8,44,5,n492-1,32,32,,,,,,,,,,,
179.5,0.5,179.5,0.5,2896,8,80,1,n487-1,32,32,,,,,,,,,,,
180.0,0.5,180.0,0.5,2904,8,46,5,n499-1,33,33,0.5,3/4,iv(6),F,i,iv(6),,iv,,,m
180.0,0.5,180.0,0.5,2904,8,79,1,n493-1,33,33,,,,,,,,,,,
180.5,0.5,180.5,0.5,2912,8,58,5,n500-1,33,33,0.5,3/4,iv,F,i,iv,,iv,,,m
180.5,0.5,180.5,0.5,2912,8,77,1,n494-1,33,33,,,,,,,,,,,
181.0,0.5,181.0,0.5,2920,8,59,5,n501-1,33,33,0.5,3/4,viio/V,F,i,viio/V,,vii,,,o
181.5,0.5,181.5,0.5,2928,8,60,5,n502-1,33,33,0.5,3/4,V,F,i,V,,V,,,M
181.5,0.5,181.5,0.5,2928,8,72,1,n496-1,33,33,,,,,,,,,,,
182.0,0.5,182.0,0.5,2936,8,77,1,n497-1,33,33,1.0,3/4,i64,F,i,i64,,i,,,m
182.5,0.5,182.5,0.5,2944,8,80,1,n498-1,33,33,,,,,,,,,,,
182.5,0.5,182.5,0.5,2944,8,48,5,n504-1,33,33,,,,,,,,,,,
183.0,0.5,183.0,0.5,2952,8,49,5,n520-1,34,34,0.5,3/4,VI(4),F,i,VI(4),,VI,,,M
183.0,0.5,183.0,0.5,2952,8,79,1,n505-1,34,34,,,,,,,,,,,
183.5,0.5,183.5,0.5,2960,8,61,5,n521-1,34,34,0.5,3/4,VI,F,i,VI,,VI,,,M
183.5,0.5,183.5,0.5,2960,8,77,1,n506-1,34,34,,,,,,,,,,,
184.0,0.5,184.0,0.5,2968,8,63,5,n522-1,34,34,2.0,3/4,V7/iv,F,i,V7/iv,,V,,,Mm7
184.5,0.5,184.5,0.5,2976,8,77,1,n511-1,34,34,,,,,,,,,,,
184.5,0.5,184.5,0.5,2976,8,48,5,n523-1,34,34,,,,,,,,,,,
184.5,0.5,184.5,0.5,2976,8,60,5,n524-1,34,34,,,,,,,,,,,
184.5,0.5,184.5,0.5,2976,8,69,1,n508-1,34,34,,,,,,,,,,,
184.5,0.5,184.5,0.5,2976,8,72,1,n509-1,34,34,,,,,,,,,,,
184.5,0.5,184.5,0.5,2976,8,75,1,n510-1,34,34,,,,,,,,,,,
185.0,0.5,185.0,0.5,2984,8,45,5,n525-1,34,34,,,,,,,,,,,
185.0,0.5,185.0,0.5,2984,8,57,5,n526-1,34,34,,,,,,,,,,,
185.0,0.5,185.0,0.5,2984,8,69,1,n512-1,34,34,,,,,,,,,,,
185.0,0.5,185.0,0.5,2984,8,72,1,n513-1,34,34,,,,,,,,,,,
185.0,0.5,185.0,0.5,2984,8,75,1,n514-1,34,34,,,,,,,,,,,
185.0,0.5,185.0,0.5,2984,8,77,1,n515-1,34,34,,,,,,,,,,,
185.5,0.5,185.5,0.5,2992,8,77,1,n519-1,34,34,,,,,,,,,,,
185.5,0.5,185.5,0.5,2992,8,72,1,n517-1,34,34,,,,,,,,,,,
185.5,0.5,185.5,0.5,2992,8,75,1,n518-1,34,34,,,,,,,,,,,
185.5,0.5,185.5,0.5,2992,8,41,5,n527-1,34,34,,,,,,,,,,,
185.5,0.5,185.5,0.5,2992,8,69,1,n516-1,34,34,,,,,,,,,,,
185.5,0.5,185.5,0.5,2992,8,53,5,n528-1,34,34,,,,,,,,,,,
186.0,0.25,186.0,0.25,3000,4,73,1,n529-1,35,35,,,,,,,,,,,
186.0,0.25,186.0,0.25,3000,4,77,1,n530-1,35,35,,,,,,,,,,,
186.0,1.0,186.0,1.0,3000,16,46,5,n544-1,35,35,0.5,3/4,iv,F,i,iv,,iv,,,m
186.0,1.0,186.0,1.0,3000,16,58,5,n545-1,35,35,,,,,,,,,,,
186.25,0.25,186.25,0.25,3004,4,70,1,n531-1,35,35,,,,,,,,,,,
186.25,0.25,186.25,0.25,3004,4,73,1,n532-1,35,35,,,,,,,,,,,
186.5,0.25,186.5,0.25,3008,4,70,1,n533-1,35,35,0.5,3/4,iio6,F,i,iio6,,ii,,,o
186.5,0.25,186.5,0.25,3008,4,73,1,n534-1,35,35,,,,,,,,,,,
186.75,0.25,186.75,0.25,3012,4,67,1,n535-1,35,35,,,,,,,,,,,
186.75,0.25,186.75,0.25,3012,4,70,1,n536-1,35,35,,,,,,,,,,,
187.0,1.0,187.0,1.0,3016,16,65,1,n537-1,35,35,,,,,,,,,,,
187.0,1.0,187.0,1.0,3016,16,48,5,n546-1,35,35,1.0,3/4,V(64),F,i,V(64),,V,,,M
187.0,1.0,187.0,1.0,3016,16,60,5,n547-1,35,35,,,,,,,,,,,
187.0,1.0,187.0,1.0,3016,16,68,1,n538-1,35,35,,,,,,,,,,,
188.0,1.0,188.0,1.0,3032,16,48,5,n548-1,35,35,1.0,3/4,V7,F,i,V7,,V,,,Mm7
188.0,1.0,188.0,1.0,3032,16,64,2,n543-1,35,35,,,,,,,,,,,
188.0,0.0,188.0,0.0,3032,0,68,1,n539-1,35,35,,,,,,,,,,,
188.0,0.5,188.0,0.5,3032,8,67,1,n540-1,35,35,,,,,,,,,,,
188.5,0.25,188.5,0.25,3040,4,65,1,n541-1,35,35,,,,,,,,,,,
188.75,0.25,188.75,0.25,3044,4,67,1,n542-1,35,35,,,,,,,,,,,
189.0,1.0,189.0,1.0,3048,16,53,5,n552-1,36,36,4.5,3/4,i[i|PAC},F,i,i,,i,PAC,},m
189.0,1.0,189.0,1.0,3048,16,65,1,n550-1,36,36,,,,,,,,,,,
190.0,0.5,190.0,0.5,3064,8,41,5,n553-1,36,36,,,,,,,,,,,
190.5,0.5,190.5,0.5,3072,8,63,1,n441-2,X3,28,0.0,3/4,{,F,bIII,,,,,{,
191.0,0.5,191.0,0.5,3080,8,68,1,n442-2,X3,28,,,,,,,,,,,
191.5,0.5,191.5,0.5,3088,8,72,1,n443-2,X3,28,,,,,,,,,,,
192.0,1.5,192.0,1.5,3096,24,75,1,n446-2,29,29,,,,,,,,,,,
192.5,0.5,192.5,0.5,3104,8,56,5,n452-2,29,29,,,,,,,,,,,
193.0,0.5,193.0,0.5,3112,8,60,5,n453-2,29,29,,,,,,,,,,,
193.5,0.5,193.5,0.5,3120,8,63,5,n454-2,29,29,,,,,,,,,,,
193.5,0.25,193.5,0.25,3120,4,73,1,n447-2,29,29,,,,,,,,,,,
193.75,0.25,193.75,0.25,3124,4,72,1,n448-2,29,29,,,,,,,,,,,
194.0,0.5,194.0,0.5,3128,8,53,5,n455-2,29,29,1.0,3/4,V43/V,F,bIII,V43/V,,V,,,Mm7
194.0,0.5,194.0,0.5,3128,8,70,1,n449-2,29,29,,,,,,,,,,,
194.5,0.5,194.5,0.5,3136,8,62,5,n456-2,29,29,,,,,,,,,,,
194.5,0.5,194.5,0.5,3136,8,68,1,n450-2,29,29,,,,,,,,,,,
195.0,1.0,195.0,1.0,3144,16,72,1,n457-2,30,30,1.0,3/4,V(64),F,bIII,V(64),,V,,,M
195.5,0.5,195.5,0.5,3152,8,51,6,n465-2,30,30,,,,,,,,,,,
196.0,0.5,196.0,0.5,3160,8,55,6,n466-2,30,30,0.5,3/4,V6,F,bIII,V6,,V,,,M
196.0,0.5,196.0,0.5,3160,8,70,1,n458-2,30,30,,,,,,,,,,,
196.5,0.5,196.5,0.5,3168,8,60,1,n459-2,30,30,,,,,,,,,,,
196.5,0.5,196.5,0.5,3168,8,52,6,n467-2,30,30,0.5,3/4,i.V65,F,i,V65,,V,,,Mm7
196.5,0.5,196.5,0.5,3168,8,58,5,n462-2,30,30,,,,,,,,,,,
197.0,0.5,197.0,0.5,3176,8,65,1,n460-2,30,30,,,,,,,,,,,
197.0,1.0,197.0,1.0,3176,16,53,6,n468-2,30,30,1.0,3/4,i,F,i,i,,i,,,m
197.0,1.0,197.0,1.0,3176,16,56,5,n463-2,30,30,,,,,,,,,,,
197.5,0.5,197.5,0.5,3184,8,68,1,n461-2,30,30,,,,,,,,,,,
198.0,1.5,198.0,1.5,3192,24,72,1,n469-2,31,31,1.5,3/4,VIM7,F,i,VIM7,,VI,,,MM7
198.5,0.5,198.5,0.5,3200,8,49,5,n474-2,31,31,,,,,,,,,,,
198.5,2.5,198.5,2.5,3200,40,49,6,n479-2,31,31,,,,,,,,,,,
199.0,0.5,199.0,0.5,3208,8,53,5,n475-2,31,31,,,,,,,,,,,
199.5,0.5,199.5,0.5,3216,8,56,5,n476-2,31,31,0.5,3/4,VI,F,i,VI,,VI,,,M
199.5,0.25,199.5,0.25,3216,4,70,1,n470-2,31,31,,,,,,,,,,,
199.75,0.25,199.75,0.25,3220,4,68,1,n471-2,31,31,,,,,,,,,,,
200.0,0.5,200.0,0.5,3224,8,58,5,n477-2,31,31,0.5,3/4,iio64,F,i,iio64,,ii,,,o
200.0,0.5,200.0,0.5,3224,8,67,1,n472-2,31,31,,,,,,,,,,,
200.5,0.5,200.5,0.5,3232,8,65,1,n473-2,31,31,,,,,,,,,,,
200.5,0.5,200.5,0.5,3232,8,59,5,n478-2,31,31,0.5,3/4,It6,F,i,It6,It,vii,,,It
201.0,1.0,201.0,1.0,3240,16,68,1,n482-2,32,32,,,,,,,,,,,
201.0,1.0,201.0,1.0,3240,16,65,1,n481-2,32,32,,,,,,,,,,,
201.0,1.5,201.0,1.5,3240,24,60,5,n489-2,32,32,,,,,,,,,,,
201.0,1.5,201.0,1.5,3240,24,48,5,n488-2,32,32,1.0,3/4,V(64)},F,i,V(64),,V,,},M
202.0,0.5,202.0,0.5,3256,8,64,1,n483-2,32,32,1.0,3/4,V|HC,F,i,V,,V,HC,,M
202.0,0.5,202.0,0.5,3256,8,67,1,n484-2,32,32,,,,,,,,,,,
202.5,0.5,202.5,0.5,3264,8,72,1,n485-2,32,32,0.0,3/4,{,F,i,,,,,{,
203.0,0.5,203.0,0.5,3272,8,77,1,n486-2,32,32,1.0,3/4,i6,F,i,i6,,i,,,m
203.5,0.5,203.5,0.5,3280,8,80,1,n487-2,32,32,,,,,,,,,,,
203.5,0.5,203.5,0.5,3280,8,44,5,n492-2,32,32,,,,,,,,,,,
204.0,0.5,204.0,0.5,3288,8,79,1,n493-2,33,33,,,,,,,,,,,
204.0,0.5,204.0,0.5,3288,8,46,5,n499-2,33,33,0.5,3/4,iv(6),F,i,iv(6),,iv,,,m
204.5,0.5,204.5,0.5,3296,8,77,1,n494-2,33,33,,,,,,,,,,,
204.5,0.5,204.5,0.5,3296,8,58,5,n500-2,33,33,0.5,3/4,iv,F,i,iv,,iv,,,m
205.0,0.5,205.0,0.5,3304,8,59,5,n501-2,33,33,0.5,3/4,viio/V,F,i,viio/V,,vii,,,o
205.5,0.5,205.5,0.5,3312,8,72,1,n496-2,33,33,,,,,,,,,,,
205.5,0.5,205.5,0.5,3312,8,60,5,n502-2,33,33,0.5,3/4,V,F,i,V,,V,,,M
206.0,0.5,206.0,0.5,3320,8,77,1,n497-2,33,33,1.0,3/4,i64,F,i,i64,,i,,,m
206.5,0.5,206.5,0.5,3328,8,80,1,n498-2,33,33,,,,,,,,,,,
206.5,0.5,206.5,0.5,3328,8,48,5,n504-2,33,33,,,,,,,,,,,
207.0,0.5,207.0,0.5,3336,8,49,5,n520-2,34,34,0.5,3/4,VI(4),F,i,VI(4),,VI,,,M
207.0,0.5,207.0,0.5,3336,8,79,1,n505-2,34,34,,,,,,,,,,,
207.5,0.5,207.5,0.5,3344,8,61,5,n521-2,34,34,0.5,3/4,VI,F,i,VI,,VI,,,M
207.5,0.5,207.5,0.5,3344,8,77,1,n506-2,34,34,,,,,,,,,,,
208.0,0.5,208.0,0.5,3352,8,63,5,n522-2,34,34,2.0,3/4,V7/iv,F,i,V7/iv,,V,,,Mm7
208.5,0.5,208.5,0.5,3360,8,48,5,n523-2,34,34,,,,,,,,,,,
208.5,0.5,208.5,0.5,3360,8,69,1,n508-2,34,34,,,,,,,,,,,
208.5,0.5,208.5,0.5,3360,8,72,1,n509-2,34,34,,,,,,,,,,,
208.5,0.5,208.5,0.5,3360,8,75,1,n510-2,34,34,,,,,,,,,,,
208.5,0.5,208.5,0.5,3360,8,77,1,n511-2,34,34,,,,,,,,,,,
208.5,0.5,208.5,0.5,3360,8,60,5,n524-2,34,34,,,,,,,,,,,
209.0,0.5,209.0,0.5,3368,8,69,1,n512-2,34,34,,,,,,,,,,,
209.0,0.5,209.0,0.5,3368,8,75,1,n514-2,34,34,,,,,,,,,,,
209.0,0.5,209.0,0.5,3368,8,72,1,n513-2,34,34,,,,,,,,,,,
209.0,0.5,209.0,0.5,3368,8,57,5,n526-2,34,34,,,,,,,,,,,
209.0,0.5,209.0,0.5,3368,8,45,5,n525-2,34,34,,,,,,,,,,,
209.0,0.5,209.0,0.5,3368,8,77,1,n515-2,34,34,,,,,,,,,,,
209.5,0.5,209.5,0.5,3376,8,75,1,n518-2,34,34,,,,,,,,,,,
209.5,0.5,209.5,0.5,3376,8,72,1,n517-2,34,34,,,,,,,,,,,
209.5,0.5,209.5,0.5,3376,8,53,5,n528-2,34,34,,,,,,,,,,,
209.5,0.5,209.5,0.5,3376,8,77,1,n519-2,34,34,,,,,,,,,,,
209.5,0.5,209.5,0.5,3376,8,41,5,n527-2,34,34,,,,,,,,,,,
209.5,0.5,209.5,0.5,3376,8,69,1,n516-2,34,34,,,,,,,,,,,
210.0,0.25,210.0,0.25,3384,4,77,1,n530-2,35,35,,,,,,,,,,,
210.0,1.0,210.0,1.0,3384,16,46,5,n544-2,35,35,0.5,3/4,iv,F,i,iv,,iv,,,m
210.0,0.25,210.0,0.25,3384,4,73,1,n529-2,35,35,,,,,,,,,,,
210.0,1.0,210.0,1.0,3384,16,58,5,n545-2,35,35,,,,,,,,,,,
210.25,0.25,210.25,0.25,3388,4,73,1,n532-2,35,35,,,,,,,,,,,
210.25,0.25,210.25,0.25,3388,4,70,1,n531-2,35,35,,,,,,,,,,,
210.5,0.25,210.5,0.25,3392,4,73,1,n534-2,35,35,,,,,,,,,,,
210.5,0.25,210.5,0.25,3392,4,70,1,n533-2,35,35,0.5,3/4,iio6,F,i,iio6,,ii,,,o
210.75,0.25,210.75,0.25,3396,4,67,1,n535-2,35,35,,,,,,,,,,,
210.75,0.25,210.75,0.25,3396,4,70,1,n536-2,35,35,,,,,,,,,,,
211.0,1.0,211.0,1.0,3400,16,68,1,n538-2,35,35,,,,,,,,,,,
211.0,1.0,211.0,1.0,3400,16,65,1,n537-2,35,35,,,,,,,,,,,
211.0,1.0,211.0,1.0,3400,16,48,5,n546-2,35,35,1.0,3/4,V(64),F,i,V(64),,V,,,M
211.0,1.0,211.0,1.0,3400,16,60,5,n547-2,35,35,,,,,,,,,,,
212.0,1.0,212.0,1.0,3416,16,48,5,n548-2,35,35,1.0,3/4,V7,F,i,V7,,V,,,Mm7
212.0,1.0,212.0,1.0,3416,16,64,2,n543-2,35,35,,,,,,,,,,,
212.0,0.0,212.0,0.0,3416,0,68,1,n539-2,35,35,,,,,,,,,,,
212.0,0.5,212.0,0.5,3416,8,67,1,n540-2,35,35,,,,,,,,,,,
212.5,0.25,212.5,0.25,3424,4,65,1,n541-2,35,35,,,,,,,,,,,
212.75,0.25,212.75,0.25,3428,4,67,1,n542-2,35,35,,,,,,,,,,,
213.0,1.0,213.0,1.0,3432,16,53,5,n552-2,36,36,4.5,3/4,i[i|PAC},F,i,i,,i,PAC,},m
213.0,1.0,213.0,1.0,3432,16,65,1,n550-2,36,36,,,,,,,,,,,
214.0,0.5,214.0,0.5,3448,8,41,5,n553-2,36,36,,,,,,,,,,,
214.5,0.5,214.5,0.5,3456,8,60,1,n554-1,X4,36,0.0,3/4,{,F,i,,,,,{,
214.5,0.5,214.5,0.5,3456,8,68,1,n555-1,X4,36,,,,,,,,,,,
215.0,0.5,215.0,0.5,3464,8,68,1,n557-1,X4,36,,,,,,,,,,,
215.0,0.5,215.0,0.5,3464,8,60,1,n556-1,X4,36,,,,,,,,,,,
215.5,0.5,215.5,0.5,3472,8,60,1,n558-1,X4,36,,,,,,,,,,,
215.5,0.5,215.5,0.5,3472,8,68,1,n559-1,X4,36,,,,,,,,,,,
216.0,1.5,216.0,1.5,3480,24,60,1,n562-1,37,37,,,,,,,,,,,
216.0,0.25,216.0,0.25,3480,4,41,5,n570-1,37,37,,,,,,,,,,,
216.0,1.5,216.0,1.5,3480,24,68,1,n563-1,37,37,,,,,,,,,,,
216.25,0.25,216.25,0.25,3484,4,53,5,n571-1,37,37,,,,,,,,,,,
216.5,0.25,216.5,0.25,3488,4,53,5,n572-1,37,37,,,,,,,,,,,
216.75,0.25,216.75,0.25,3492,4,53,5,n573-1,37,37,,,,,,,,,,,
217.0,0.25,217.0,0.25,3496,4,53,5,n574-1,37,37,,,,,,,,,,,
217.25,0.25,217.25,0.25,3500,4,53,5,n575-1,37,37,,,,,,,,,,,
217.5,0.25,217.5,0.25,3504,4,53,5,n576-1,37,37,1.0,3/4,iio6,F,i,iio6,,ii,,,o
217.5,0.5,217.5,0.5,3504,8,58,1,n564-1,37,37,,,,,,,,,,,
217.5,0.5,217.5,0.5,3504,8,67,1,n565-1,37,37,,,,,,,,,,,
217.75,0.25,217.75,0.25,3508,4,53,5,n577-1,37,37,,,,,,,,,,,
218.0,0.25,218.0,0.25,3512,4,53,5,n578-1,37,37,,,,,,,,,,,
218.0,0.5,218.0,0.5,3512,8,61,1,n566-1,37,37,,,,,,,,,,,
218.0,0.5,218.0,0.5,3512,8,70,1,n567-1,37,37,,,,,,,,,,,
218.25,0.25,218.25,0.25,3516,4,53,5,n579-1,37,37,,,,,,,,,,,
218.5,0.5,218.5,0.5,3520,8,64,1,n569-1,37,37,,,,,,,,,,,
218.5,0.25,218.5,0.25,3520,4,53,5,n580-1,37,37,0.5,3/4,#viio6,F,i,#viio6,,#vii,,,o
218.5,0.5,218.5,0.5,3520,8,55,1,n568-1,37,37,,,,,,,,,,,
218.75,0.25,218.75,0.25,3524,4,53,5,n581-1,37,37,,,,,,,,,,,
219.0,0.25,219.0,0.25,3528,4,41,5,n590-1,38,38,3.0,3/4,i,F,i,i,,i,,,m
219.0,1.5,219.0,1.5,3528,24,56,1,n582-1,38,38,,,,,,,,,,,
219.0,1.5,219.0,1.5,3528,24,65,1,n583-1,38,38,,,,,,,,,,,
219.25,0.25,219.25,0.25,3532,4,53,5,n591-1,38,38,,,,,,,,,,,
219.5,0.25,219.5,0.25,3536,4,53,5,n592-1,38,38,,,,,,,,,,,
219.75,0.25,219.75,0.25,3540,4,53,5,n593-1,38,38,,,,,,,,,,,
220.0,0.25,220.0,0.25,3544,4,53,5,n594-1,38,38,,,,,,,,,,,
220.25,0.25,220.25,0.25,3548,4,53,5,n595-1,38,38,,,,,,,,,,,
220.5,0.5,220.5,0.5,3552,8,72,1,n585-1,38,38,,,,,,,,,,,
220.5,0.5,220.5,0.5,3552,8,68,1,n584-1,38,38,,,,,,,,,,,
220.5,0.25,220.5,0.25,3552,4,53,5,n596-1,38,38,,,,,,,,,,,
220.75,0.25,220.75,0.25,3556,4,53,5,n597-1,38,38,,,,,,,,,,,
221.0,0.25,221.0,0.25,3560,4,53,5,n598-1,38,38,,,,,,,,,,,
221.0,0.5,221.0,0.5,3560,8,68,1,n586-1,38,38,,,,,,,,,,,
221.0,0.5,221.0,0.5,3560,8,72,1,n587-1,38,38,,,,,,,,,,,
221.25,0.25,221.25,0.25,3564,4,53,5,n599-1,38,38,,,,,,,,,,,
221.5,0.25,221.5,0.25,3568,4,53,5,n600-1,38,38,,,,,,,,,,,
221.5,0.5,221.5,0.5,3568,8,68,1,n588-1,38,38,,,,,,,,,,,
221.5,0.5,221.5,0.5,3568,8,72,1,n589-1,38,38,,,,,,,,,,,
221.75,0.25,221.75,0.25,3572,4,53,5,n601-1,38,38,,,,,,,,,,,
222.0,1.5,222.0,1.5,3576,24,72,1,n603-1,39,39,,,,,,,,,,,
222.0,1.5,222.0,1.5,3576,24,68,1,n602-1,39,39,,,,,,,,,,,
222.0,0.25,222.0,0.25,3576,4,41,5,n613-1,39,39,1.5,3/4,#viio(64),F,i,#viio(64),,#vii,,,o
222.0,2.5,222.0,2.5,3576,40,64,2,n610-1,39,39,,,,,,,,,,,
222.25,0.25,222.25,0.25,3580,4,53,5,n614-1,39,39,,,,,,,,,,,
222.5,0.25,222.5,0.25,3584,4,53,5,n615-1,39,39,,,,,,,,,,,
222.75,0.25,222.75,0.25,3588,4,53,5,n616-1,39,39,,,,,,,,,,,
223.0,0.25,223.0,0.25,3592,4,53,5,n617-1,39,39,,,,,,,,,,,
223.25,0.25,223.25,0.25,3596,4,53,5,n618-1,39,39,,,,,,,,,,,
223.5,0.25,223.5,0.25,3600,4,53,5,n619-1,39,39,0.5,3/4,#viio,F,i,#viio,,#vii,,,o
223.5,0.5,223.5,0.5,3600,8,67,1,n604-1,39,39,,,,,,,,,,,
223.5,0.5,223.5,0.5,3600,8,70,1,n605-1,39,39,,,,,,,,,,,
223.75,0.25,223.75,0.25,3604,4,53,5,n620-1,39,39,,,,,,,,,,,
224.0,0.5,224.0,0.5,3608,8,73,1,n607-1,39,39,,,,,,,,,,,
224.0,0.5,224.0,0.5,3608,8,70,1,n606-1,39,39,,,,,,,,,,,
224.0,0.25,224.0,0.25,3608,4,53,5,n621-1,39,39,0.5,3/4,#viio7,F,i,#viio7,,#vii,,,o7
224.25,0.25,224.25,0.25,3612,4,53,5,n622-1,39,39,,,,,,,,,,,
224.5,0.25,224.5,0.25,3616,4,53,5,n623-1,39,39,0.5,3/4,V2,F,i,V2,,V,,,Mm7
224.5,0.5,224.5,0.5,3616,8,58,2,n612-1,39,39,,,,,,,,,,,
224.5,0.5,224.5,0.5,3616,8,60,1,n608-1,39,39,,,,,,,,,,,
224.5,0.5,224.5,0.5,3616,8,64,1,n609-1,39,39,,,,,,,,,,,
224.75,0.25,224.75,0.25,3620,4,53,5,n624-1,39,39,,,,,,,,,,,
225.0,1.0,225.0,1.0,3624,16,60,1,n626-1,40,40,,,,,,,,,,,
225.0,1.0,225.0,1.0,3624,16,65,1,n627-1,40,40,,,,,,,,,,,
225.0,1.0,225.0,1.0,3624,16,53,5,n629-1,40,40,1.5,3/4,i]},F,i,i,,i,,},m
225.0,1.0,225.0,1.0,3624,16,56,1,n625-1,40,40,,,,,,,,,,,
226.5,0.5,226.5,0.5,3648,8,72,1,n631-1,X5,40,1.5,3/4,I.V{,F,I,V,,V,,{,M
227.0,0.5,227.0,0.5,3656,8,72,1,n632-1,X5,40,,,,,,,,,,,
227.5,0.5,227.5,0.5,3664,8,72,1,n633-1,X5,40,,,,,,,,,,,
228.0,2.0,228.0,2.0,3672,32,53,5,n646-1,41,41,2.0,3/4,I,F,I,I,,I,,,M
228.0,2.0,228.0,2.0,3672,32,57,5,n647-1,41,41,,,,,,,,,,,
228.0,2.0,228.0,2.0,3672,32,60,5,n648-1,41,41,,,,,,,,,,,
228.0,0.75,228.0,0.75,3672,12,72,1,n636-1,41,41,,,,,,,,,,,
228.75,0.0,228.75,0.0,3684,0,71,1,n639-1,41,41,,,,,,,,,,,
228.75,0.0,228.75,0.0,3684,0,72,1,n640-1,41,41,,,,,,,,,,,
228.75,0.0,228.75,0.0,3684,0,72,1,n638-1,41,41,,,,,,,,,,,
228.75,0.0,228.75,0.0,3684,0,74,1,n637-1,41,41,,,,,,,,,,,
228.75,0.25,228.75,0.25,3684,4,77,1,n641-1,41,41,,,,,,,,,,,
229.0,0.5,229.0,0.5,3688,8,72,1,n642-1,41,41,,,,,,,,,,,
229.5,0.5,229.5,0.5,3696,8,69,1,n643-1,41,41,,,,,,,,,,,
230.0,1.0,230.0,1.0,3704,16,48,5,n649-1,41,41,1.0,3/4,V7,F,I,V7,,V,,,Mm7
230.0,1.0,230.0,1.0,3704,16,55,5,n650-1,41,41,,,,,,,,,,,
230.0,1.0,230.0,1.0,3704,16,58,5,n651-1,41,41,,,,,,,,,,,
230.0,0.5,230.0,0.5,3704,8,72,1,n644-1,41,41,,,,,,,,,,,
230.5,0.5,230.5,0.5,3712,8,64,1,n645-1,41,41,,,,,,,,,,,
231.0,1.5,231.0,1.5,3720,24,50,6,n669-1,42,42,1.0,3/4,vi(64),F,I,vi(64),,vi,,,m
231.0,1.0,231.0,1.0,3720,16,58,5,n661-1,42,42,,,,,,,,,,,
231.0,1.0,231.0,1.0,3720,16,67,1,n652-1,42,42,,,,,,,,,,,
232.0,0.5,232.0,0.5,3736,8,57,5,n662-1,42,42,0.5,3/4,vi,F,I,vi,,vi,,,m
232.0,0.5,232.0,0.5,3736,8,65,1,n653-1,42,42,,,,,,,,,,,
232.5,0.5,232.5,0.5,3744,8,65,1,n654-1,42,42,,,,,,,,,,,
232.5,1.0,232.5,1.0,3744,16,60,2,n659-1,42,42,,,,,,,,,,,
232.5,0.5,232.5,0.5,3744,8,57,5,n664-1,42,42,,,,,,,,,,,
232.5,0.5,232.5,0.5,3744,8,45,5,n663-1,42,42,0.5,3/4,I6,F,I,I6,,I,,,M
233.0,0.5,233.0,0.5,3752,8,43,5,n665-1,42,42,0.5,3/4,V64,F,I,V64,,V,,,M
233.0,0.5,233.0,0.5,3752,8,55,5,n666-1,42,42,,,,,,,,,,,
233.0,0.5,233.0,0.5,3752,8,64,1,n655-1,42,42,,,,,,,,,,,
233.0,0.5,233.0,0.5,3752,8,67,1,n656-1,42,42,,,,,,,,,,,
233.5,0.5,233.5,0.5,3760,8,41,5,n667-1,42,42,0.5,3/4,I,F,I,I,,I,,,M
233.5,0.5,233.5,0.5,3760,8,53,5,n668-1,42,42,,,,,,,,,,,
233.5,0.5,233.5,0.5,3760,8,60,2,n660-1,42,42,,,,,,,,,,,
233.5,0.5,233.5,0.5,3760,8,65,1,n657-1,42,42,,,,,,,,,,,
233.5,0.5,233.5,0.5,3760,8,69,1,n658-1,42,42,,,,,,,,,,,
234.0,0.75,234.0,0.75,3768,12,70,1,n670-1,43,43,,,,,,,,,,,
234.0,1.5,234.0,1.5,3768,24,65,2,n676-1,43,43,,,,,,,,,,,
234.0,0.5,234.0,0.5,3768,8,50,5,n679-1,43,43,0.5,3/4,IV6,F,I,IV6,,IV,,,M
234.0,0.5,234.0,0.5,3768,8,62,5,n680-1,43,43,,,,,,,,,,,
234.5,0.5,234.5,0.5,3776,8,46,5,n681-1,43,43,0.5,3/4,IV,F,I,IV,,IV,,,M
234.5,0.5,234.5,0.5,3776,8,58,5,n682-1,43,43,,,,,,,,,,,
234.75,0.125,234.75,0.125,3780,2,72,1,n671-1,43,43,,,,,,,,,,,
234.875,0.125,234.875,0.125,3782,2,74,1,n672-1,43,43,,,,,,,,,,,
235.0,0.5,235.0,0.5,3784,8,72,1,n673-1,43,43,,,,,,,,,,,
235.0,0.5,235.0,0.5,3784,8,45,5,n683-1,43,43,1.0,3/4,I6,F,I,I6,,I,,,M
235.0,0.5,235.0,0.5,3784,8,57,5,n684-1,43,43,,,,,,,,,,,
235.5,0.5,235.5,0.5,3792,8,65,1,n674-1,43,43,,,,,,,,,,,
236.0,1.0,236.0,1.0,3800,16,59,1,n675-1,43,43,,,,,,,,,,,
236.0,1.0,236.0,1.0,3800,16,50,5,n686-1,43,43,1.0,3/4,viio6/V,F,I,viio6/V,,vii,,,o
236.0,0.5,236.0,0.5,3800,8,64,2,n677-1,43,43,,,,,,,,,,,
236.5,0.5,236.5,0.5,3808,8,65,2,n678-1,43,43,,,,,,,,,,,
237.0,2.0,237.0,2.0,3816,32,48,5,n695-1,44,44,1.0,3/4,V(64)},F,I,V(64),,V,,},M
237.0,2.0,237.0,2.0,3816,32,60,2,n694-1,44,44,,,,,,,,,,,
237.0,1.0,237.0,1.0,3816,16,65,1,n687-1,44,44,,,,,,,,,,,
237.0,1.0,237.0,1.0,3816,16,69,1,n688-1,44,44,,,,,,,,,,,
238.0,0.5,238.0,0.5,3832,8,64,1,n689-1,44,44,2.0,3/4,V|HC,F,I,V,,V,HC,,M
238.0,0.5,238.0,0.5,3832,8,67,1,n690-1,44,44,,,,,,,,,,,
238.5,0.5,238.5,0.5,3840,8,67,1,n691-1,44,44,0.0,3/4,{,F,I,,,,,{,
239.0,1.0,239.0,1.0,3848,16,60,5,n696-1,44,44,,,,,,,,,,,
239.0,1.0,239.0,1.0,3848,16,64,5,n697-1,44,44,,,,,,,,,,,
239.0,0.5,239.0,0.5,3848,8,67,1,n692-1,44,44,,,,,,,,,,,
239.5,0.5,239.5,0.5,3856,8,67,1,n693-1,44,44,,,,,,,,,,,
240.0,0.75,240.0,0.75,3864,12,79,1,n699-1,45,45,,,,,,,,,,,
240.0,0.0,240.0,0.0,3864,0,67,1,n698-1,45,45,,,,,,,,,,,
240.0,2.0,240.0,2.0,3864,32,62,5,n707-1,45,45,,,,,,,,,,,
240.0,2.0,240.0,2.0,3864,32,59,5,n706-1,45,45,2.0,3/4,V.V65,F,V,V65,,V,,,Mm7
240.0,2.0,240.0,2.0,3864,32,65,5,n708-1,45,45,,,,,,,,,,,
240.75,0.125,240.75,0.125,3876,2,74,1,n700-1,45,45,,,,,,,,,,,
240.875,0.125,240.875,0.125,3878,2,71,1,n701-1,45,45,,,,,,,,,,,
241.0,0.5,241.0,0.5,3880,8,67,1,n702-1,45,45,,,,,,,,,,,
241.5,0.5,241.5,0.5,3888,8,67,1,n703-1,45,45,,,,,,,,,,,
242.0,1.0,242.0,1.0,3896,16,60,5,n709-1,45,45,1.0,3/4,I,F,V,I,,I,,,M
242.0,1.0,242.0,1.0,3896,16,64,5,n710-1,45,45,,,,,,,,,,,
242.0,0.5,242.0,0.5,3896,8,67,1,n704-1,45,45,,,,,,,,,,,
242.5,0.5,242.5,0.5,3904,8,67,1,n705-1,45,45,,,,,,,,,,,
243.0,1.375,243.0,1.375,3912,22,79,1,n712-1,46,46,,,,,,,,,,,
243.0,0.0,243.0,0.0,3912,0,67,1,n711-1,46,46,,,,,,,,,,,
243.0,1.0,243.0,1.0,3912,16,50,5,n722-1,46,46,1.0,3/4,V43,F,V,V43,,V,,,Mm7
243.0,1.0,243.0,1.0,3912,16,53,5,n723-1,46,46,,,,,,,,,,,
243.0,1.0,243.0,1.0,3912,16,59,5,n724-1,46,46,,,,,,,,,,,
244.0,1.0,244.0,1.0,3928,16,52,5,n725-1,46,46,2.0,3/4,I6,F,V,I6,,I,,,M
244.0,1.0,244.0,1.0,3928,16,55,5,n726-1,46,46,,,,,,,,,,,
244.0,1.0,244.0,1.0,3928,16,60,5,n727-1,46,46,,,,,,,,,,,
244.375,0.0625,244.375,0.0625,3934,1,81,1,n714-1,46,46,,,,,,,,,,,
244.4375,0.0625,244.4375,0.0625,3935,1,83,1,n715-1,46,46,,,,,,,,,,,
244.5,0.25,244.5,0.25,3936,4,84,1,n716-1,46,46,,,,,,,,,,,
244.75,0.25,244.75,0.25,3940,4,83,1,n717-1,46,46,,,,,,,,,,,
245.0,0.25,245.0,0.25,3944,4,81,1,n718-1,46,46,,,,,,,,,,,
245.25,0.25,245.25,0.25,3948,4,79,1,n719-1,46,46,,,,,,,,,,,
245.5,0.25,245.5,0.25,3952,4,77,1,n720-1,46,46,,,,,,,,,,,
245.75,0.25,245.75,0.25,3956,4,76,1,n721-1,46,46,,,,,,,,,,,
246.0,0.25,246.0,0.25,3960,4,73,1,n729-1,47,47,1.0,3/4,ii6,F,V,ii6,,ii,,,m
246.25,0.25,246.25,0.25,3964,4,74,1,n730-1,47,47,,,,,,,,,,,
246.5,0.5,246.5,0.5,3968,8,53,6,n743-1,47,47,,,,,,,,,,,
246.5,0.5,246.5,0.5,3968,8,57,5,n737-1,47,47,,,,,,,,,,,
246.5,0.5,246.5,0.5,3968,8,62,5,n738-1,47,47,,,,,,,,,,,
246.5,0.25,246.5,0.25,3968,4,77,1,n731-1,47,47,,,,,,,,,,,
246.75,0.25,246.75,0.25,3972,4,81,1,n732-1,47,47,,,,,,,,,,,
247.0,1.5,247.0,1.5,3976,24,72,1,n733-1,47,47,,,,,,,,,,,
247.0,1.0,247.0,1.0,3976,16,64,5,n740-1,47,47,,,,,,,,,,,
247.0,2.0,247.0,2.0,3976,32,55,6,n744-1,47,47,1.0,3/4,V(64),F,V,V(64),,V,,,M
247.0,1.0,247.0,1.0,3976,16,60,5,n739-1,47,47,,,,,,,,,,,
248.0,1.0,248.0,1.0,3992,16,62,5,n741-1,47,47,0.5,3/4,V7(4),F,V,V7(4),,V,,,Mm7
248.0,1.0,248.0,1.0,3992,16,65,5,n742-1,47,47,,,,,,,,,,,
248.5,0.5,248.5,0.5,4000,8,71,2,n736-1,47,47,0.5,3/4,V7,F,V,V7,,V,,,Mm7
248.5,0.25,248.5,0.25,4000,4,76,1,n734-1,47,47,,,,,,,,,,,
248.75,0.25,248.75,0.25,4004,4,74,1,n735-1,47,47,,,,,,,,,,,
249.0,1.0,249.0,1.0,4008,16,60,5,n752-1,48,48,1.5,3/4,I|PAC},F,V,I,,I,PAC,},M
249.0,1.0,249.0,1.0,4008,16,64,5,n753-1,48,48,,,,,,,,,,,
249.0,1.0,249.0,1.0,4008,16,72,1,n745-1,48,48,,,,,,,,,,,
250.0,0.5,250.0,0.5,4024,8,48,5,n754-1,48,48,,,,,,,,,,,
250.5,0.5,250.5,0.5,4032,8,72,1,n747-1,48,48,1.5,3/4,I.V{,F,I,V,,V,,{,M
251.0,0.0,251.0,0.0,4040,0,74,1,n748-1,48,48,,,,,,,,,,,
251.0,0.5,251.0,0.5,4040,8,72,1,n749-1,48,48,,,,,,,,,,,
251.5,0.5,251.5,0.5,4048,8,69,1,n751-1,48,48,,,,,,,,,,,
251.5,0.0,251.5,0.0,4048,0,70,1,n750-1,48,48,,,,,,,,,,,
252.0,1.5,252.0,1.5,4056,24,60,6,n767-1,49,49,1.0,3/4,#viio43(2)/ii,F,I,#viio43(2)/ii,,#vii,,,o7
252.0,1.5,252.0,1.5,4056,24,63,5,n763-1,49,49,,,,,,,,,,,
252.0,1.0,252.0,1.0,4056,16,67,1,n757-1,49,49,,,,,,,,,,,
253.0,0.5,253.0,0.5,4072,8,66,1,n758-1,49,49,1.0,3/4,#viio43/ii,F,I,#viio43/ii,,#vii,,,o7
253.5,0.5,253.5,0.5,4080,8,60,6,n768-1,49,49,,,,,,,,,,,
253.5,0.5,253.5,0.5,4080,8,63,5,n764-1,49,49,,,,,,,,,,,
253.5,0.5,253.5,0.5,4080,8,66,1,n759-1,49,49,,,,,,,,,,,
254.0,0.5,254.0,0.5,4088,8,67,1,n760-1,49,49,,,,,,,,,,,
254.0,0.5,254.0,0.5,4088,8,58,6,n769-1,49,49,0.5,3/4,ii6,F,I,ii6,,ii,,,m
254.0,0.5,254.0,0.5,4088,8,62,5,n765-1,49,49,,,,,,,,,,,
254.5,0.5,254.5,0.5,4096,8,57,6,n770-1,49,49,0.5,3/4,V43/ii,F,I,V43/ii,,V,,,Mm7
254.5,0.5,254.5,0.5,4096,8,60,6,n771-1,49,49,,,,,,,,,,,
254.5,0.5,254.5,0.5,4096,8,62,5,n766-1,49,49,,,,,,,,,,,
254.5,0.5,254.5,0.5,4096,8,66,1,n761-1,49,49,,,,,,,,,,,
254.5,0.5,254.5,0.5,4096,8,69,1,n762-1,49,49,,,,,,,,,,,
255.0,1.0,255.0,1.0,4104,16,66,2,n777-1,50,50,,,,,,,,,,,
255.0,1.0,255.0,1.0,4104,16,69,1,n772-1,50,50,,,,,,,,,,,
255.0,1.5,255.0,1.5,4104,24,62,6,n786-1,50,50,,,,,,,,,,,
255.0,1.0,255.0,1.0,4104,16,60,5,n780-1,50,50,,,,,,,,,,,
255.0,1.5,255.0,1.5,4104,24,55,6,n785-1,50,50,1.0,3/4,ii(9#74),F,I,ii(9#74),,ii,,,m
256.0,0.5,256.0,0.5,4120,8,58,5,n781-1,50,50,0.5,3/4,ii,F,I,ii,,ii,,,m
256.0,0.5,256.0,0.5,4120,8,67,2,n778-1,50,50,,,,,,,,,,,
256.0,0.5,256.0,0.5,4120,8,70,1,n773-1,50,50,,,,,,,,,,,
256.5,0.5,256.5,0.5,4128,8,58,6,n787-1,50,50,0.5,3/4,viio43,F,I,viio43,,vii,,,o7
256.5,0.5,256.5,0.5,4128,8,61,5,n782-1,50,50,,,,,,,,,,,
256.5,0.5,256.5,0.5,4128,8,64,1,n774-1,50,50,,,,,,,,,,,
257.0,0.5,257.0,0.5,4136,8,60,5,n783-1,50,50,,,,,,,,,,,
257.0,0.5,257.0,0.5,4136,8,57,6,n788-1,50,50,0.5,3/4,I6,F,I,I6,,I,,,M
257.0,0.5,257.0,0.5,4136,8,65,1,n775-1,50,50,,,,,,,,,,,
257.5,0.5,257.5,0.5,4144,8,64,2,n779-1,50,50,,,,,,,,,,,
257.5,0.5,257.5,0.5,4144,8,60,5,n784-1,50,50,,,,,,,,,,,
257.5,0.5,257.5,0.5,4144,8,67,1,n776-1,50,50,,,,,,,,,,,
257.5,0.5,257.5,0.5,4144,8,55,6,n789-1,50,50,0.5,3/4,V43,F,I,V43,,V,,,Mm7
257.5,0.5,257.5,0.5,4144,8,58,6,n790-1,50,50,,,,,,,,,,,
258.0,0.5,258.0,0.5,4152,8,69,1,n791-1,51,51,,,,,,,,,,,
258.0,2.5,258.0,2.5,4152,40,65,2,n799-1,51,51,,,,,,,,,,,
258.0,0.5,258.0,0.5,4152,8,53,6,n808-1,51,51,0.5,3/4,I,F,I,I,,I,,,M
258.0,0.5,258.0,0.5,4152,8,57,5,n802-1,51,51,,,,,,,,,,,
258.0,0.5,258.0,0.5,4152,8,60,5,n803-1,51,51,,,,,,,,,,,
258.5,0.5,258.5,0.5,4160,8,50,6,n809-1,51,51,0.5,3/4,IV6,F,I,IV6,,IV,,,M
258.5,0.5,258.5,0.5,4160,8,70,1,n792-1,51,51,,,,,,,,,,,
259.0,1.0,259.0,1.0,4168,16,45,5,n805-1,51,51,1.0,3/4,I6,F,I,I6,,I,,,M
259.0,0.5,259.0,0.5,4168,8,72,1,n793-1,51,51,,,,,,,,,,,
259.5,0.5,259.5,0.5,4176,8,73,1,n794-1,51,51,,,,,,,,,,,
260.0,0.5,260.0,0.5,4184,8,46,5,n806-1,51,51,0.5,3/4,IV,F,I,IV,,IV,,,M
260.0,0.5,260.0,0.5,4184,8,74,1,n796-1,51,51,,,,,,,,,,,
260.0,0.0,260.0,0.0,4184,0,76,1,n795-1,51,51,,,,,,,,,,,
260.5,0.0,260.5,0.0,4192,0,72,1,n797-1,51,51,,,,,,,,,,,
260.5,0.5,260.5,0.5,4192,8,70,1,n798-1,51,51,,,,,,,,,,,
260.5,0.5,260.5,0.5,4192,8,43,5,n807-1,51,51,0.5,3/4,ii,F,I,ii,,ii,,,m
260.5,0.5,260.5,0.5,4192,8,67,2,n801-1,51,51,,,,,,,,,,,
261.0,2.0,261.0,2.0,4200,32,48,5,n817-1,52,52,1.0,3/4,V(64)},F,I,V(64),,V,,},M
261.0,1.0,261.0,1.0,4200,16,65,2,n815-1,52,52,,,,,,,,,,,
261.0,1.0,261.0,1.0,4200,16,69,1,n810-1,52,52,,,,,,,,,,,
262.0,0.5,262.0,0.5,4216,8,64,2,n816-1,52,52,2.0,3/4,V|HC,F,I,V,,V,HC,,M
262.0,0.5,262.0,0.5,4216,8,67,1,n811-1,52,52,,,,,,,,,,,
262.5,0.5,262.5,0.5,4224,8,72,1,n812-1,52,52,0.0,3/4,{,F,I,,,,,{,
263.0,0.5,263.0,0.5,4232,8,72,1,n813-1,52,52,,,,,,,,,,,
263.5,0.5,263.5,0.5,4240,8,72,1,n814-1,52,52,,,,,,,,,,,
264.0,5.0,264.0,5.0,4248,80,72,2,n823-1,53,53,,,,,,,,,,,
264.0,1.5,264.0,1.5,4248,24,82,1,n819-1,53,53,,,,,,,,,,,
264.0,0.75,264.0,0.75,4248,12,36,5,n825-1,53,53,1.0,3/4,V7,F,I,V7,,V,,,Mm7
264.0,0.75,264.0,0.75,4248,12,48,5,n826-1,53,53,,,,,,,,,,,
264.75,0.25,264.75,0.25,4260,4,38,5,n827-1,53,53,,,,,,,,,,,
264.75,0.25,264.75,0.25,4260,4,50,5,n828-1,53,53,,,,,,,,,,,
265.0,0.5,265.0,0.5,4264,8,40,5,n829-1,53,53,0.5,3/4,V65,F,I,V65,,V,,,Mm7
265.0,0.5,265.0,0.5,4264,8,52,5,n830-1,53,53,,,,,,,,,,,
265.5,0.5,265.5,0.5,4272,8,41,5,n831-1,53,53,0.5,3/4,I,F,I,I,,I,,,M
265.5,0.5,265.5,0.5,4272,8,53,5,n832-1,53,53,,,,,,,,,,,
265.5,0.5,265.5,0.5,4272,8,81,1,n820-1,53,53,,,,,,,,,,,
266.0,0.5,266.0,0.5,4280,8,43,5,n833-1,53,53,0.5,3/4,V64,F,I,V64,,V,,,M
266.0,0.5,266.0,0.5,4280,8,55,5,n834-1,53,53,,,,,,,,,,,
266.0,0.5,266.0,0.5,4280,8,79,1,n821-1,53,53,,,,,,,,,,,
266.5,0.5,266.5,0.5,4288,8,77,1,n822-1,53,53,,,,,,,,,,,
266.5,0.5,266.5,0.5,4288,8,69,3,n824-1,53,53,,,,,,,,,,,
266.5,0.5,266.5,0.5,4288,8,45,5,n835-1,53,53,0.5,3/4,I6,F,I,I6,,I,,,M
266.5,0.5,266.5,0.5,4288,8,57,5,n836-1,53,53,,,,,,,,,,,
267.0,2.0,267.0,2.0,4296,32,46,5,n844-1,54,54,1.0,3/4,V2(4),F,I,V2(4),,V,,,Mm7
267.0,2.0,267.0,2.0,4296,32,58,5,n845-1,54,54,,,,,,,,,,,
267.0,2.0,267.0,2.0,4296,32,67,2,n842-1,54,54,,,,,,,,,,,
267.0,1.0,267.0,1.0,4296,16,77,1,n837-1,54,54,,,,,,,,,,,
268.0,0.5,268.0,0.5,4312,8,76,1,n838-1,54,54,0.5,3/4,V2,F,I,V2,,V,,,Mm7
268.5,0.5,268.5,0.5,4320,8,75,1,n839-1,54,54,4.5,3/4,V65/IV,F,I,V65/IV,,V,,,Mm7
269.0,0.5,269.0,0.5,4328,8,75,1,n840-1,54,54,,,,,,,,,,,
269.5,0.5,269.5,0.5,4336,8,75,1,n841-1,54,54,,,,,,,,,,,
270.0,0.75,270.0,0.75,4344,12,75,1,n847-1,55,55,,,,,,,,,,,
270.0,1.0,270.0,1.0,4344,16,65,5,n858-1,55,55,,,,,,,,,,,
270.0,1.0,270.0,1.0,4344,16,60,5,n857-1,55,55,,,,,,,,,,,
270.0,1.0,270.0,1.0,4344,16,57,5,n856-1,55,55,,,,,,,,,,,
270.75,0.25,270.75,0.25,4356,4,77,1,n848-1,55,55,,,,,,,,,,,
271.0,1.0,271.0,1.0,4360,16,57,5,n859-1,55,55,,,,,,,,,,,
271.0,1.0,271.0,1.0,4360,16,60,5,n860-1,55,55,,,,,,,,,,,
271.0,1.0,271.0,1.0,4360,16,65,5,n861-1,55,55,,,,,,,,,,,
271.0,0.5,271.0,0.5,4360,8,79,1,n849-1,55,55,,,,,,,,,,,
271.5,0.25,271.5,0.25,4368,4,77,1,n850-1,55,55,,,,,,,,,,,
271.75,0.25,271.75,0.25,4372,4,75,1,n851-1,55,55,,,,,,,,,,,
272.0,1.0,272.0,1.0,4376,16,65,5,n864-1,55,55,,,,,,,,,,,
272.0,0.25,272.0,0.25,4376,4,75,1,n852-1,55,55,,,,,,,,,,,
272.0,1.0,272.0,1.0,4376,16,57,5,n862-1,55,55,,,,,,,,,,,
272.0,1.0,272.0,1.0,4376,16,63,5,n863-1,55,55,,,,,,,,,,,
272.25,0.25,272.25,0.25,4380,4,74,1,n853-1,55,55,,,,,,,,,,,
272.5,0.25,272.5,0.25,4384,4,74,1,n854-1,55,55,,,,,,,,,,,
272.75,0.25,272.75,0.25,4388,4,73,1,n855-1,55,55,,,,,,,,,,,
273.0,2.0,273.0,2.0,4392,32,58,5,n873-1,56,56,1.0,3/4,IV(#9),F,I,IV(#9),,IV,,,M
273.0,2.0,273.0,2.0,4392,32,62,5,n874-1,56,56,,,,,,,,,,,
273.0,2.0,273.0,2.0,4392,32,65,5,n875-1,56,56,,,,,,,,,,,
273.0,1.0,273.0,1.0,4392,16,73,1,n865-1,56,56,,,,,,,,,,,
274.0,0.5,274.0,0.5,4408,8,74,1,n866-1,56,56,2.0,3/4,IV,F,I,IV,,IV,,,M
274.5,0.25,274.5,0.25,4416,4,77,1,n867-1,56,56,,,,,,,,,,,
274.75,0.25,274.75,0.25,4420,4,76,1,n868-1,56,56,,,,,,,,,,,
275.0,0.25,275.0,0.25,4424,4,79,1,n869-1,56,56,,,,,,,,,,,
275.25,0.25,275.25,0.25,4428,4,77,1,n870-1,56,56,,,,,,,,,,,
275.5,0.25,275.5,0.25,4432,4,76,1,n871-1,56,56,,,,,,,,,,,
275.75,0.25,275.75,0.25,4436,4,74,1,n872-1,56,56,,,,,,,,,,,
276.0,2.0,276.0,2.0,4440,32,53,6,n889-1,57,57,1.0,3/4,I(64),F,I,I(64),,I,,,M
276.0,1.0,276.0,1.0,4440,16,58,5,n885-1,57,57,,,,,,,,,,,
276.0,1.0,276.0,1.0,4440,16,62,5,n886-1,57,57,,,,,,,,,,,
276.0,1.0,276.0,1.0,4440,16,74,1,n877-1,57,57,,,,,,,,,,,
277.0,1.0,277.0,1.0,4456,16,57,5,n887-1,57,57,2.0,3/4,I,F,I,I,,I,,,M
277.0,1.0,277.0,1.0,4456,16,60,5,n888-1,57,57,,,,,,,,,,,
277.0,0.5,277.0,0.5,4456,8,72,1,n878-1,57,57,,,,,,,,,,,
277.5,0.375,277.5,0.375,4464,6,77,1,n879-1,57,57,,,,,,,,,,,
277.875,0.125,277.875,0.125,4470,2,72,1,n880-1,57,57,,,,,,,,,,,
278.0,0.375,278.0,0.375,4472,6,81,1,n881-1,57,57,,,,,,,,,,,
278.375,0.125,278.375,0.125,4478,2,77,1,n882-1,57,57,,,,,,,,,,,
278.5,0.375,278.5,0.375,4480,6,72,1,n883-1,57,57,,,,,,,,,,,
278.875,0.125,278.875,0.125,4486,2,69,1,n884-1,57,57,,,,,,,,,,,
279.0,1.5,279.0,1.5,4488,24,52,5,n902-1,58,58,1.0,3/4,V6,F,I,V6,,V,,,M
279.0,1.5,279.0,1.5,4488,24,55,5,n903-1,58,58,,,,,,,,,,,
279.0,1.5,279.0,1.5,4488,24,60,5,n904-1,58,58,,,,,,,,,,,
279.0,0.75,279.0,0.75,4488,12,72,1,n890-1,58,58,,,,,,,,,,,
279.75,0.25,279.75,0.25,4500,4,71,1,n891-1,58,58,,,,,,,,,,,
280.0,0.5,280.0,0.5,4504,8,70,1,n892-1,58,58,0.5,3/4,V65,F,I,V65,,V,,,Mm7
280.5,0.5,280.5,0.5,4512,8,67,1,n893-1,58,58,,,,,,,,,,,
280.5,0.375,280.5,0.375,4512,6,64,2,n896-1,58,58,,,,,,,,,,,
280.5,0.5,280.5,0.5,4512,8,58,5,n906-1,58,58,,,,,,,,,,,
280.5,0.5,280.5,0.5,4512,8,46,5,n905-1,58,58,0.5,3/4,V2,F,I,V2,,V,,,Mm7
280.875,0.125,280.875,0.125,4518,2,60,2,n897-1,58,58,,,,,,,,,,,
281.0,0.5,281.0,0.5,4520,8,45,5,n907-1,58,58,0.5,3/4,I6,F,I,I6,,I,,,M
281.0,0.5,281.0,0.5,4520,8,57,5,n908-1,58,58,,,,,,,,,,,
281.0,0.375,281.0,0.375,4520,6,65,2,n898-1,58,58,,,,,,,,,,,
281.0,0.5,281.0,0.5,4520,8,69,1,n894-1,58,58,,,,,,,,,,,
281.375,0.125,281.375,0.125,4526,2,60,2,n899-1,58,58,,,,,,,,,,,
281.5,0.5,281.5,0.5,4528,8,43,5,n909-1,58,58,0.5,3/4,V43,F,I,V43,,V,,,Mm7
281.5,0.5,281.5,0.5,4528,8,55,5,n910-1,58,58,,,,,,,,,,,
281.5,0.375,281.5,0.375,4528,6,67,2,n900-1,58,58,,,,,,,,,,,
281.5,0.5,281.5,0.5,4528,8,70,1,n895-1,58,58,,,,,,,,,,,
281.875,0.125,281.875,0.125,4534,2,60,2,n901-1,58,58,,,,,,,,,,,
282.0,0.5,282.0,0.5,4536,8,41,5,n922-1,59,59,1.0,3/4,I,F,I,I,,I,,,M
282.0,0.5,282.0,0.5,4536,8,53,5,n923-1,59,59,,,,,,,,,,,
282.0,0.5,282.0,0.5,4536,8,69,2,n918-1,59,59,,,,,,,,,,,
282.0,0.25,282.0,0.25,4536,4,72,1,n911-1,59,59,,,,,,,,,,,
282.25,0.25,282.25,0.25,4540,4,74,1,n912-1,59,59,,,,,,,,,,,
282.5,0.25,282.5,0.25,4544,4,76,1,n913-1,59,59,,,,,,,,,,,
282.75,0.25,282.75,0.25,4548,4,77,1,n914-1,59,59,,,,,,,,,,,
283.0,2.0,283.0,2.0,4552,32,48,6,n926-1,59,59,1.0,3/4,V(64),F,I,V(64),,V,,,M
283.0,1.0,283.0,1.0,4552,16,57,5,n924-1,59,59,,,,,,,,,,,
283.0,1.5,283.0,1.5,4552,24,60,2,n920-1,59,59,,,,,,,,,,,
283.0,1.5,283.0,1.5,4552,24,65,1,n915-1,59,59,,,,,,,,,,,
284.0,1.0,284.0,1.0,4568,16,58,5,n925-1,59,59,0.5,3/4,V7(4),F,I,V7(4),,V,,,Mm7
284.5,0.5,284.5,0.5,4576,8,64,2,n921-1,59,59,0.5,3/4,V7,F,I,V7,,V,,,Mm7
284.5,0.25,284.5,0.25,4576,4,69,1,n916-1,59,59,,,,,,,,,,,
284.75,0.25,284.75,0.25,4580,4,67,1,n917-1,59,59,,,,,,,,,,,
285.0,1.0,285.0,1.0,4584,16,53,6,n937-1,60,60,5.0,3/4,I[I|PAC},F,I,I,,I,PAC,},M
285.0,1.0,285.0,1.0,4584,16,57,5,n935-1,60,60,,,,,,,,,,,
285.0,1.0,285.0,1.0,4584,16,65,1,n927-1,60,60,,,,,,,,,,,
286.0,0.5,286.0,0.5,4600,8,41,5,n936-1,60,60,,,,,,,,,,,
286.5,0.5,286.5,0.5,4608,8,60,1,n929-1,60,60,0.0,3/4,{,F,I,,,,,{,
286.5,0.5,286.5,0.5,4608,8,69,1,n930-1,60,60,,,,,,,,,,,
287.0,0.5,287.0,0.5,4616,8,69,1,n932-1,60,60,,,,,,,,,,,
287.0,0.5,287.0,0.5,4616,8,60,1,n931-1,60,60,,,,,,,,,,,
287.5,0.5,287.5,0.5,4624,8,60,1,n933-1,60,60,,,,,,,,,,,
287.5,0.5,287.5,0.5,4624,8,69,1,n934-1,60,60,,,,,,,,,,,
288.0,0.25,288.0,0.25,4632,4,41,5,n946-1,61,61,,,,,,,,,,,
288.0,1.5,288.0,1.5,4632,24,60,1,n938-1,61,61,,,,,,,,,,,
288.0,1.5,288.0,1.5,4632,24,69,1,n939-1,61,61,,,,,,,,,,,
288.25,0.25,288.25,0.25,4636,4,53,5,n947-1,61,61,,,,,,,,,,,
288.5,0.25,288.5,0.25,4640,4,53,5,n948-1,61,61,,,,,,,,,,,
288.75,0.25,288.75,0.25,4644,4,53,5,n949-1,61,61,,,,,,,,,,,
289.0,0.25,289.0,0.25,4648,4,53,5,n950-1,61,61,,,,,,,,,,,
289.25,0.25,289.25,0.25,4652,4,53,5,n951-1,61,61,,,,,,,,,,,
289.5,0.5,289.5,0.5,4656,8,57,1,n940-1,61,61,,,,,,,,,,,
289.5,0.25,289.5,0.25,4656,4,53,5,n952-1,61,61,,,,,,,,,,,
289.5,0.5,289.5,0.5,4656,8,65,1,n941-1,61,61,,,,,,,,,,,
289.75,0.25,289.75,0.25,4660,4,53,5,n953-1,61,61,,,,,,,,,,,
290.0,0.25,290.0,0.25,4664,4,53,5,n954-1,61,61,1.0,3/4,viio,F,I,viio,,vii,,,o
290.0,0.5,290.0,0.5,4664,8,67,1,n942-1,61,61,,,,,,,,,,,
290.0,0.5,290.0,0.5,4664,8,70,1,n943-1,61,61,,,,,,,,,,,
290.25,0.25,290.25,0.25,4668,4,53,5,n955-1,61,61,,,,,,,,,,,
290.5,0.25,290.5,0.25,4672,4,53,5,n956-1,61,61,,,,,,,,,,,
290.5,0.5,290.5,0.5,4672,8,64,1,n944-1,61,61,,,,,,,,,,,
290.5,0.5,290.5,0.5,4672,8,67,1,n945-1,61,61,,,,,,,,,,,
290.75,0.25,290.75,0.25,4676,4,53,5,n957-1,61,61,,,,,,,,,,,
291.0,1.0,291.0,1.0,4680,16,69,1,n958-1,62,62,,,,,,,,,,,
291.0,1.0,291.0,1.0,4680,16,72,1,n959-1,62,62,,,,,,,,,,,
291.0,0.25,291.0,0.25,4680,4,41,5,n966-1,62,62,1.0,3/4,I],F,I,I,,I,,,M
291.25,0.25,291.25,0.25,4684,4,53,5,n967-1,62,62,,,,,,,,,,,
291.5,0.25,291.5,0.25,4688,4,53,5,n968-1,62,62,,,,,,,,,,,
291.75,0.25,291.75,0.25,4692,4,53,5,n969-1,62,62,,,,,,,,,,,
292.0,0.25,292.0,0.25,4696,4,38,5,n970-1,62,62,1.0,3/4,vi,F,I,vi,,vi,,,m
292.25,0.25,292.25,0.25,4700,4,50,5,n971-1,62,62,,,,,,,,,,,
292.5,0.25,292.5,0.25,4704,4,50,5,n972-1,62,62,,,,,,,,,,,
292.5,0.5,292.5,0.5,4704,8,69,1,n960-1,62,62,,,,,,,,,,,
292.5,0.5,292.5,0.5,4704,8,77,1,n961-1,62,62,,,,,,,,,,,
292.75,0.25,292.75,0.25,4708,4,50,5,n973-1,62,62,,,,,,,,,,,
293.0,0.5,293.0,0.5,4712,8,69,1,n962-1,62,62,,,,,,,,,,,
293.0,0.5,293.0,0.5,4712,8,77,1,n963-1,62,62,,,,,,,,,,,
293.0,0.25,293.0,0.25,4712,4,35,5,n974-1,62,62,1.0,3/4,vii%7/V,F,I,vii%7/V,,vii,,,%7
293.25,0.25,293.25,0.25,4716,4,47,5,n975-1,62,62,,,,,,,,,,,
293.5,0.25,293.5,0.25,4720,4,47,5,n976-1,62,62,,,,,,,,,,,
293.5,0.5,293.5,0.5,4720,8,69,1,n964-1,62,62,,,,,,,,,,,
293.5,0.5,293.5,0.5,4720,8,77,1,n965-1,62,62,,,,,,,,,,,
293.75,0.25,293.75,0.25,4724,4,47,5,n977-1,62,62,,,,,,,,,,,
294.0,0.25,294.0,0.25,4728,4,36,5,n987-1,63,63,2.0,3/4,V(64),F,I,V(64),,V,,,M
294.0,1.5,294.0,1.5,4728,24,65,1,n978-1,63,63,,,,,,,,,,,
294.0,1.5,294.0,1.5,4728,24,69,1,n979-1,63,63,,,,,,,,,,,
294.25,0.25,294.25,0.25,4732,4,48,5,n988-1,63,63,,,,,,,,,,,
294.5,0.25,294.5,0.25,4736,4,48,5,n989-1,63,63,,,,,,,,,,,
294.75,0.25,294.75,0.25,4740,4,48,5,n990-1,63,63,,,,,,,,,,,
295.0,0.25,295.0,0.25,4744,4,48,5,n991-1,63,63,,,,,,,,,,,
295.25,0.25,295.25,0.25,4748,4,48,5,n992-1,63,63,,,,,,,,,,,
295.5,0.25,295.5,0.25,4752,4,48,5,n993-1,63,63,,,,,,,,,,,
295.5,0.5,295.5,0.5,4752,8,69,1,n980-1,63,63,,,,,,,,,,,
295.5,0.5,295.5,0.5,4752,8,72,1,n981-1,63,63,,,,,,,,,,,
295.75,0.25,295.75,0.25,4756,4,48,5,n994-1,63,63,,,,,,,,,,,
296.0,0.25,296.0,0.25,4760,4,48,5,n995-1,63,63,1.0,3/4,V7,F,I,V7,,V,,,Mm7
296.0,0.5,296.0,0.5,4760,8,67,1,n982-1,63,63,,,,,,,,,,,
296.0,0.5,296.0,0.5,4760,8,70,1,n983-1,63,63,,,,,,,,,,,
296.25,0.25,296.25,0.25,4764,4,48,5,n996-1,63,63,,,,,,,,,,,
296.5,0.5,296.5,0.5,4768,8,58,1,n984-1,63,63,,,,,,,,,,,
296.5,0.5,296.5,0.5,4768,8,67,1,n986-1,63,63,,,,,,,,,,,
296.5,0.25,296.5,0.25,4768,4,48,5,n997-1,63,63,,,,,,,,,,,
296.75,0.25,296.75,0.25,4772,4,48,5,n998-1,63,63,,,,,,,,,,,
297.0,1.0,297.0,1.0,4776,16,57,1,n999-1,64,64,,,,,,,,,,,
297.0,1.0,297.0,1.0,4776,16,41,5,n1002-1,64,64,1.5,3/4,I},F,I,I,,I,,},M
297.0,1.0,297.0,1.0,4776,16,65,1,n1000-1,64,64,,,,,,,,,,,
