xml_mn,mn,onset_beat,duration_beat,onset_quarter,duration_quarter,onset_div,duration_div,pitch,voice,id,label,duration_qb,timesig,globalkey,localkey,chord,numeral,chord_type,chord_label
1,1,0.0,0.25,0.0,0.25,0,12,58,5,n12-1,Bb.I{,2.0,4/4,Bb,I,I,I,M,1
1,1,0.0,1.0,0.0,1.0,0,48,70,1,n1-1,,,,,,,,,0
1,1,0.25,0.25,0.25,0.25,12,12,65,5,n13-1,,,,,,,,,0
1,1,0.5,0.25,0.5,0.25,24,12,62,5,n14-1,,,,,,,,,0
1,1,0.75,0.25,0.75,0.25,36,12,65,5,n15-1,,,,,,,,,0
1,1,1.0,0.25,1.0,0.25,48,12,58,5,n16-1,,,,,,,,,0
1,1,1.0,0.75,1.0,0.75,48,36,74,1,n2-1,,,,,,,,,0
1,1,1.25,0.25,1.25,0.25,60,12,65,5,n17-1,,,,,,,,,0
1,1,1.5,0.25,1.5,0.25,72,12,62,5,n18-1,,,,,,,,,0
1,1,1.75,0.25,1.75,0.25,84,12,65,5,n19-1,,,,,,,,,0
1,1,1.75,0.0,1.75,0.0,84,0,72,1,n5-1,,,,,,,,,0
1,1,1.75,0.0,1.75,0.0,84,0,74,1,n4-1,,,,,,,,,0
1,1,1.75,0.0,1.75,0.0,84,0,74,1,n6-1,,,,,,,,,0
1,1,1.75,0.0,1.75,0.0,84,0,75,1,n3-1,,,,,,,,,0
1,1,1.75,0.25,1.75,0.25,84,12,75,1,n7-1,,,,,,,,,0
1,1,2.0,0.25,2.0,0.25,96,12,57,5,n20-1,V6(#14),0.75,4/4,Bb,I,V6(#14),V,M,1
1,1,2.0,0.75,2.0,0.75,96,36,76,1,n8-1,,,,,,,,,0
1,1,2.25,0.25,2.25,0.25,108,12,65,5,n21-1,,,,,,,,,0
1,1,2.5,0.25,2.5,0.25,120,12,60,5,n22-1,,,,,,,,,0
1,1,2.75,0.25,2.75,0.25,132,12,65,5,n23-1,V6,1.25,4/4,Bb,I,V6,V,M,1
1,1,2.75,0.25,2.75,0.25,132,12,77,1,n9-1,,,,,,,,,0
1,1,3.0,0.25,3.0,0.25,144,12,57,5,n24-1,,,,,,,,,0
1,1,3.0,0.5,3.0,0.5,144,24,72,1,n10-1,,,,,,,,,0
1,1,3.25,0.25,3.25,0.25,156,12,65,5,n25-1,,,,,,,,,0
1,1,3.5,0.25,3.5,0.25,168,12,60,5,n26-1,,,,,,,,,0
1,1,3.75,0.25,3.75,0.25,180,12,65,5,n27-1,,,,,,,,,0
2,2,4.0,0.75,4.0,0.75,192,36,75,1,n28-1,,,,,,,,,0
2,2,4.0,0.25,4.0,0.25,192,12,55,5,n44-1,IV6,1.0,4/4,Bb,I,IV6,IV,M,1
2,2,4.25,0.25,4.25,0.25,204,12,63,5,n45-1,,,,,,,,,0
2,2,4.5,0.25,4.5,0.25,216,12,58,5,n46-1,,,,,,,,,0
2,2,4.75,0.25,4.75,0.25,228,12,63,5,n47-1,,,,,,,,,0
2,2,4.75,0.0,4.75,0.0,228,0,74,1,n31-1,,,,,,,,,0
2,2,4.75,0.0,4.75,0.0,228,0,75,1,n30-1,,,,,,,,,0
2,2,4.75,0.0,4.75,0.0,228,0,75,1,n32-1,,,,,,,,,0
2,2,4.75,0.0,4.75,0.0,228,0,77,1,n29-1,,,,,,,,,0
2,2,4.75,0.25,4.75,0.25,228,12,77,1,n33-1,,,,,,,,,0
2,2,5.0,0.75,5.0,0.75,240,36,79,1,n34-1,,,,,,,,,0
2,2,5.0,0.25,5.0,0.25,240,12,51,5,n48-1,IV,1.0,4/4,Bb,I,IV,IV,M,1
2,2,5.25,0.25,5.25,0.25,252,12,58,5,n49-1,,,,,,,,,0
2,2,5.5,0.25,5.5,0.25,264,12,55,5,n50-1,,,,,,,,,0
2,2,5.75,0.0,5.75,0.0,276,0,81,1,n35-1,,,,,,,,,0
2,2,5.75,0.0,5.75,0.0,276,0,79,1,n38-1,,,,,,,,,0
2,2,5.75,0.25,5.75,0.25,276,12,81,1,n39-1,,,,,,,,,0
2,2,5.75,0.0,5.75,0.0,276,0,77,1,n37-1,,,,,,,,,0
2,2,5.75,0.25,5.75,0.25,276,12,58,5,n51-1,,,,,,,,,0
2,2,5.75,0.0,5.75,0.0,276,0,79,1,n36-1,,,,,,,,,0
2,2,6.0,0.25,6.0,0.25,288,12,50,5,n52-1,I6(14),0.75,4/4,Bb,I,I6(14),I,M,1
2,2,6.0,0.75,6.0,0.75,288,36,81,1,n40-1,,,,,,,,,0
2,2,6.25,0.25,6.25,0.25,300,12,58,5,n53-1,,,,,,,,,0
2,2,6.5,0.25,6.5,0.25,312,12,53,5,n54-1,,,,,,,,,0
2,2,6.75,0.25,6.75,0.25,324,12,58,5,n55-1,I6,1.25,4/4,Bb,I,I6,I,M,1
2,2,6.75,0.25,6.75,0.25,324,12,82,1,n41-1,,,,,,,,,0
2,2,7.0,0.5,7.0,0.5,336,24,77,1,n42-1,,,,,,,,,0
2,2,7.0,0.25,7.0,0.25,336,12,50,5,n56-1,,,,,,,,,0
2,2,7.25,0.25,7.25,0.25,348,12,58,5,n57-1,,,,,,,,,0
2,2,7.5,0.25,7.5,0.25,360,12,53,5,n58-1,,,,,,,,,0
2,2,7.75,0.25,7.75,0.25,372,12,58,5,n59-1,,,,,,,,,0
3,3,8.0,0.25,8.0,0.25,384,12,51,5,n75-1,IV,0.5,4/4,Bb,I,IV,IV,M,1
3,3,8.0,0.75,8.0,0.75,384,36,79,1,n60-1,,,,,,,,,0
3,3,8.25,0.25,8.25,0.25,396,12,55,5,n76-1,,,,,,,,,0
3,3,8.5,0.25,8.5,0.25,408,12,51,5,n77-1,ii6(#7),0.5,4/4,Bb,I,ii6(#7),ii,m,1
3,3,8.75,0.25,8.75,0.25,420,12,59,5,n78-1,,,,,,,,,0
3,3,8.75,0.125,8.75,0.125,420,6,80,1,n61-1,,,,,,,,,0
3,3,8.875,0.125,8.875,0.125,426,6,79,1,n62-1,,,,,,,,,0
3,3,9.0,0.25,9.0,0.25,432,12,51,5,n79-1,ii6,1.0,4/4,Bb,I,ii6,ii,m,1
3,3,9.0,0.25,9.0,0.25,432,12,77,1,n63-1,,,,,,,,,0
3,3,9.25,0.25,9.25,0.25,444,12,60,5,n80-1,,,,,,,,,0
3,3,9.25,0.25,9.25,0.25,444,12,75,1,n64-1,,,,,,,,,0
3,3,9.5,0.25,9.5,0.25,456,12,51,5,n81-1,,,,,,,,,0
3,3,9.5,0.25,9.5,0.25,456,12,74,1,n65-1,,,,,,,,,0
3,3,9.75,0.25,9.75,0.25,468,12,63,5,n82-1,,,,,,,,,0
3,3,9.75,0.25,9.75,0.25,468,12,72,1,n66-1,,,,,,,,,0
3,3,10.0,0.25,10.0,0.25,480,12,76,1,n67-1,,,,,,,,,0
3,3,10.0,0.25,10.0,0.25,480,12,50,5,n83-1,iii,1.0,4/4,Bb,I,iii,iii,m,1
3,3,10.25,0.5,10.25,0.5,492,24,77,1,n68-1,,,,,,,,,0
3,3,10.25,0.25,10.25,0.25,492,12,53,5,n84-1,,,,,,,,,0
3,3,10.5,0.25,10.5,0.25,504,12,50,5,n85-1,,,,,,,,,0
3,3,10.75,0.25,10.75,0.25,516,12,57,5,n86-1,,,,,,,,,0
3,3,10.75,0.125,10.75,0.125,516,6,79,1,n69-1,,,,,,,,,0
3,3,10.875,0.125,10.875,0.125,522,6,77,1,n70-1,,,,,,,,,0
3,3,11.0,0.25,11.0,0.25,528,12,50,5,n87-1,I6,1.0,4/4,Bb,I,I6,I,M,1
3,3,11.0,0.25,11.0,0.25,528,12,75,1,n71-1,,,,,,,,,0
3,3,11.25,0.25,11.25,0.25,540,12,58,5,n88-1,,,,,,,,,0
3,3,11.25,0.25,11.25,0.25,540,12,74,1,n72-1,,,,,,,,,0
3,3,11.5,0.25,11.5,0.25,552,12,50,5,n89-1,,,,,,,,,0
3,3,11.5,0.25,11.5,0.25,552,12,72,1,n73-1,,,,,,,,,0
3,3,11.75,0.25,11.75,0.25,564,12,62,5,n90-1,,,,,,,,,0
3,3,11.75,0.25,11.75,0.25,564,12,70,1,n74-1,,,,,,,,,0
4,4,12.0,0.25,12.0,0.25,576,12,57,5,n104-1,V65,1.0,4/4,Bb,I,V65,V,Mm7,1
4,4,12.0,0.25,12.0,0.25,576,12,77,1,n91-1,,,,,,,,,0
4,4,12.25,0.25,12.25,0.25,588,12,65,5,n105-1,,,,,,,,,0
4,4,12.25,0.5,12.25,0.5,588,24,75,1,n92-1,,,,,,,,,0
4,4,12.5,0.25,12.5,0.25,600,12,60,5,n106-1,,,,,,,,,0
4,4,12.75,0.25,12.75,0.25,612,12,65,5,n107-1,,,,,,,,,0
4,4,12.75,0.25,12.75,0.25,612,12,72,1,n93-1,,,,,,,,,0
4,4,13.0,0.25,13.0,0.25,624,12,58,5,n108-1,I,1.0,4/4,Bb,I,I,I,M,1
4,4,13.0,0.25,13.0,0.25,624,12,75,1,n94-1,,,,,,,,,0
4,4,13.25,0.25,13.25,0.25,636,12,65,5,n109-1,,,,,,,,,0
4,4,13.25,0.5,13.25,0.5,636,24,74,1,n95-1,,,,,,,,,0
4,4,13.5,0.25,13.5,0.25,648,12,62,5,n110-1,,,,,,,,,0
4,4,13.75,0.25,13.75,0.25,660,12,70,1,n96-1,,,,,,,,,0
4,4,13.75,0.25,13.75,0.25,660,12,65,5,n111-1,,,,,,,,,0
4,4,14.0,0.25,14.0,0.25,672,12,53,5,n112-1,V(64)},1.0,4/4,Bb,I,V(64),V,M,1
4,4,14.0,0.75,14.0,0.75,672,36,74,1,n97-1,,,,,,,,,0
4,4,14.25,0.25,14.25,0.25,684,12,62,5,n113-1,,,,,,,,,0
4,4,14.5,0.25,14.5,0.25,696,12,58,5,n114-1,,,,,,,,,0
4,4,14.75,0.25,14.75,0.25,708,12,62,5,n115-1,,,,,,,,,0
4,4,14.75,0.125,14.75,0.125,708,6,75,1,n98-1,,,,,,,,,0
4,4,14.875,0.125,14.875,0.125,714,6,74,1,n99-1,,,,,,,,,0
4,4,15.0,0.5,15.0,0.5,720,24,60,5,n118-1,,,,,,,,,0
4,4,15.0,0.25,15.0,0.25,720,12,72,1,n100-1,,,,,,,,,0
4,4,15.0,0.5,15.0,0.5,720,24,53,5,n116-1,V|HC,1.0,4/4,Bb,I,V,V,M,1
4,4,15.0,0.5,15.0,0.5,720,24,57,5,n117-1,,,,,,,,,0
4,4,15.25,0.25,15.25,0.25,732,12,77,1,n101-1,,,,,,,,,0
4,4,15.5,0.25,15.5,0.25,744,12,75,1,n102-1,,,,,,,,,0
4,4,15.75,0.25,15.75,0.25,756,12,72,1,n103-1,,,,,,,,,0
5,5,16.0,0.25,16.0,0.25,768,12,58,5,n136-1,i{,2.0,4/4,Bb,I,i,i,m,1
5,5,16.0,0.75,16.0,0.75,768,36,70,1,n120-1,,,,,,,,,0
5,5,16.25,0.25,16.25,0.25,780,12,65,5,n137-1,,,,,,,,,0
5,5,16.5,0.25,16.5,0.25,792,12,61,5,n138-1,,,,,,,,,0
5,5,16.75,0.25,16.75,0.25,804,12,72,1,n125-1,,,,,,,,,0
5,5,16.75,0.0,16.75,0.0,804,0,72,1,n121-1,,,,,,,,,0
5,5,16.75,0.0,16.75,0.0,804,0,70,1,n122-1,,,,,,,,,0
5,5,16.75,0.0,16.75,0.0,804,0,69,1,n123-1,,,,,,,,,0
5,5,16.75,0.25,16.75,0.25,804,12,65,5,n139-1,,,,,,,,,0
5,5,16.75,0.0,16.75,0.0,804,0,70,1,n124-1,,,,,,,,,0
5,5,17.0,0.25,17.0,0.25,816,12,58,5,n140-1,,,,,,,,,0
5,5,17.0,0.75,17.0,0.75,816,36,73,1,n126-1,,,,,,,,,0
5,5,17.25,0.25,17.25,0.25,828,12,65,5,n141-1,,,,,,,,,0
5,5,17.5,0.25,17.5,0.25,840,12,61,5,n142-1,,,,,,,,,0
5,5,17.75,0.0,17.75,0.0,852,0,75,1,n127-1,,,,,,,,,0
5,5,17.75,0.25,17.75,0.25,852,12,75,1,n131-1,,,,,,,,,0
5,5,17.75,0.0,17.75,0.0,852,0,73,1,n130-1,,,,,,,,,0
5,5,17.75,0.25,17.75,0.25,852,12,65,5,n143-1,,,,,,,,,0
5,5,17.75,0.0,17.75,0.0,852,0,72,1,n129-1,,,,,,,,,0
5,5,17.75,0.0,17.75,0.0,852,0,73,1,n128-1,,,,,,,,,0
5,5,18.0,0.25,18.0,0.25,864,12,56,5,n144-1,v6(#14),0.75,4/4,Bb,I,v6(#14),v,m,1
5,5,18.0,0.75,18.0,0.75,864,36,76,1,n132-1,,,,,,,,,0
5,5,18.25,0.25,18.25,0.25,876,12,65,5,n145-1,,,,,,,,,0
5,5,18.5,0.25,18.5,0.25,888,12,60,5,n146-1,,,,,,,,,0
5,5,18.75,0.25,18.75,0.25,900,12,65,5,n147-1,v6,1.25,4/4,Bb,I,v6,v,m,1
5,5,18.75,0.25,18.75,0.25,900,12,77,1,n133-1,,,,,,,,,0
5,5,19.0,0.25,19.0,0.25,912,12,56,5,n148-1,,,,,,,,,0
5,5,19.0,0.5,19.0,0.5,912,24,72,1,n134-1,,,,,,,,,0
5,5,19.25,0.25,19.25,0.25,924,12,65,5,n149-1,,,,,,,,,0
5,5,19.5,0.25,19.5,0.25,936,12,60,5,n150-1,,,,,,,,,0
5,5,19.75,0.25,19.75,0.25,948,12,65,5,n151-1,,,,,,,,,0
6,6,20.0,0.75,20.0,0.75,960,36,75,1,n152-1,,,,,,,,,0
6,6,20.0,0.25,20.0,0.25,960,12,54,5,n168-1,iv6,1.0,4/4,Bb,I,iv6,iv,m,1
6,6,20.25,0.25,20.25,0.25,972,12,63,5,n169-1,,,,,,,,,0
6,6,20.5,0.25,20.5,0.25,984,12,58,5,n170-1,,,,,,,,,0
6,6,20.75,0.25,20.75,0.25,996,12,63,5,n171-1,,,,,,,,,0
6,6,20.75,0.0,20.75,0.0,996,0,74,1,n155-1,,,,,,,,,0
6,6,20.75,0.0,20.75,0.0,996,0,75,1,n154-1,,,,,,,,,0
6,6,20.75,0.0,20.75,0.0,996,0,75,1,n156-1,,,,,,,,,0
6,6,20.75,0.25,20.75,0.25,996,12,77,1,n157-1,,,,,,,,,0
6,6,20.75,0.0,20.75,0.0,996,0,77,1,n153-1,,,,,,,,,0
6,6,21.0,0.25,21.0,0.25,1008,12,51,5,n172-1,iv,1.0,4/4,Bb,I,iv,iv,m,1
6,6,21.0,0.75,21.0,0.75,1008,36,78,1,n158-1,,,,,,,,,0
6,6,21.25,0.25,21.25,0.25,1020,12,58,5,n173-1,,,,,,,,,0
6,6,21.5,0.25,21.5,0.25,1032,12,54,5,n174-1,,,,,,,,,0
6,6,21.75,0.25,21.75,0.25,1044,12,58,5,n175-1,,,,,,,,,0
6,6,21.75,0.0,21.75,0.0,1044,0,77,1,n161-1,,,,,,,,,0
6,6,21.75,0.0,21.75,0.0,1044,0,78,1,n160-1,,,,,,,,,0
6,6,21.75,0.0,21.75,0.0,1044,0,78,1,n162-1,,,,,,,,,0
6,6,21.75,0.0,21.75,0.0,1044,0,80,1,n159-1,,,,,,,,,0
6,6,21.75,0.25,21.75,0.25,1044,12,80,1,n163-1,,,,,,,,,0
6,6,22.0,0.75,22.0,0.75,1056,36,81,1,n164-1,,,,,,,,,0
6,6,22.0,0.25,22.0,0.25,1056,12,50,5,n176-1,I6(7),0.75,4/4,Bb,I,I6(7),I,M,1
6,6,22.25,0.25,22.25,0.25,1068,12,58,5,n177-1,,,,,,,,,0
6,6,22.5,0.25,22.5,0.25,1080,12,53,5,n178-1,,,,,,,,,0
6,6,22.75,0.25,22.75,0.25,1092,12,58,5,n179-1,I6,0.25,4/4,Bb,I,I6,I,M,1
6,6,22.75,0.25,22.75,0.25,1092,12,82,1,n165-1,,,,,,,,,0
6,6,23.0,0.25,23.0,0.25,1104,12,49,5,n180-1,i6,1.0,4/4,Bb,I,i6,i,m,1
6,6,23.0,0.5,23.0,0.5,1104,24,77,1,n166-1,,,,,,,,,0
6,6,23.25,0.25,23.25,0.25,1116,12,58,5,n181-1,,,,,,,,,0
6,6,23.5,0.25,23.5,0.25,1128,12,53,5,n182-1,,,,,,,,,0
6,6,23.75,0.25,23.75,0.25,1140,12,58,5,n183-1,,,,,,,,,0
7,7,24.0,0.25,24.0,0.25,1152,12,48,5,n198-1,V.V7(b9),1.25,4/4,Bb,V,V7(b9),V,Mm7,1
7,7,24.0,0.0,24.0,0.0,1152,0,76,1,n184-1,,,,,,,,,0
7,7,24.0,1.25,24.0,1.25,1152,60,85,1,n185-1,,,,,,,,,0
7,7,24.25,0.25,24.25,0.25,1164,12,58,5,n199-1,,,,,,,,,0
7,7,24.5,0.25,24.5,0.25,1176,12,55,5,n200-1,,,,,,,,,0
7,7,24.75,0.25,24.75,0.25,1188,12,58,5,n201-1,,,,,,,,,0
7,7,25.0,0.25,25.0,0.25,1200,12,48,5,n202-1,,,,,,,,,0
7,7,25.25,0.25,25.25,0.25,1212,12,82,1,n188-1,,,,,,,,,0
7,7,25.25,0.0,25.25,0.0,1212,0,84,1,n187-1,,,,,,,,,0
7,7,25.25,0.25,25.25,0.25,1212,12,58,5,n203-1,V7/V,0.75,4/4,Bb,V,V7/V,V,Mm7,1
7,7,25.5,0.25,25.5,0.25,1224,12,55,5,n204-1,,,,,,,,,0
7,7,25.5,0.25,25.5,0.25,1224,12,79,1,n190-1,,,,,,,,,0
7,7,25.5,0.0,25.5,0.0,1224,0,80,1,n189-1,,,,,,,,,0
7,7,25.75,0.25,25.75,0.25,1236,12,58,5,n205-1,,,,,,,,,0
7,7,25.75,0.25,25.75,0.25,1236,12,76,1,n192-1,,,,,,,,,0
7,7,25.75,0.0,25.75,0.0,1236,0,77,1,n191-1,,,,,,,,,0
7,7,26.0,0.5,26.0,0.5,1248,24,79,1,n193-1,,,,,,,,,0
7,7,26.0,0.25,26.0,0.25,1248,12,49,5,n206-1,bVI(4),0.5,4/4,Bb,V,bVI(4),bVI,M,1
7,7,26.25,0.25,26.25,0.25,1260,12,56,5,n207-1,,,,,,,,,0
7,7,26.5,0.25,26.5,0.25,1272,12,53,5,n208-1,bVI,0.5,4/4,Bb,V,bVI,bVI,M,1
7,7,26.5,0.75,26.5,0.75,1272,36,77,1,n194-1,,,,,,,,,0
7,7,26.75,0.25,26.75,0.25,1284,12,56,5,n209-1,,,,,,,,,0
7,7,27.0,0.25,27.0,0.25,1296,12,46,5,n210-1,ii%65,1.0,4/4,Bb,V,ii%65,ii,%7,1
7,7,27.25,0.25,27.25,0.25,1308,12,55,5,n211-1,,,,,,,,,0
7,7,27.25,0.5,27.25,0.5,1308,24,75,1,n196-1,,,,,,,,,0
7,7,27.5,0.25,27.5,0.25,1320,12,49,5,n212-1,,,,,,,,,0
7,7,27.75,0.25,27.75,0.25,1332,12,73,1,n197-1,,,,,,,,,0
7,7,27.75,0.25,27.75,0.25,1332,12,55,5,n213-1,,,,,,,,,0
8,8,28.0,0.25,28.0,0.25,1344,12,48,5,n226-1,V(b64),1.0,4/4,Bb,V,V(b64),V,M,1
8,8,28.0,0.75,28.0,0.75,1344,36,72,1,n214-1,,,,,,,,,0
8,8,28.25,0.25,28.25,0.25,1356,12,56,5,n227-1,,,,,,,,,0
8,8,28.5,0.25,28.5,0.25,1368,12,53,5,n228-1,,,,,,,,,0
8,8,28.75,0.25,28.75,0.25,1380,12,56,5,n229-1,,,,,,,,,0
8,8,28.75,0.0,28.75,0.0,1380,0,70,1,n217-1,,,,,,,,,0
8,8,28.75,0.0,28.75,0.0,1380,0,72,1,n216-1,,,,,,,,,0
8,8,28.75,0.0,28.75,0.0,1380,0,72,1,n218-1,,,,,,,,,0
8,8,28.75,0.0,28.75,0.0,1380,0,73,1,n215-1,,,,,,,,,0
8,8,28.75,0.25,28.75,0.25,1380,12,73,1,n219-1,,,,,,,,,0
8,8,29.0,0.25,29.0,0.25,1392,12,48,5,n230-1,V7(4),0.5,4/4,Bb,V,V7(4),V,Mm7,1
8,8,29.0,0.5,29.0,0.5,1392,24,65,1,n220-1,,,,,,,,,0
8,8,29.25,0.25,29.25,0.25,1404,12,58,5,n231-1,,,,,,,,,0
8,8,29.5,0.25,29.5,0.25,1416,12,55,5,n232-1,V7,0.5,4/4,Bb,V,V7,V,Mm7,1
8,8,29.5,0.5,29.5,0.5,1416,24,64,2,n225-1,,,,,,,,,0
8,8,29.5,0.25,29.5,0.25,1416,12,68,1,n221-1,,,,,,,,,0
8,8,29.75,0.25,29.75,0.25,1428,12,67,1,n222-1,,,,,,,,,0
8,8,29.75,0.25,29.75,0.25,1428,12,58,5,n233-1,,,,,,,,,0
8,8,30.0,1.0,30.0,1.0,1440,48,65,1,n223-1,,,,,,,,,0
8,8,30.0,0.25,30.0,0.25,1440,12,57,5,n234-1,,,,,,,,,0
8,8,30.0,0.5,30.0,0.5,1440,24,53,6,n243-1,I|PAC},2.0,4/4,Bb,V,I,I,M,1
8,8,30.25,0.25,30.25,0.25,1452,12,60,5,n235-1,,,,,,,,,0
8,8,30.5,0.25,30.5,0.25,1464,12,60,5,n236-1,,,,,,,,,0
8,8,30.75,0.25,30.75,0.25,1476,12,60,5,n237-1,,,,,,,,,0
8,8,31.0,0.5,31.0,0.5,1488,24,53,6,n244-1,{,0.0,4/4,Bb,V,,,,0
8,8,31.0,0.25,31.0,0.25,1488,12,57,5,n238-1,,,,,,,,,0
8,8,31.25,0.25,31.25,0.25,1500,12,60,5,n239-1,,,,,,,,,0
8,8,31.5,0.25,31.5,0.25,1512,12,58,5,n240-1,,,,,,,,,0
8,8,31.5,0.5,31.5,0.5,1512,24,55,6,n245-1,,,,,,,,,0
8,8,31.75,0.25,31.75,0.25,1524,12,60,5,n241-1,,,,,,,,,0
9,9,32.0,0.5,32.0,0.5,1536,24,52,6,n270-1,V65,2.0,4/4,Bb,V,V65,V,Mm7,1
9,9,32.0,0.25,32.0,0.25,1536,12,55,5,n254-1,,,,,,,,,0
9,9,32.0,0.5,32.0,0.5,1536,24,70,1,n246-1,,,,,,,,,0
9,9,32.25,0.25,32.25,0.25,1548,12,60,5,n255-1,,,,,,,,,0
9,9,32.5,0.25,32.5,0.25,1560,12,60,5,n256-1,,,,,,,,,0
9,9,32.75,0.25,32.75,0.25,1572,12,60,5,n257-1,,,,,,,,,0
9,9,33.0,0.25,33.0,0.25,1584,12,52,5,n258-1,,,,,,,,,0
9,9,33.0,0.5,33.0,0.5,1584,24,67,1,n248-1,,,,,,,,,0
9,9,33.0,0.5,33.0,0.5,1584,24,48,6,n271-1,,,,,,,,,0
9,9,33.25,0.25,33.25,0.25,1596,12,60,5,n259-1,,,,,,,,,0
9,9,33.5,0.5,33.5,0.5,1608,24,55,6,n272-1,,,,,,,,,0
9,9,33.5,0.25,33.5,0.25,1608,12,58,5,n260-1,,,,,,,,,0
9,9,33.5,0.5,33.5,0.5,1608,24,64,1,n249-1,,,,,,,,,0
9,9,33.75,0.25,33.75,0.25,1620,12,60,5,n261-1,,,,,,,,,0
9,9,34.0,0.375,34.0,0.375,1632,18,72,1,n250-1,,,,,,,,,0
9,9,34.0,0.5,34.0,0.5,1632,24,53,6,n273-1,I,2.0,4/4,Bb,V,I,I,M,1
9,9,34.0,0.25,34.0,0.25,1632,12,57,5,n262-1,,,,,,,,,0
9,9,34.25,0.25,34.25,0.25,1644,12,60,5,n263-1,,,,,,,,,0
9,9,34.375,0.125,34.375,0.125,1650,6,69,1,n251-1,,,,,,,,,0
9,9,34.5,0.25,34.5,0.25,1656,12,60,5,n264-1,,,,,,,,,0
9,9,34.5,0.5,34.5,0.5,1656,24,72,1,n252-1,,,,,,,,,0
9,9,34.75,0.25,34.75,0.25,1668,12,60,5,n265-1,,,,,,,,,0
9,9,35.0,0.5,35.0,0.5,1680,24,53,6,n274-1,,,,,,,,,0
9,9,35.0,0.25,35.0,0.25,1680,12,57,5,n266-1,,,,,,,,,0
9,9,35.25,0.25,35.25,0.25,1692,12,60,5,n267-1,,,,,,,,,0
9,9,35.5,0.5,35.5,0.5,1704,24,55,6,n275-1,,,,,,,,,0
9,9,35.5,0.25,35.5,0.25,1704,12,58,5,n268-1,,,,,,,,,0
9,9,35.75,0.25,35.75,0.25,1716,12,60,5,n269-1,,,,,,,,,0
10,10,36.0,0.5,36.0,0.5,1728,24,52,6,n300-1,V65,2.0,4/4,Bb,V,V65,V,Mm7,1
10,10,36.0,0.25,36.0,0.25,1728,12,55,5,n291-1,,,,,,,,,0
10,10,36.0,0.5,36.0,0.5,1728,24,70,1,n276-1,,,,,,,,,0
10,10,36.25,0.25,36.25,0.25,1740,12,60,5,n292-1,,,,,,,,,0
10,10,36.5,0.25,36.5,0.25,1752,12,60,5,n293-1,,,,,,,,,0
10,10,36.75,0.25,36.75,0.25,1764,12,60,5,n294-1,,,,,,,,,0
10,10,37.0,0.25,37.0,0.25,1776,12,52,5,n295-1,,,,,,,,,0
10,10,37.0,0.5,37.0,0.5,1776,24,67,1,n278-1,,,,,,,,,0
10,10,37.0,0.5,37.0,0.5,1776,24,48,6,n301-1,,,,,,,,,0
10,10,37.25,0.25,37.25,0.25,1788,12,60,5,n296-1,,,,,,,,,0
10,10,37.5,0.5,37.5,0.5,1800,24,55,6,n302-1,,,,,,,,,0
10,10,37.5,0.25,37.5,0.25,1800,12,58,5,n297-1,,,,,,,,,0
10,10,37.5,0.5,37.5,0.5,1800,24,64,1,n279-1,,,,,,,,,0
10,10,37.75,0.25,37.75,0.25,1812,12,60,5,n298-1,,,,,,,,,0
10,10,38.0,0.375,38.0,0.375,1824,18,72,1,n280-1,,,,,,,,,0
10,10,38.0,0.5,38.0,0.5,1824,24,53,6,n303-1,I,2.0,4/4,Bb,V,I,I,M,1
10,10,38.0,0.5,38.0,0.5,1824,24,57,5,n299-1,,,,,,,,,0
10,10,38.375,0.125,38.375,0.125,1842,6,69,1,n281-1,,,,,,,,,0
10,10,38.5,0.5,38.5,0.5,1848,24,72,1,n282-1,,,,,,,,,0
10,10,39.0,0.25,39.0,0.25,1872,12,77,1,n283-1,,,,,,,,,0
10,10,39.0,0.25,39.0,0.25,1872,12,81,1,n284-1,,,,,,,,,0
10,10,39.25,0.25,39.25,0.25,1884,12,76,1,n285-1,,,,,,,,,0
10,10,39.25,0.25,39.25,0.25,1884,12,79,1,n286-1,,,,,,,,,0
10,10,39.5,0.25,39.5,0.25,1896,12,74,1,n287-1,,,,,,,,,0
10,10,39.5,0.25,39.5,0.25,1896,12,77,1,n288-1,,,,,,,,,0
10,10,39.75,0.25,39.75,0.25,1908,12,73,1,n289-1,,,,,,,,,0
10,10,39.75,0.25,39.75,0.25,1908,12,76,1,n290-1,,,,,,,,,0
11,11,40.0,0.25,40.0,0.25,1920,12,77,1,n305-1,,,,,,,,,0
11,11,40.0,0.25,40.0,0.25,1920,12,74,1,n304-1,vi,1.0,4/4,Bb,V,vi,vi,m,1
11,11,40.25,0.25,40.25,0.25,1932,12,72,1,n306-1,,,,,,,,,0
11,11,40.25,0.25,40.25,0.25,1932,12,76,1,n307-1,,,,,,,,,0
11,11,40.5,0.25,40.5,0.25,1944,12,70,1,n308-1,,,,,,,,,0
11,11,40.5,0.25,40.5,0.25,1944,12,74,1,n309-1,,,,,,,,,0
11,11,40.75,0.25,40.75,0.25,1956,12,69,1,n310-1,,,,,,,,,0
11,11,40.75,0.25,40.75,0.25,1956,12,73,1,n311-1,,,,,,,,,0
11,11,41.0,0.25,41.0,0.25,1968,12,70,1,n312-1,IV,1.0,4/4,Bb,V,IV,IV,M,1
11,11,41.0,0.25,41.0,0.25,1968,12,74,1,n313-1,,,,,,,,,0
11,11,41.25,0.25,41.25,0.25,1980,12,72,1,n315-1,,,,,,,,,0
11,11,41.25,0.25,41.25,0.25,1980,12,69,1,n314-1,,,,,,,,,0
11,11,41.5,0.25,41.5,0.25,1992,12,67,1,n316-1,,,,,,,,,0
11,11,41.5,0.25,41.5,0.25,1992,12,70,1,n317-1,,,,,,,,,0
11,11,41.75,0.25,41.75,0.25,2004,12,66,1,n318-1,,,,,,,,,0
11,11,41.75,0.25,41.75,0.25,2004,12,69,1,n319-1,,,,,,,,,0
11,11,42.0,1.0,42.0,1.0,2016,48,69,1,n322-1,,,,,,,,,0
11,11,42.0,1.0,42.0,1.0,2016,48,66,1,n321-1,,,,,,,,,0
11,11,42.0,1.25,42.0,1.25,2016,60,62,1,n320-1,,,,,,,,,0
11,11,42.0,1.0,42.0,1.0,2016,48,60,5,n332-1,,,,,,,,,0
11,11,42.0,1.0,42.0,1.0,2016,48,57,5,n331-1,,,,,,,,,0
11,11,42.0,1.0,42.0,1.0,2016,48,54,5,n330-1,,,,,,,,,0
11,11,42.0,1.0,42.0,1.0,2016,48,50,5,n329-1,V7/ii,1.0,4/4,Bb,V,V7/ii,V,Mm7,1
11,11,43.0,1.0,43.0,1.0,2064,48,55,6,n336-1,ii,0.5,4/4,Bb,V,ii,ii,m,1
11,11,43.0,0.5,43.0,0.5,2064,24,58,5,n333-1,,,,,,,,,0
11,11,43.0,0.25,43.0,0.25,2064,12,67,1,n324-1,,,,,,,,,0
11,11,43.0,0.25,43.0,0.25,2064,12,70,1,n325-1,,,,,,,,,0
11,11,43.25,0.25,43.25,0.25,2076,12,70,1,n326-1,,,,,,,,,0
11,11,43.5,0.25,43.5,0.25,2088,12,72,1,n327-1,,,,,,,,,0
11,11,43.5,0.5,43.5,0.5,2088,24,64,5,n334-1,V64,0.5,4/4,Bb,V,V64,V,M,1
11,11,43.75,0.25,43.75,0.25,2100,12,74,1,n328-1,,,,,,,,,0
12,12,44.0,0.5,44.0,0.5,2112,24,57,6,n364-1,I6,0.5,4/4,Bb,V,I6,I,M,1
12,12,44.0,0.5,44.0,0.5,2112,24,65,5,n352-1,,,,,,,,,0
12,12,44.0,0.16666667,44.0,0.16666667,2112,8,72,1,n337-1,,,,,,,,,0
12,12,44.166668,0.16666667,44.166668,0.16666667,2120,8,70,1,n338-1,,,,,,,,,0
12,12,44.333332,0.16666667,44.333332,0.16666667,2128,8,69,1,n339-1,,,,,,,,,0
12,12,44.5,0.16666667,44.5,0.16666667,2136,8,67,1,n340-1,,,,,,,,,0
12,12,44.5,0.5,44.5,0.5,2136,24,62,5,n353-1,,,,,,,,,0
12,12,44.5,0.5,44.5,0.5,2136,24,58,6,n365-1,ii6,0.5,4/4,Bb,V,ii6,ii,m,1
12,12,44.666668,0.16666667,44.666668,0.16666667,2144,8,70,1,n341-1,,,,,,,,,0
12,12,44.833332,0.16666667,44.833332,0.16666667,2152,8,74,1,n342-1,,,,,,,,,0
12,12,45.0,1.0,45.0,1.0,2160,48,48,6,n366-1,V(64),0.5,4/4,Bb,V,V(64),V,M,1
12,12,45.0,0.5,45.0,0.5,2160,24,57,5,n354-1,,,,,,,,,0
12,12,45.0,0.5,45.0,0.5,2160,24,65,1,n343-1,,,,,,,,,0
12,12,45.5,0.5,45.5,0.5,2184,24,58,5,n355-1,V7,0.5,4/4,Bb,V,V7,V,Mm7,1
12,12,45.5,0.5,45.5,0.5,2184,24,64,2,n349-1,,,,,,,,,0
12,12,45.5,0.5,45.5,0.5,2184,24,67,1,n344-1,,,,,,,,,0
12,12,46.0,0.375,46.0,0.375,2208,18,67,1,n345-1,,,,,,,,,0
12,12,46.0,0.5,46.0,0.5,2208,24,64,2,n350-1,,,,,,,,,0
12,12,46.0,0.5,46.0,0.5,2208,24,53,6,n367-1,I(974)},0.5,4/4,Bb,V,I(974),I,M,1
12,12,46.0,0.25,46.0,0.25,2208,12,57,5,n356-1,,,,,,,,,0
12,12,46.25,0.25,46.25,0.25,2220,12,60,5,n357-1,,,,,,,,,0
12,12,46.375,0.125,46.375,0.125,2226,6,68,1,n346-1,,,,,,,,,0
12,12,46.5,0.25,46.5,0.25,2232,12,60,5,n358-1,I|IAC,1.5,4/4,Bb,V,I,I,M,1
12,12,46.5,0.5,46.5,0.5,2232,24,65,2,n351-1,,,,,,,,,0
12,12,46.5,0.5,46.5,0.5,2232,24,69,1,n347-1,,,,,,,,,0
12,12,46.75,0.25,46.75,0.25,2244,12,60,5,n359-1,,,,,,,,,0
12,12,47.0,0.25,47.0,0.25,2256,12,57,5,n360-1,,,,,,,,,0
12,12,47.0,0.5,47.0,0.5,2256,24,53,6,n368-1,{,0.0,4/4,Bb,V,,,,0
12,12,47.25,0.25,47.25,0.25,2268,12,60,5,n361-1,,,,,,,,,0
12,12,47.5,0.5,47.5,0.5,2280,24,55,6,n369-1,,,,,,,,,0
12,12,47.5,0.25,47.5,0.25,2280,12,58,5,n362-1,,,,,,,,,0
12,12,47.75,0.25,47.75,0.25,2292,12,60,5,n363-1,,,,,,,,,0
13,13,48.0,0.25,48.0,0.25,2304,12,55,5,n378-1,,,,,,,,,0
13,13,48.0,0.5,48.0,0.5,2304,24,70,1,n370-1,,,,,,,,,0
13,13,48.0,0.5,48.0,0.5,2304,24,52,6,n394-1,V65,2.0,4/4,Bb,V,V65,V,Mm7,1
13,13,48.25,0.25,48.25,0.25,2316,12,60,5,n379-1,,,,,,,,,0
13,13,48.5,0.25,48.5,0.25,2328,12,60,5,n380-1,,,,,,,,,0
13,13,48.75,0.25,48.75,0.25,2340,12,60,5,n381-1,,,,,,,,,0
13,13,49.0,0.5,49.0,0.5,2352,24,48,6,n395-1,,,,,,,,,0
13,13,49.0,0.25,49.0,0.25,2352,12,52,5,n382-1,,,,,,,,,0
13,13,49.0,0.5,49.0,0.5,2352,24,67,1,n372-1,,,,,,,,,0
13,13,49.25,0.25,49.25,0.25,2364,12,60,5,n383-1,,,,,,,,,0
13,13,49.5,0.5,49.5,0.5,2376,24,55,6,n396-1,,,,,,,,,0
13,13,49.5,0.25,49.5,0.25,2376,12,58,5,n384-1,,,,,,,,,0
13,13,49.5,0.5,49.5,0.5,2376,24,64,1,n373-1,,,,,,,,,0
13,13,49.75,0.25,49.75,0.25,2388,12,60,5,n385-1,,,,,,,,,0
13,13,50.0,0.5,50.0,0.5,2400,24,53,6,n397-1,I,2.0,4/4,Bb,V,I,I,M,1
13,13,50.0,0.25,50.0,0.25,2400,12,57,5,n386-1,,,,,,,,,0
13,13,50.0,0.375,50.0,0.375,2400,18,72,1,n374-1,,,,,,,,,0
13,13,50.25,0.25,50.25,0.25,2412,12,60,5,n387-1,,,,,,,,,0
13,13,50.375,0.125,50.375,0.125,2418,6,69,1,n375-1,,,,,,,,,0
13,13,50.5,0.5,50.5,0.5,2424,24,72,1,n376-1,,,,,,,,,0
13,13,50.5,0.25,50.5,0.25,2424,12,60,5,n388-1,,,,,,,,,0
13,13,50.75,0.25,50.75,0.25,2436,12,60,5,n389-1,,,,,,,,,0
13,13,51.0,0.25,51.0,0.25,2448,12,57,5,n390-1,,,,,,,,,0
13,13,51.0,0.5,51.0,0.5,2448,24,53,6,n398-1,,,,,,,,,0
13,13,51.25,0.25,51.25,0.25,2460,12,60,5,n391-1,,,,,,,,,0
13,13,51.5,0.5,51.5,0.5,2472,24,55,6,n399-1,,,,,,,,,0
13,13,51.5,0.25,51.5,0.25,2472,12,58,5,n392-1,,,,,,,,,0
13,13,51.75,0.25,51.75,0.25,2484,12,60,5,n393-1,,,,,,,,,0
14,14,52.0,0.5,52.0,0.5,2496,24,52,6,n424-1,V65,2.0,4/4,Bb,V,V65,V,Mm7,1
14,14,52.0,0.25,52.0,0.25,2496,12,55,5,n415-1,,,,,,,,,0
14,14,52.0,0.5,52.0,0.5,2496,24,70,1,n400-1,,,,,,,,,0
14,14,52.25,0.25,52.25,0.25,2508,12,60,5,n416-1,,,,,,,,,0
14,14,52.5,0.25,52.5,0.25,2520,12,60,5,n417-1,,,,,,,,,0
14,14,52.75,0.25,52.75,0.25,2532,12,60,5,n418-1,,,,,,,,,0
14,14,53.0,0.5,53.0,0.5,2544,24,48,6,n425-1,,,,,,,,,0
14,14,53.0,0.25,53.0,0.25,2544,12,52,5,n419-1,,,,,,,,,0
14,14,53.0,0.5,53.0,0.5,2544,24,67,1,n402-1,,,,,,,,,0
14,14,53.25,0.25,53.25,0.25,2556,12,60,5,n420-1,,,,,,,,,0
14,14,53.5,0.5,53.5,0.5,2568,24,55,6,n426-1,,,,,,,,,0
14,14,53.5,0.25,53.5,0.25,2568,12,58,5,n421-1,,,,,,,,,0
14,14,53.5,0.5,53.5,0.5,2568,24,64,1,n403-1,,,,,,,,,0
14,14,53.75,0.25,53.75,0.25,2580,12,60,5,n422-1,,,,,,,,,0
14,14,54.0,0.375,54.0,0.375,2592,18,72,1,n404-1,,,,,,,,,0
14,14,54.0,0.5,54.0,0.5,2592,24,53,6,n427-1,I,2.0,4/4,Bb,V,I,I,M,1
14,14,54.0,0.5,54.0,0.5,2592,24,57,5,n423-1,,,,,,,,,0
14,14,54.375,0.125,54.375,0.125,2610,6,77,1,n405-1,,,,,,,,,0
14,14,54.5,0.5,54.5,0.5,2616,24,72,1,n406-1,,,,,,,,,0
14,14,55.0,0.25,55.0,0.25,2640,12,77,1,n407-1,,,,,,,,,0
14,14,55.0,0.25,55.0,0.25,2640,12,81,1,n408-1,,,,,,,,,0
14,14,55.25,0.25,55.25,0.25,2652,12,76,1,n409-1,,,,,,,,,0
14,14,55.25,0.25,55.25,0.25,2652,12,79,1,n410-1,,,,,,,,,0
14,14,55.5,0.25,55.5,0.25,2664,12,77,1,n412-1,,,,,,,,,0
14,14,55.5,0.25,55.5,0.25,2664,12,74,1,n411-1,,,,,,,,,0
14,14,55.75,0.25,55.75,0.25,2676,12,73,1,n413-1,,,,,,,,,0
14,14,55.75,0.25,55.75,0.25,2676,12,76,1,n414-1,,,,,,,,,0
15,15,56.0,0.25,56.0,0.25,2688,12,74,1,n428-1,vi,1.0,4/4,Bb,V,vi,vi,m,1
15,15,56.0,0.25,56.0,0.25,2688,12,77,1,n429-1,,,,,,,,,0
15,15,56.25,0.25,56.25,0.25,2700,12,72,1,n430-1,,,,,,,,,0
15,15,56.25,0.25,56.25,0.25,2700,12,76,1,n431-1,,,,,,,,,0
15,15,56.5,0.25,56.5,0.25,2712,12,74,1,n433-1,,,,,,,,,0
15,15,56.5,0.25,56.5,0.25,2712,12,70,1,n432-1,,,,,,,,,0
15,15,56.75,0.25,56.75,0.25,2724,12,73,1,n435-1,,,,,,,,,0
15,15,56.75,0.25,56.75,0.25,2724,12,69,1,n434-1,,,,,,,,,0
15,15,57.0,0.25,57.0,0.25,2736,12,70,1,n436-1,IV,1.0,4/4,Bb,V,IV,IV,M,1
15,15,57.0,0.25,57.0,0.25,2736,12,74,1,n437-1,,,,,,,,,0
15,15,57.25,0.25,57.25,0.25,2748,12,69,1,n438-1,,,,,,,,,0
15,15,57.25,0.25,57.25,0.25,2748,12,72,1,n439-1,,,,,,,,,0
15,15,57.5,0.25,57.5,0.25,2760,12,67,1,n440-1,,,,,,,,,0
15,15,57.5,0.25,57.5,0.25,2760,12,70,1,n441-1,,,,,,,,,0
15,15,57.75,0.25,57.75,0.25,2772,12,66,1,n442-1,,,,,,,,,0
15,15,57.75,0.25,57.75,0.25,2772,12,69,1,n443-1,,,,,,,,,0
15,15,58.0,1.0,58.0,1.0,2784,48,69,1,n446-1,,,,,,,,,0
15,15,58.0,1.0,58.0,1.0,2784,48,66,1,n445-1,,,,,,,,,0
15,15,58.0,1.25,58.0,1.25,2784,60,62,1,n444-1,,,,,,,,,0
15,15,58.0,1.0,58.0,1.0,2784,48,50,5,n453-1,V7/ii,1.0,4/4,Bb,V,V7/ii,V,Mm7,1
15,15,58.0,1.0,58.0,1.0,2784,48,57,5,n455-1,,,,,,,,,0
15,15,58.0,1.0,58.0,1.0,2784,48,54,5,n454-1,,,,,,,,,0
15,15,58.0,1.0,58.0,1.0,2784,48,60,5,n456-1,,,,,,,,,0
15,15,59.0,0.25,59.0,0.25,2832,12,70,1,n449-1,,,,,,,,,0
15,15,59.0,0.25,59.0,0.25,2832,12,67,1,n448-1,,,,,,,,,0
15,15,59.0,0.5,59.0,0.5,2832,24,58,5,n457-1,,,,,,,,,0
15,15,59.0,1.0,59.0,1.0,2832,48,55,6,n460-1,ii,0.5,4/4,Bb,V,ii,ii,m,1
15,15,59.25,0.25,59.25,0.25,2844,12,70,1,n450-1,,,,,,,,,0
15,15,59.5,0.5,59.5,0.5,2856,24,64,5,n458-1,V64,0.5,4/4,Bb,V,V64,V,M,1
15,15,59.5,0.25,59.5,0.25,2856,12,72,1,n451-1,,,,,,,,,0
15,15,59.75,0.25,59.75,0.25,2868,12,74,1,n452-1,,,,,,,,,0
16,16,60.0,0.5,60.0,0.5,2880,24,57,6,n493-1,I6,0.5,4/4,Bb,V,I6,I,M,1
16,16,60.0,0.5,60.0,0.5,2880,24,65,5,n483-1,,,,,,,,,0
16,16,60.0,0.16666667,60.0,0.16666667,2880,8,72,1,n461-1,,,,,,,,,0
16,16,60.166668,0.16666667,60.166668,0.16666667,2888,8,77,1,n462-1,,,,,,,,,0
16,16,60.333332,0.16666667,60.333332,0.16666667,2896,8,69,1,n463-1,,,,,,,,,0
16,16,60.5,0.5,60.5,0.5,2904,24,58,6,n494-1,ii6,0.5,4/4,Bb,V,ii6,ii,m,1
16,16,60.5,0.5,60.5,0.5,2904,24,62,5,n484-1,,,,,,,,,0
16,16,60.5,0.16666667,60.5,0.16666667,2904,8,67,1,n464-1,,,,,,,,,0
16,16,60.666668,0.16666667,60.666668,0.16666667,2912,8,70,1,n465-1,,,,,,,,,0
16,16,60.833332,0.16666667,60.833332,0.16666667,2920,8,74,1,n466-1,,,,,,,,,0
16,16,61.0,0.5,61.0,0.5,2928,24,65,1,n467-1,,,,,,,,,0
16,16,61.0,1.0,61.0,1.0,2928,48,48,6,n495-1,V(64),0.5,4/4,Bb,V,V(64),V,M,1
16,16,61.0,0.5,61.0,0.5,2928,24,57,5,n485-1,,,,,,,,,0
16,16,61.5,0.5,61.5,0.5,2952,24,64,1,n468-1,,,,,,,,,0
16,16,61.5,0.5,61.5,0.5,2952,24,55,5,n486-1,V|HC,0.5,4/4,Bb,V,V,V,M,1
16,16,62.0,0.0,62.0,0.0,2976,0,69,1,n469-1,I}{,0.75,4/4,Bb,V,I,I,M,1
16,16,62.0,0.6875,62.0,0.6875,2976,33,81,1,n470-1,,,,,,,,,0
16,16,62.25,0.25,62.25,0.25,2988,12,53,5,n487-1,,,,,,,,,0
16,16,62.5,0.25,62.5,0.25,3000,12,57,5,n488-1,,,,,,,,,0
16,16,62.6875,0.0625,62.6875,0.0625,3009,3,77,1,n472-1,,,,,,,,,0
16,16,62.75,0.25,62.75,0.25,3012,12,62,5,n489-1,vi,0.25,4/4,Bb,V,vi,vi,m,1
16,16,62.75,0.125,62.75,0.125,3012,6,77,1,n473-1,,,,,,,,,0
16,16,62.875,0.0625,62.875,0.0625,3018,3,76,1,n474-1,,,,,,,,,0
16,16,62.9375,0.0625,62.9375,0.0625,3021,3,77,1,n475-1,,,,,,,,,0
16,16,63.0,0.0,63.0,0.0,3024,0,70,1,n476-1,viio6,1.0,4/4,Bb,V,viio6,vii,o,1
16,16,63.0,0.6875,63.0,0.6875,3024,33,82,1,n477-1,,,,,,,,,0
16,16,63.25,0.25,63.25,0.25,3036,12,55,5,n490-1,,,,,,,,,0
16,16,63.5,0.25,63.5,0.25,3048,12,58,5,n491-1,,,,,,,,,0
16,16,63.6875,0.0625,63.6875,0.0625,3057,3,79,1,n479-1,,,,,,,,,0
16,16,63.75,0.25,63.75,0.25,3060,12,64,5,n492-1,,,,,,,,,0
16,16,63.75,0.125,63.75,0.125,3060,6,79,1,n480-1,,,,,,,,,0
16,16,63.875,0.0625,63.875,0.0625,3066,3,78,1,n481-1,,,,,,,,,0
16,16,63.9375,0.0625,63.9375,0.0625,3069,3,79,1,n482-1,,,,,,,,,0
17,17,64.0,0.375,64.0,0.375,3072,18,84,1,n496-1,I6,1.5,4/4,Bb,V,I6,I,M,1
17,17,64.25,0.25,64.25,0.25,3084,12,57,5,n518-1,,,,,,,,,0
17,17,64.375,0.125,64.375,0.125,3090,6,81,1,n497-1,,,,,,,,,0
17,17,64.5,0.25,64.5,0.25,3096,12,60,5,n519-1,,,,,,,,,0
17,17,64.5,0.75,64.5,0.75,3096,36,77,1,n498-1,,,,,,,,,0
17,17,64.75,1.25,64.75,1.25,3108,60,65,5,n520-1,,,,,,,,,0
17,17,65.0,1.0,65.0,1.0,3120,48,57,7,n531-1,,,,,,,,,0
17,17,65.25,0.25,65.25,0.25,3132,12,75,1,n500-1,,,,,,,,,0
17,17,65.5,0.25,65.5,0.25,3144,12,74,1,n501-1,,,,,,,,,0
17,17,65.5,0.5,65.5,0.5,3144,24,63,6,n528-1,V65/IV,0.5,4/4,Bb,V,V65/IV,V,Mm7,1
17,17,65.75,0.25,65.75,0.25,3156,12,73,1,n502-1,,,,,,,,,0
17,17,66.0,0.5,66.0,0.5,3168,24,58,6,n529-1,IV,1.0,4/4,Bb,V,IV,IV,M,1
17,17,66.0,0.5,66.0,0.5,3168,24,62,5,n522-1,,,,,,,,,0
17,17,66.0,0.5,66.0,0.5,3168,24,65,5,n523-1,,,,,,,,,0
17,17,66.0,0.25,66.0,0.25,3168,12,74,1,n503-1,,,,,,,,,0
17,17,66.25,0.125,66.25,0.125,3180,6,76,1,n504-1,,,,,,,,,0
17,17,66.375,0.125,66.375,0.125,3186,6,78,1,n505-1,,,,,,,,,0
17,17,66.5,0.125,66.5,0.125,3192,6,79,1,n506-1,,,,,,,,,0
17,17,66.625,0.125,66.625,0.125,3198,6,81,1,n507-1,,,,,,,,,0
17,17,66.75,0.125,66.75,0.125,3204,6,82,1,n508-1,,,,,,,,,0
17,17,66.875,0.125,66.875,0.125,3210,6,85,1,n509-1,,,,,,,,,0
17,17,67.0,0.5,67.0,0.5,3216,24,58,5,n524-1,ii6,1.0,4/4,Bb,V,ii6,ii,m,1
17,17,67.0,0.5,67.0,0.5,3216,24,62,5,n525-1,,,,,,,,,0
17,17,67.0,0.5,67.0,0.5,3216,24,67,5,n526-1,,,,,,,,,0
17,17,67.0,0.125,67.0,0.125,3216,6,86,1,n510-1,,,,,,,,,0
17,17,67.125,0.125,67.125,0.125,3222,6,84,1,n511-1,,,,,,,,,0
17,17,67.25,0.125,67.25,0.125,3228,6,82,1,n512-1,,,,,,,,,0
17,17,67.375,0.125,67.375,0.125,3234,6,81,1,n513-1,,,,,,,,,0
17,17,67.5,0.125,67.5,0.125,3240,6,79,1,n514-1,,,,,,,,,0
17,17,67.625,0.125,67.625,0.125,3246,6,77,1,n515-1,,,,,,,,,0
17,17,67.75,0.125,67.75,0.125,3252,6,76,1,n516-1,,,,,,,,,0
17,17,67.875,0.125,67.875,0.125,3258,6,74,1,n517-1,,,,,,,,,0
18,18,68.0,0.25,68.0,0.25,3264,12,48,5,n545-1,V(64),2.0,4/4,Bb,V,V(64),V,M,1
18,18,68.0,0.5,68.0,0.5,3264,24,72,1,n532-1,,,,,,,,,0
18,18,68.25,0.25,68.25,0.25,3276,12,57,5,n546-1,,,,,,,,,0
18,18,68.5,0.6666667,68.5,0.6666667,3288,32,84,1,n533-1,,,,,,,,,0
18,18,68.5,0.25,68.5,0.25,3288,12,53,5,n547-1,,,,,,,,,0
18,18,68.75,0.25,68.75,0.25,3300,12,57,5,n548-1,,,,,,,,,0
18,18,69.0,0.25,69.0,0.25,3312,12,48,5,n549-1,,,,,,,,,0
18,18,69.166664,0.16666667,69.166664,0.16666667,3320,8,81,1,n535-1,,,,,,,,,0
18,18,69.25,0.25,69.25,0.25,3324,12,57,5,n550-1,,,,,,,,,0
18,18,69.333336,0.16666667,69.333336,0.16666667,3328,8,77,1,n536-1,,,,,,,,,0
18,18,69.5,0.25,69.5,0.25,3336,12,53,5,n551-1,,,,,,,,,0
18,18,69.5,0.125,69.5,0.125,3336,6,72,1,n537-1,,,,,,,,,0
18,18,69.625,0.125,69.625,0.125,3342,6,69,1,n538-1,,,,,,,,,0
18,18,69.75,0.125,69.75,0.125,3348,6,77,1,n539-1,,,,,,,,,0
18,18,69.75,0.25,69.75,0.25,3348,12,57,5,n552-1,,,,,,,,,0
18,18,69.9375,0.0625,69.9375,0.0625,3357,3,65,1,n541-1,,,,,,,,,0
18,18,70.0,0.25,70.0,0.25,3360,12,48,5,n553-1,V7,2.0,4/4,Bb,V,V7,V,Mm7,1
18,18,70.0,2.0,70.0,2.0,3360,96,67,1,n542-1,,,,,,,,,0
18,18,70.25,0.25,70.25,0.25,3372,12,58,5,n554-1,,,,,,,,,0
18,18,70.5,0.25,70.5,0.25,3384,12,52,5,n555-1,,,,,,,,,0
18,18,70.75,0.25,70.75,0.25,3396,12,58,5,n556-1,,,,,,,,,0
18,18,71.0,0.25,71.0,0.25,3408,12,48,5,n557-1,,,,,,,,,0
18,18,71.25,0.25,71.25,0.25,3420,12,58,5,n558-1,,,,,,,,,0
18,18,71.5,0.25,71.5,0.25,3432,12,52,5,n559-1,,,,,,,,,0
18,18,71.75,0.25,71.75,0.25,3444,12,58,5,n560-1,,,,,,,,,0
19,19,72.0,4.0,72.0,4.0,3456,192,53,6,n590-1,I[I|PAC}{,0.75,4/4,Bb,V,I,I,M,1
19,19,72.0,0.25,72.0,0.25,3456,12,57,5,n578-1,,,,,,,,,0
18,18,72.0,0.0,72.0,0.0,3456,0,65,1,n543-1,,,,,,,,,0
19,19,72.0,0.5,72.0,0.5,3456,24,65,1,n561-1,,,,,,,,,0
18,18,72.0,0.0,72.0,0.0,3456,0,67,1,n544-1,,,,,,,,,0
19,19,72.25,0.25,72.25,0.25,3468,12,60,5,n579-1,,,,,,,,,0
19,19,72.5,0.25,72.5,0.25,3480,12,65,5,n580-1,,,,,,,,,0
19,19,72.625,0.125,72.625,0.125,3486,6,77,1,n563-1,,,,,,,,,0
19,19,72.75,0.25,72.75,0.25,3492,12,63,5,n581-1,V7/IV,0.25,4/4,Bb,V,V7/IV,V,Mm7,1
19,19,72.75,0.25,72.75,0.25,3492,12,77,1,n564-1,,,,,,,,,0
19,19,73.0,0.5,73.0,0.5,3504,24,62,5,n582-1,IV6,0.5,4/4,Bb,V,IV6,IV,M,1
19,19,73.0,0.25,73.0,0.25,3504,12,84,1,n565-1,,,,,,,,,0
19,19,73.25,0.25,73.25,0.25,3516,12,82,1,n566-1,,,,,,,,,0
19,19,73.5,0.5,73.5,0.5,3528,24,58,5,n583-1,ii6,0.5,4/4,Bb,V,ii6,ii,m,1
19,19,73.5,0.25,73.5,0.25,3528,12,81,1,n567-1,,,,,,,,,0
19,19,73.75,0.25,73.75,0.25,3540,12,79,1,n568-1,,,,,,,,,0
19,19,74.0,0.25,74.0,0.25,3552,12,79,1,n569-1,,,,,,,,,0
19,19,74.0,0.25,74.0,0.25,3552,12,57,5,n584-1,I6,0.75,4/4,Bb,V,I6,I,M,1
19,19,74.25,0.25,74.25,0.25,3564,12,60,5,n585-1,,,,,,,,,0
19,19,74.25,0.25,74.25,0.25,3564,12,77,1,n570-1,,,,,,,,,0
19,19,74.5,0.25,74.5,0.25,3576,12,65,5,n586-1,,,,,,,,,0
19,19,74.625,0.125,74.625,0.125,3582,6,77,1,n572-1,,,,,,,,,0
19,19,74.75,0.25,74.75,0.25,3588,12,63,5,n587-1,V7/IV,0.25,4/4,Bb,V,V7/IV,V,Mm7,1
19,19,74.75,0.25,74.75,0.25,3588,12,77,1,n573-1,,,,,,,,,0
19,19,75.0,0.5,75.0,0.5,3600,24,62,5,n588-1,IV6,0.5,4/4,Bb,V,IV6,IV,M,1
19,19,75.0,0.25,75.0,0.25,3600,12,84,1,n574-1,,,,,,,,,0
19,19,75.25,0.25,75.25,0.25,3612,12,82,1,n575-1,,,,,,,,,0
19,19,75.5,0.5,75.5,0.5,3624,24,58,5,n589-1,ii6,0.5,4/4,Bb,V,ii6,ii,m,1
19,19,75.5,0.25,75.5,0.25,3624,12,81,1,n576-1,,,,,,,,,0
19,19,75.75,0.25,75.75,0.25,3636,12,79,1,n577-1,,,,,,,,,0
20,20,76.0,0.5,76.0,0.5,3648,24,77,1,n593-1,,,,,,,,,0
20,20,76.0,0.25,76.0,0.25,3648,12,57,5,n607-1,,,,,,,,,0
20,20,76.0,0.0,76.0,0.0,3648,0,79,1,n592-1,,,,,,,,,0
20,20,76.0,0.25,76.0,0.25,3648,12,53,5,n606-1,I6],1.0,4/4,Bb,V,I6,I,M,1
20,20,76.0,3.0,76.0,3.0,3648,144,53,6,n625-1,,,,,,,,,0
20,20,76.25,0.25,76.25,0.25,3660,12,58,5,n609-1,,,,,,,,,0
20,20,76.25,0.25,76.25,0.25,3660,12,55,5,n608-1,,,,,,,,,0
20,20,76.5,0.25,76.5,0.25,3672,12,57,5,n610-1,,,,,,,,,0
20,20,76.5,0.25,76.5,0.25,3672,12,60,5,n611-1,,,,,,,,,0
20,20,76.5,0.5,76.5,0.5,3672,24,77,1,n594-1,,,,,,,,,0
20,20,76.75,0.25,76.75,0.25,3684,12,58,5,n612-1,,,,,,,,,0
20,20,76.75,0.25,76.75,0.25,3684,12,62,5,n613-1,,,,,,,,,0
20,20,77.0,0.25,77.0,0.25,3696,12,60,5,n614-1,I.V7},3.0,4/4,Bb,I,V7,V,Mm7,1
20,20,77.0,0.25,77.0,0.25,3696,12,63,5,n615-1,,,,,,,,,0
20,20,77.0,0.5,77.0,0.5,3696,24,77,1,n595-1,,,,,,,,,0
20,20,77.25,0.25,77.25,0.25,3708,12,59,5,n616-1,,,,,,,,,0
20,20,77.25,0.25,77.25,0.25,3708,12,62,5,n617-1,,,,,,,,,0
20,20,77.5,0.25,77.5,0.25,3720,12,60,5,n618-1,,,,,,,,,0
20,20,77.5,0.25,77.5,0.25,3720,12,63,5,n619-1,,,,,,,,,0
20,20,77.5,0.5,77.5,0.5,3720,24,77,1,n596-1,,,,,,,,,0
20,20,77.75,0.25,77.75,0.25,3732,12,59,5,n620-1,,,,,,,,,0
20,20,77.75,0.25,77.75,0.25,3732,12,62,5,n621-1,,,,,,,,,0
20,20,78.0,1.0,78.0,1.0,3744,48,63,5,n623-1,,,,,,,,,0
20,20,78.0,1.0,78.0,1.0,3744,48,77,1,n597-1,,,,,,,,,0
20,20,78.0,1.0,78.0,1.0,3744,48,60,5,n622-1,,,,,,,,,0
20,20,79.0,0.125,79.0,0.125,3792,6,76,1,n598-1,,,,,,,,,0
20,20,79.125,0.125,79.125,0.125,3798,6,77,1,n599-1,,,,,,,,,0
20,20,79.25,0.125,79.25,0.125,3804,6,79,1,n600-1,,,,,,,,,0
20,20,79.375,0.125,79.375,0.125,3810,6,77,1,n601-1,,,,,,,,,0
20,20,79.5,0.125,79.5,0.125,3816,6,77,1,n602-1,,,,,,,,,0
20,20,79.625,0.125,79.625,0.125,3822,6,75,1,n603-1,,,,,,,,,0
20,20,79.75,0.125,79.75,0.125,3828,6,74,1,n604-1,,,,,,,,,0
20,20,79.875,0.125,79.875,0.125,3834,6,72,1,n605-1,,,,,,,,,0
21,21,80.0,0.25,80.0,0.25,3840,12,58,5,n638-1,I{,2.0,4/4,Bb,I,I,I,M,1
21,21,80.0,1.0,80.0,1.0,3840,48,70,1,n627-1,,,,,,,,,0
21,21,80.25,0.25,80.25,0.25,3852,12,65,5,n639-1,,,,,,,,,0
21,21,80.5,0.25,80.5,0.25,3864,12,62,5,n640-1,,,,,,,,,0
21,21,80.75,0.25,80.75,0.25,3876,12,65,5,n641-1,,,,,,,,,0
21,21,81.0,0.25,81.0,0.25,3888,12,58,5,n642-1,,,,,,,,,0
21,21,81.0,0.75,81.0,0.75,3888,36,74,1,n628-1,,,,,,,,,0
21,21,81.25,0.25,81.25,0.25,3900,12,65,5,n643-1,,,,,,,,,0
21,21,81.5,0.25,81.5,0.25,3912,12,62,5,n644-1,,,,,,,,,0
21,21,81.75,0.25,81.75,0.25,3924,12,75,1,n633-1,,,,,,,,,0
21,21,81.75,0.0,81.75,0.0,3924,0,75,1,n629-1,,,,,,,,,0
21,21,81.75,0.0,81.75,0.0,3924,0,74,1,n632-1,,,,,,,,,0
21,21,81.75,0.25,81.75,0.25,3924,12,65,5,n645-1,,,,,,,,,0
21,21,81.75,0.0,81.75,0.0,3924,0,72,1,n631-1,,,,,,,,,0
21,21,81.75,0.0,81.75,0.0,3924,0,74,1,n630-1,,,,,,,,,0
21,21,82.0,0.25,82.0,0.25,3936,12,57,5,n646-1,V6(#14),0.75,4/4,Bb,I,V6(#14),V,M,1
21,21,82.0,0.75,82.0,0.75,3936,36,76,1,n634-1,,,,,,,,,0
21,21,82.25,0.25,82.25,0.25,3948,12,65,5,n647-1,,,,,,,,,0
21,21,82.5,0.25,82.5,0.25,3960,12,60,5,n648-1,,,,,,,,,0
21,21,82.75,0.25,82.75,0.25,3972,12,65,5,n649-1,V6,1.25,4/4,Bb,I,V6,V,M,1
21,21,82.75,0.25,82.75,0.25,3972,12,77,1,n635-1,,,,,,,,,0
21,21,83.0,0.25,83.0,0.25,3984,12,57,5,n650-1,,,,,,,,,0
21,21,83.0,0.5,83.0,0.5,3984,24,72,1,n636-1,,,,,,,,,0
21,21,83.25,0.25,83.25,0.25,3996,12,65,5,n651-1,,,,,,,,,0
21,21,83.5,0.25,83.5,0.25,4008,12,60,5,n652-1,,,,,,,,,0
21,21,83.75,0.25,83.75,0.25,4020,12,65,5,n653-1,,,,,,,,,0
22,22,84.0,0.25,84.0,0.25,4032,12,55,5,n670-1,IV6,1.0,4/4,Bb,I,IV6,IV,M,1
22,22,84.0,0.75,84.0,0.75,4032,36,75,1,n654-1,,,,,,,,,0
22,22,84.25,0.25,84.25,0.25,4044,12,63,5,n671-1,,,,,,,,,0
22,22,84.5,0.25,84.5,0.25,4056,12,58,5,n672-1,,,,,,,,,0
22,22,84.75,0.25,84.75,0.25,4068,12,77,1,n659-1,,,,,,,,,0
22,22,84.75,0.0,84.75,0.0,4068,0,77,1,n655-1,,,,,,,,,0
22,22,84.75,0.0,84.75,0.0,4068,0,75,1,n658-1,,,,,,,,,0
22,22,84.75,0.0,84.75,0.0,4068,0,75,1,n656-1,,,,,,,,,0
22,22,84.75,0.0,84.75,0.0,4068,0,74,1,n657-1,,,,,,,,,0
22,22,84.75,0.25,84.75,0.25,4068,12,63,5,n673-1,,,,,,,,,0
22,22,85.0,0.25,85.0,0.25,4080,12,51,5,n674-1,IV,1.0,4/4,Bb,I,IV,IV,M,1
22,22,85.0,0.75,85.0,0.75,4080,36,79,1,n660-1,,,,,,,,,0
22,22,85.25,0.25,85.25,0.25,4092,12,58,5,n675-1,,,,,,,,,0
22,22,85.5,0.25,85.5,0.25,4104,12,55,5,n676-1,,,,,,,,,0
22,22,85.75,0.25,85.75,0.25,4116,12,58,5,n677-1,,,,,,,,,0
22,22,85.75,0.0,85.75,0.0,4116,0,77,1,n663-1,,,,,,,,,0
22,22,85.75,0.0,85.75,0.0,4116,0,79,1,n662-1,,,,,,,,,0
22,22,85.75,0.0,85.75,0.0,4116,0,79,1,n664-1,,,,,,,,,0
22,22,85.75,0.0,85.75,0.0,4116,0,81,1,n661-1,,,,,,,,,0
22,22,85.75,0.25,85.75,0.25,4116,12,81,1,n665-1,,,,,,,,,0
22,22,86.0,0.25,86.0,0.25,4128,12,50,5,n678-1,I6(14),0.75,4/4,Bb,I,I6(14),I,M,1
22,22,86.0,0.75,86.0,0.75,4128,36,81,1,n666-1,,,,,,,,,0
22,22,86.25,0.25,86.25,0.25,4140,12,58,5,n679-1,,,,,,,,,0
22,22,86.5,0.25,86.5,0.25,4152,12,53,5,n680-1,,,,,,,,,0
22,22,86.75,0.25,86.75,0.25,4164,12,82,1,n667-1,,,,,,,,,0
22,22,86.75,0.25,86.75,0.25,4164,12,58,5,n681-1,I6,1.25,4/4,Bb,I,I6,I,M,1
22,22,87.0,0.25,87.0,0.25,4176,12,50,5,n682-1,,,,,,,,,0
22,22,87.0,0.5,87.0,0.5,4176,24,77,1,n668-1,,,,,,,,,0
22,22,87.25,0.25,87.25,0.25,4188,12,58,5,n683-1,,,,,,,,,0
22,22,87.5,0.25,87.5,0.25,4200,12,53,5,n684-1,,,,,,,,,0
22,22,87.75,0.25,87.75,0.25,4212,12,58,5,n685-1,,,,,,,,,0
23,23,88.0,0.25,88.0,0.25,4224,12,51,5,n701-1,IV,0.5,4/4,Bb,I,IV,IV,M,1
23,23,88.0,0.75,88.0,0.75,4224,36,79,1,n686-1,,,,,,,,,0
23,23,88.25,0.25,88.25,0.25,4236,12,55,5,n702-1,,,,,,,,,0
23,23,88.5,0.25,88.5,0.25,4248,12,51,5,n703-1,ii6(#7),0.5,4/4,Bb,I,ii6(#7),ii,m,1
23,23,88.75,0.25,88.75,0.25,4260,12,59,5,n704-1,,,,,,,,,0
23,23,88.75,0.125,88.75,0.125,4260,6,80,1,n687-1,,,,,,,,,0
23,23,88.875,0.125,88.875,0.125,4266,6,79,1,n688-1,,,,,,,,,0
23,23,89.0,0.25,89.0,0.25,4272,12,51,5,n705-1,ii6,1.0,4/4,Bb,I,ii6,ii,m,1
23,23,89.0,0.25,89.0,0.25,4272,12,77,1,n689-1,,,,,,,,,0
23,23,89.25,0.25,89.25,0.25,4284,12,60,5,n706-1,,,,,,,,,0
23,23,89.25,0.25,89.25,0.25,4284,12,75,1,n690-1,,,,,,,,,0
23,23,89.5,0.25,89.5,0.25,4296,12,74,1,n691-1,,,,,,,,,0
23,23,89.5,0.25,89.5,0.25,4296,12,51,5,n707-1,,,,,,,,,0
23,23,89.75,0.25,89.75,0.25,4308,12,63,5,n708-1,,,,,,,,,0
23,23,89.75,0.25,89.75,0.25,4308,12,72,1,n692-1,,,,,,,,,0
23,23,90.0,0.25,90.0,0.25,4320,12,50,5,n709-1,iii,1.0,4/4,Bb,I,iii,iii,m,1
23,23,90.0,0.25,90.0,0.25,4320,12,76,1,n693-1,,,,,,,,,0
23,23,90.25,0.25,90.25,0.25,4332,12,53,5,n710-1,,,,,,,,,0
23,23,90.25,0.5,90.25,0.5,4332,24,77,1,n694-1,,,,,,,,,0
23,23,90.5,0.25,90.5,0.25,4344,12,50,5,n711-1,,,,,,,,,0
23,23,90.75,0.25,90.75,0.25,4356,12,57,5,n712-1,,,,,,,,,0
23,23,90.75,0.125,90.75,0.125,4356,6,79,1,n695-1,,,,,,,,,0
23,23,90.875,0.125,90.875,0.125,4362,6,77,1,n696-1,,,,,,,,,0
23,23,91.0,0.25,91.0,0.25,4368,12,50,5,n713-1,I6,1.0,4/4,Bb,I,I6,I,M,1
23,23,91.0,0.25,91.0,0.25,4368,12,75,1,n697-1,,,,,,,,,0
23,23,91.25,0.25,91.25,0.25,4380,12,58,5,n714-1,,,,,,,,,0
23,23,91.25,0.25,91.25,0.25,4380,12,74,1,n698-1,,,,,,,,,0
23,23,91.5,0.25,91.5,0.25,4392,12,50,5,n715-1,,,,,,,,,0
23,23,91.5,0.25,91.5,0.25,4392,12,72,1,n699-1,,,,,,,,,0
23,23,91.75,0.25,91.75,0.25,4404,12,70,1,n700-1,,,,,,,,,0
23,23,91.75,0.25,91.75,0.25,4404,12,62,5,n716-1,,,,,,,,,0
24,24,92.0,0.125,92.0,0.125,4416,6,77,1,n717-1,,,,,,,,,0
24,24,92.0,0.25,92.0,0.25,4416,12,57,5,n732-1,V65,1.0,4/4,Bb,I,V65,V,Mm7,1
24,24,92.125,0.125,92.125,0.125,4422,6,76,1,n718-1,,,,,,,,,0
24,24,92.25,0.25,92.25,0.25,4428,12,65,5,n733-1,,,,,,,,,0
24,24,92.25,0.5,92.25,0.5,4428,24,75,1,n719-1,,,,,,,,,0
24,24,92.5,0.25,92.5,0.25,4440,12,60,5,n734-1,,,,,,,,,0
24,24,92.75,0.25,92.75,0.25,4452,12,65,5,n735-1,,,,,,,,,0
24,24,92.75,0.25,92.75,0.25,4452,12,72,1,n720-1,,,,,,,,,0
24,24,93.0,0.25,93.0,0.25,4464,12,58,5,n736-1,I,1.0,4/4,Bb,I,I,I,M,1
24,24,93.0,0.125,93.0,0.125,4464,6,75,1,n721-1,,,,,,,,,0
24,24,93.125,0.125,93.125,0.125,4470,6,73,1,n722-1,,,,,,,,,0
24,24,93.25,0.25,93.25,0.25,4476,12,65,5,n737-1,,,,,,,,,0
24,24,93.25,0.5,93.25,0.5,4476,24,74,1,n723-1,,,,,,,,,0
24,24,93.5,0.25,93.5,0.25,4488,12,62,5,n738-1,,,,,,,,,0
24,24,93.75,0.25,93.75,0.25,4500,12,65,5,n739-1,,,,,,,,,0
24,24,93.75,0.25,93.75,0.25,4500,12,70,1,n724-1,,,,,,,,,0
24,24,94.0,0.25,94.0,0.25,4512,12,53,5,n740-1,V(64)},1.0,4/4,Bb,I,V(64),V,M,1
24,24,94.0,0.75,94.0,0.75,4512,36,74,1,n725-1,,,,,,,,,0
24,24,94.25,0.25,94.25,0.25,4524,12,62,5,n741-1,,,,,,,,,0
24,24,94.5,0.25,94.5,0.25,4536,12,58,5,n742-1,,,,,,,,,0
24,24,94.75,0.25,94.75,0.25,4548,12,62,5,n743-1,,,,,,,,,0
24,24,94.75,0.125,94.75,0.125,4548,6,75,1,n726-1,,,,,,,,,0
24,24,94.875,0.125,94.875,0.125,4554,6,74,1,n727-1,,,,,,,,,0
24,24,95.0,0.5,95.0,0.5,4560,24,53,5,n744-1,V|HC,1.0,4/4,Bb,I,V,V,M,1
24,24,95.0,0.5,95.0,0.5,4560,24,57,5,n745-1,,,,,,,,,0
24,24,95.0,0.5,95.0,0.5,4560,24,60,5,n746-1,,,,,,,,,0
24,24,95.0,0.25,95.0,0.25,4560,12,73,1,n728-1,,,,,,,,,0
24,24,95.25,0.25,95.25,0.25,4572,12,77,1,n729-1,,,,,,,,,0
24,24,95.5,0.25,95.5,0.25,4584,12,75,1,n730-1,,,,,,,,,0
24,24,95.75,0.25,95.75,0.25,4596,12,73,1,n731-1,,,,,,,,,0
25,25,96.0,0.25,96.0,0.25,4608,12,58,5,n764-1,i{,2.0,4/4,Bb,I,i,i,m,1
25,25,96.0,0.75,96.0,0.75,4608,36,70,1,n748-1,,,,,,,,,0
25,25,96.25,0.25,96.25,0.25,4620,12,65,5,n765-1,,,,,,,,,0
25,25,96.5,0.25,96.5,0.25,4632,12,61,5,n766-1,,,,,,,,,0
25,25,96.75,0.0,96.75,0.0,4644,0,72,1,n749-1,,,,,,,,,0
25,25,96.75,0.25,96.75,0.25,4644,12,72,1,n753-1,,,,,,,,,0
25,25,96.75,0.0,96.75,0.0,4644,0,70,1,n752-1,,,,,,,,,0
25,25,96.75,0.0,96.75,0.0,4644,0,70,1,n750-1,,,,,,,,,0
25,25,96.75,0.0,96.75,0.0,4644,0,69,1,n751-1,,,,,,,,,0
25,25,96.75,0.25,96.75,0.25,4644,12,65,5,n767-1,,,,,,,,,0
25,25,97.0,0.25,97.0,0.25,4656,12,58,5,n768-1,,,,,,,,,0
25,25,97.0,0.75,97.0,0.75,4656,36,73,1,n754-1,,,,,,,,,0
25,25,97.25,0.25,97.25,0.25,4668,12,65,5,n769-1,,,,,,,,,0
25,25,97.5,0.25,97.5,0.25,4680,12,61,5,n770-1,,,,,,,,,0
25,25,97.75,0.0,97.75,0.0,4692,0,75,1,n755-1,,,,,,,,,0
25,25,97.75,0.25,97.75,0.25,4692,12,75,1,n759-1,,,,,,,,,0
25,25,97.75,0.0,97.75,0.0,4692,0,73,1,n756-1,,,,,,,,,0
25,25,97.75,0.0,97.75,0.0,4692,0,72,1,n757-1,,,,,,,,,0
25,25,97.75,0.25,97.75,0.25,4692,12,65,5,n771-1,,,,,,,,,0
25,25,97.75,0.0,97.75,0.0,4692,0,73,1,n758-1,,,,,,,,,0
25,25,98.0,0.25,98.0,0.25,4704,12,56,5,n772-1,v6(#14),0.75,4/4,Bb,I,v6(#14),v,m,1
25,25,98.0,0.75,98.0,0.75,4704,36,76,1,n760-1,,,,,,,,,0
25,25,98.25,0.25,98.25,0.25,4716,12,65,5,n773-1,,,,,,,,,0
25,25,98.5,0.25,98.5,0.25,4728,12,60,5,n774-1,,,,,,,,,0
25,25,98.75,0.25,98.75,0.25,4740,12,77,1,n761-1,,,,,,,,,0
25,25,98.75,0.25,98.75,0.25,4740,12,65,5,n775-1,v6,1.25,4/4,Bb,I,v6,v,m,1
25,25,99.0,0.25,99.0,0.25,4752,12,56,5,n776-1,,,,,,,,,0
25,25,99.0,0.5,99.0,0.5,4752,24,72,1,n762-1,,,,,,,,,0
25,25,99.25,0.25,99.25,0.25,4764,12,65,5,n777-1,,,,,,,,,0
25,25,99.5,0.25,99.5,0.25,4776,12,60,5,n778-1,,,,,,,,,0
25,25,99.75,0.25,99.75,0.25,4788,12,65,5,n779-1,,,,,,,,,0
26,26,100.0,0.25,100.0,0.25,4800,12,54,5,n796-1,iv6,1.0,4/4,Bb,I,iv6,iv,m,1
26,26,100.0,0.75,100.0,0.75,4800,36,75,1,n780-1,,,,,,,,,0
26,26,100.25,0.25,100.25,0.25,4812,12,58,5,n797-1,,,,,,,,,0
26,26,100.5,0.25,100.5,0.25,4824,12,54,5,n798-1,,,,,,,,,0
26,26,100.75,0.0,100.75,0.0,4836,0,77,1,n781-1,,,,,,,,,0
26,26,100.75,0.25,100.75,0.25,4836,12,58,5,n799-1,,,,,,,,,0
26,26,100.75,0.0,100.75,0.0,4836,0,74,1,n783-1,,,,,,,,,0
26,26,100.75,0.0,100.75,0.0,4836,0,75,1,n782-1,,,,,,,,,0
26,26,100.75,0.0,100.75,0.0,4836,0,75,1,n784-1,,,,,,,,,0
26,26,100.75,0.25,100.75,0.25,4836,12,77,1,n785-1,,,,,,,,,0
26,26,101.0,0.75,101.0,0.75,4848,36,78,1,n786-1,,,,,,,,,0
26,26,101.0,0.25,101.0,0.25,4848,12,51,5,n800-1,iv,1.0,4/4,Bb,I,iv,iv,m,1
26,26,101.25,0.25,101.25,0.25,4860,12,58,5,n801-1,,,,,,,,,0
26,26,101.5,0.25,101.5,0.25,4872,12,54,5,n802-1,,,,,,,,,0
26,26,101.75,0.25,101.75,0.25,4884,12,58,5,n803-1,,,,,,,,,0
26,26,101.75,0.0,101.75,0.0,4884,0,77,1,n789-1,,,,,,,,,0
26,26,101.75,0.0,101.75,0.0,4884,0,78,1,n788-1,,,,,,,,,0
26,26,101.75,0.0,101.75,0.0,4884,0,78,1,n790-1,,,,,,,,,0
26,26,101.75,0.25,101.75,0.25,4884,12,80,1,n791-1,,,,,,,,,0
26,26,101.75,0.0,101.75,0.0,4884,0,80,1,n787-1,,,,,,,,,0
26,26,102.0,0.25,102.0,0.25,4896,12,50,5,n804-1,I6(14),0.75,4/4,Bb,I,I6(14),I,M,1
26,26,102.0,0.75,102.0,0.75,4896,36,81,1,n792-1,,,,,,,,,0
26,26,102.25,0.25,102.25,0.25,4908,12,58,5,n805-1,,,,,,,,,0
26,26,102.5,0.25,102.5,0.25,4920,12,53,5,n806-1,,,,,,,,,0
26,26,102.75,0.25,102.75,0.25,4932,12,58,5,n807-1,I6,0.25,4/4,Bb,I,I6,I,M,1
26,26,102.75,0.25,102.75,0.25,4932,12,82,1,n793-1,,,,,,,,,0
26,26,103.0,0.25,103.0,0.25,4944,12,49,5,n808-1,i6,1.0,4/4,Bb,I,i6,i,m,1
26,26,103.0,0.5,103.0,0.5,4944,24,77,1,n794-1,,,,,,,,,0
26,26,103.25,0.25,103.25,0.25,4956,12,58,5,n809-1,,,,,,,,,0
26,26,103.5,0.25,103.5,0.25,4968,12,53,5,n810-1,,,,,,,,,0
26,26,103.75,0.25,103.75,0.25,4980,12,58,5,n811-1,,,,,,,,,0
27,27,104.0,1.25,104.0,1.25,4992,60,85,1,n813-1,,,,,,,,,0
27,27,104.0,0.0,104.0,0.0,4992,0,76,1,n812-1,,,,,,,,,0
27,27,104.0,0.25,104.0,0.25,4992,12,48,5,n826-1,V.V7(b9),1.0,4/4,Bb,V,V7(b9),V,Mm7,1
27,27,104.25,0.25,104.25,0.25,5004,12,58,5,n827-1,,,,,,,,,0
27,27,104.5,0.25,104.5,0.25,5016,12,55,5,n828-1,,,,,,,,,0
27,27,104.75,0.25,104.75,0.25,5028,12,58,5,n829-1,,,,,,,,,0
27,27,105.0,0.25,105.0,0.25,5040,12,48,5,n830-1,V7,1.0,4/4,Bb,V,V7,V,Mm7,1
27,27,105.25,0.25,105.25,0.25,5052,12,58,5,n831-1,,,,,,,,,0
27,27,105.25,0.25,105.25,0.25,5052,12,82,1,n816-1,,,,,,,,,0
27,27,105.25,0.0,105.25,0.0,5052,0,84,1,n815-1,,,,,,,,,0
27,27,105.5,0.0,105.5,0.0,5064,0,80,1,n817-1,,,,,,,,,0
27,27,105.5,0.25,105.5,0.25,5064,12,55,5,n832-1,,,,,,,,,0
27,27,105.5,0.25,105.5,0.25,5064,12,79,1,n818-1,,,,,,,,,0
27,27,105.75,0.25,105.75,0.25,5076,12,58,5,n833-1,,,,,,,,,0
27,27,105.75,0.25,105.75,0.25,5076,12,76,1,n820-1,,,,,,,,,0
27,27,105.75,0.0,105.75,0.0,5076,0,77,1,n819-1,,,,,,,,,0
27,27,106.0,0.25,106.0,0.25,5088,12,49,5,n834-1,bVI(4),0.5,4/4,Bb,V,bVI(4),bVI,M,1
27,27,106.0,0.5,106.0,0.5,5088,24,79,1,n821-1,,,,,,,,,0
27,27,106.25,0.25,106.25,0.25,5100,12,56,5,n835-1,,,,,,,,,0
27,27,106.5,0.75,106.5,0.75,5112,36,77,1,n822-1,,,,,,,,,0
27,27,106.5,0.25,106.5,0.25,5112,12,53,5,n836-1,bVI,0.5,4/4,Bb,V,bVI,bVI,M,1
27,27,106.75,0.25,106.75,0.25,5124,12,56,5,n837-1,,,,,,,,,0
27,27,107.0,0.25,107.0,0.25,5136,12,46,5,n838-1,ii%65,1.0,4/4,Bb,V,ii%65,ii,%7,1
27,27,107.25,0.25,107.25,0.25,5148,12,55,5,n839-1,,,,,,,,,0
27,27,107.25,0.5,107.25,0.5,5148,24,75,1,n824-1,,,,,,,,,0
27,27,107.5,0.25,107.5,0.25,5160,12,49,5,n840-1,,,,,,,,,0
27,27,107.75,0.25,107.75,0.25,5172,12,55,5,n841-1,,,,,,,,,0
27,27,107.75,0.25,107.75,0.25,5172,12,73,1,n825-1,,,,,,,,,0
28,28,108.0,0.75,108.0,0.75,5184,36,72,1,n842-1,,,,,,,,,0
28,28,108.0,0.25,108.0,0.25,5184,12,48,5,n854-1,V(b64),1.0,4/4,Bb,V,V(b64),V,M,1
28,28,108.25,0.25,108.25,0.25,5196,12,56,5,n855-1,,,,,,,,,0
28,28,108.5,0.25,108.5,0.25,5208,12,53,5,n856-1,,,,,,,,,0
28,28,108.75,0.0,108.75,0.0,5220,0,73,1,n843-1,,,,,,,,,0
28,28,108.75,0.25,108.75,0.25,5220,12,56,5,n857-1,,,,,,,,,0
28,28,108.75,0.0,108.75,0.0,5220,0,70,1,n845-1,,,,,,,,,0
28,28,108.75,0.0,108.75,0.0,5220,0,72,1,n846-1,,,,,,,,,0
28,28,108.75,0.0,108.75,0.0,5220,0,72,1,n844-1,,,,,,,,,0
28,28,108.75,0.25,108.75,0.25,5220,12,73,1,n847-1,,,,,,,,,0
28,28,109.0,0.5,109.0,0.5,5232,24,65,1,n848-1,,,,,,,,,0
28,28,109.0,0.25,109.0,0.25,5232,12,48,5,n858-1,V7(4),0.5,4/4,Bb,V,V7(4),V,Mm7,1
28,28,109.25,0.25,109.25,0.25,5244,12,58,5,n859-1,,,,,,,,,0
28,28,109.5,0.25,109.5,0.25,5256,12,55,5,n860-1,V7,0.5,4/4,Bb,V,V7,V,Mm7,1
28,28,109.5,0.5,109.5,0.5,5256,24,64,2,n853-1,,,,,,,,,0
28,28,109.5,0.25,109.5,0.25,5256,12,68,1,n849-1,,,,,,,,,0
28,28,109.75,0.25,109.75,0.25,5268,12,58,5,n861-1,,,,,,,,,0
28,28,109.75,0.25,109.75,0.25,5268,12,67,1,n850-1,,,,,,,,,0
28,28,110.0,0.25,110.0,0.25,5280,12,57,5,n862-1,,,,,,,,,0
28,28,110.0,1.0,110.0,1.0,5280,48,65,1,n851-1,,,,,,,,,0
28,28,110.0,0.5,110.0,0.5,5280,24,53,6,n871-1,I|PAC},1.0,4/4,Bb,V,I,I,M,1
28,28,110.25,0.25,110.25,0.25,5292,12,65,5,n863-1,,,,,,,,,0
28,28,110.5,0.25,110.5,0.25,5304,12,65,5,n864-1,,,,,,,,,0
28,28,110.75,0.25,110.75,0.25,5316,12,65,5,n865-1,,,,,,,,,0
28,28,111.0,0.5,111.0,0.5,5328,24,58,6,n872-1,I.I{,1.0,4/4,Bb,I,I,I,M,1
28,28,111.0,0.25,111.0,0.25,5328,12,62,5,n866-1,,,,,,,,,0
28,28,111.25,0.25,111.25,0.25,5340,12,65,5,n867-1,,,,,,,,,0
28,28,111.5,0.5,111.5,0.5,5352,24,60,6,n873-1,,,,,,,,,0
28,28,111.5,0.25,111.5,0.25,5352,12,63,5,n868-1,,,,,,,,,0
28,28,111.75,0.25,111.75,0.25,5364,12,65,5,n869-1,,,,,,,,,0
29,29,112.0,0.5,112.0,0.5,5376,24,57,6,n898-1,V65/IV,2.0,4/4,Bb,I,V65/IV,V,Mm7,1
29,29,112.0,0.25,112.0,0.25,5376,12,60,5,n882-1,,,,,,,,,0
29,29,112.0,0.5,112.0,0.5,5376,24,75,1,n874-1,,,,,,,,,0
29,29,112.25,0.25,112.25,0.25,5388,12,65,5,n883-1,,,,,,,,,0
29,29,112.5,0.25,112.5,0.25,5400,12,65,5,n884-1,,,,,,,,,0
29,29,112.75,0.25,112.75,0.25,5412,12,65,5,n885-1,,,,,,,,,0
29,29,113.0,0.25,113.0,0.25,5424,12,57,5,n886-1,,,,,,,,,0
29,29,113.0,0.5,113.0,0.5,5424,24,72,1,n876-1,,,,,,,,,0
29,29,113.0,0.5,113.0,0.5,5424,24,53,6,n899-1,,,,,,,,,0
29,29,113.25,0.25,113.25,0.25,5436,12,65,5,n887-1,,,,,,,,,0
29,29,113.5,0.5,113.5,0.5,5448,24,60,6,n900-1,,,,,,,,,0
29,29,113.5,0.25,113.5,0.25,5448,12,63,5,n888-1,,,,,,,,,0
29,29,113.5,0.5,113.5,0.5,5448,24,69,1,n877-1,,,,,,,,,0
29,29,113.75,0.25,113.75,0.25,5460,12,65,5,n889-1,,,,,,,,,0
29,29,114.0,0.25,114.0,0.25,5472,12,62,5,n890-1,,,,,,,,,0
29,29,114.0,0.5,114.0,0.5,5472,24,58,6,n901-1,I,2.0,4/4,Bb,I,I,I,M,1
29,29,114.0,0.375,114.0,0.375,5472,18,77,1,n878-1,,,,,,,,,0
29,29,114.25,0.25,114.25,0.25,5484,12,65,5,n891-1,,,,,,,,,0
29,29,114.375,0.125,114.375,0.125,5490,6,74,1,n879-1,,,,,,,,,0
29,29,114.5,0.25,114.5,0.25,5496,12,65,5,n892-1,,,,,,,,,0
29,29,114.5,0.5,114.5,0.5,5496,24,77,1,n880-1,,,,,,,,,0
29,29,114.75,0.25,114.75,0.25,5508,12,65,5,n893-1,,,,,,,,,0
29,29,115.0,0.5,115.0,0.5,5520,24,58,6,n902-1,,,,,,,,,0
29,29,115.0,0.25,115.0,0.25,5520,12,62,5,n894-1,,,,,,,,,0
29,29,115.25,0.25,115.25,0.25,5532,12,65,5,n895-1,,,,,,,,,0
29,29,115.5,0.25,115.5,0.25,5544,12,63,5,n896-1,,,,,,,,,0
29,29,115.5,0.5,115.5,0.5,5544,24,60,6,n903-1,,,,,,,,,0
29,29,115.75,0.25,115.75,0.25,5556,12,65,5,n897-1,,,,,,,,,0
30,30,116.0,0.5,116.0,0.5,5568,24,57,6,n928-1,V65,2.0,4/4,Bb,I,V65,V,Mm7,1
30,30,116.0,0.25,116.0,0.25,5568,12,60,5,n919-1,,,,,,,,,0
30,30,116.0,0.5,116.0,0.5,5568,24,75,1,n904-1,,,,,,,,,0
30,30,116.25,0.25,116.25,0.25,5580,12,65,5,n920-1,,,,,,,,,0
30,30,116.5,0.25,116.5,0.25,5592,12,65,5,n921-1,,,,,,,,,0
30,30,116.75,0.25,116.75,0.25,5604,12,65,5,n922-1,,,,,,,,,0
30,30,117.0,0.25,117.0,0.25,5616,12,57,5,n923-1,,,,,,,,,0
30,30,117.0,0.5,117.0,0.5,5616,24,72,1,n906-1,,,,,,,,,0
30,30,117.0,0.5,117.0,0.5,5616,24,53,6,n929-1,,,,,,,,,0
30,30,117.25,0.25,117.25,0.25,5628,12,65,5,n924-1,,,,,,,,,0
30,30,117.5,0.5,117.5,0.5,5640,24,60,6,n930-1,,,,,,,,,0
30,30,117.5,0.25,117.5,0.25,5640,12,63,5,n925-1,,,,,,,,,0
30,30,117.5,0.5,117.5,0.5,5640,24,69,1,n907-1,,,,,,,,,0
30,30,117.75,0.25,117.75,0.25,5652,12,65,5,n926-1,,,,,,,,,0
30,30,118.0,0.5,118.0,0.5,5664,24,62,5,n927-1,,,,,,,,,0
30,30,118.0,0.375,118.0,0.375,5664,18,77,1,n908-1,,,,,,,,,0
30,30,118.0,0.5,118.0,0.5,5664,24,58,6,n931-1,I,2.0,4/4,Bb,I,I,I,M,1
30,30,118.375,0.125,118.375,0.125,5682,6,74,1,n909-1,,,,,,,,,0
30,30,118.5,0.5,118.5,0.5,5688,24,77,1,n910-1,,,,,,,,,0
30,30,119.0,0.25,119.0,0.25,5712,12,82,1,n911-1,,,,,,,,,0
30,30,119.0,0.25,119.0,0.25,5712,12,86,1,n912-1,,,,,,,,,0
30,30,119.25,0.25,119.25,0.25,5724,12,81,1,n913-1,,,,,,,,,0
30,30,119.25,0.25,119.25,0.25,5724,12,84,1,n914-1,,,,,,,,,0
30,30,119.5,0.25,119.5,0.25,5736,12,82,1,n916-1,,,,,,,,,0
30,30,119.5,0.25,119.5,0.25,5736,12,79,1,n915-1,,,,,,,,,0
30,30,119.75,0.25,119.75,0.25,5748,12,81,1,n918-1,,,,,,,,,0
30,30,119.75,0.25,119.75,0.25,5748,12,78,1,n917-1,,,,,,,,,0
31,31,120.0,0.25,120.0,0.25,5760,12,79,1,n932-1,vi,1.0,4/4,Bb,I,vi,vi,m,1
31,31,120.0,0.25,120.0,0.25,5760,12,82,1,n933-1,,,,,,,,,0
31,31,120.25,0.25,120.25,0.25,5772,12,77,1,n934-1,,,,,,,,,0
31,31,120.25,0.25,120.25,0.25,5772,12,81,1,n935-1,,,,,,,,,0
31,31,120.5,0.25,120.5,0.25,5784,12,75,1,n936-1,,,,,,,,,0
31,31,120.5,0.25,120.5,0.25,5784,12,79,1,n937-1,,,,,,,,,0
31,31,120.75,0.25,120.75,0.25,5796,12,74,1,n938-1,,,,,,,,,0
31,31,120.75,0.25,120.75,0.25,5796,12,78,1,n939-1,,,,,,,,,0
31,31,121.0,0.25,121.0,0.25,5808,12,75,1,n940-1,IV,1.0,4/4,Bb,I,IV,IV,M,1
31,31,121.0,0.25,121.0,0.25,5808,12,79,1,n941-1,,,,,,,,,0
31,31,121.25,0.25,121.25,0.25,5820,12,74,1,n942-1,,,,,,,,,0
31,31,121.25,0.25,121.25,0.25,5820,12,77,1,n943-1,,,,,,,,,0
31,31,121.5,0.25,121.5,0.25,5832,12,72,1,n944-1,,,,,,,,,0
31,31,121.5,0.25,121.5,0.25,5832,12,75,1,n945-1,,,,,,,,,0
31,31,121.75,0.25,121.75,0.25,5844,12,71,1,n946-1,,,,,,,,,0
31,31,121.75,0.25,121.75,0.25,5844,12,74,1,n947-1,,,,,,,,,0
31,31,122.0,1.25,122.0,1.25,5856,60,67,1,n948-1,,,,,,,,,0
31,31,122.0,1.0,122.0,1.0,5856,48,71,1,n949-1,,,,,,,,,0
31,31,122.0,1.0,122.0,1.0,5856,48,74,1,n950-1,,,,,,,,,0
31,31,122.0,1.0,122.0,1.0,5856,48,65,5,n960-1,,,,,,,,,0
31,31,122.0,1.0,122.0,1.0,5856,48,59,5,n958-1,,,,,,,,,0
31,31,122.0,1.0,122.0,1.0,5856,48,55,5,n957-1,V7/ii,1.0,4/4,Bb,I,V7/ii,V,Mm7,1
31,31,122.0,1.0,122.0,1.0,5856,48,62,5,n959-1,,,,,,,,,0
31,31,123.0,1.0,123.0,1.0,5904,48,60,6,n964-1,ii,0.5,4/4,Bb,I,ii,ii,m,1
31,31,123.0,0.5,123.0,0.5,5904,24,63,5,n961-1,,,,,,,,,0
31,31,123.0,0.25,123.0,0.25,5904,12,72,1,n952-1,,,,,,,,,0
31,31,123.0,0.25,123.0,0.25,5904,12,75,1,n953-1,,,,,,,,,0
31,31,123.25,0.25,123.25,0.25,5916,12,75,1,n954-1,,,,,,,,,0
31,31,123.5,0.25,123.5,0.25,5928,12,77,1,n955-1,,,,,,,,,0
31,31,123.5,0.5,123.5,0.5,5928,24,69,5,n962-1,V64,0.5,4/4,Bb,I,V64,V,M,1
31,31,123.75,0.25,123.75,0.25,5940,12,79,1,n956-1,,,,,,,,,0
32,32,124.0,0.5,124.0,0.5,5952,24,62,5,n980-1,I6,0.5,4/4,Bb,I,I6,I,M,1
32,32,124.0,0.5,124.0,0.5,5952,24,70,5,n981-1,,,,,,,,,0
32,32,124.0,0.16666667,124.0,0.16666667,5952,8,77,1,n965-1,,,,,,,,,0
32,32,124.166664,0.16666667,124.166664,0.16666667,5960,8,75,1,n966-1,,,,,,,,,0
32,32,124.333336,0.16666667,124.333336,0.16666667,5968,8,74,1,n967-1,,,,,,,,,0
32,32,124.5,0.16666667,124.5,0.16666667,5976,8,72,1,n968-1,,,,,,,,,0
32,32,124.5,0.5,124.5,0.5,5976,24,67,5,n983-1,,,,,,,,,0
32,32,124.5,0.5,124.5,0.5,5976,24,63,5,n982-1,ii6,0.5,4/4,Bb,I,ii6,ii,m,1
32,32,124.666664,0.16666667,124.666664,0.16666667,5984,8,75,1,n969-1,,,,,,,,,0
32,32,124.833336,0.16666667,124.833336,0.16666667,5992,8,79,1,n970-1,,,,,,,,,0
32,32,125.0,1.0,125.0,1.0,6000,48,53,6,n995-1,V(64),0.5,4/4,Bb,I,V(64),V,M,1
32,32,125.0,0.5,125.0,0.5,6000,24,62,5,n984-1,,,,,,,,,0
32,32,125.0,0.5,125.0,0.5,6000,24,70,1,n971-1,,,,,,,,,0
32,32,125.5,0.5,125.5,0.5,6024,24,69,2,n977-1,,,,,,,,,0
32,32,125.5,0.5,125.5,0.5,6024,24,72,1,n972-1,,,,,,,,,0
32,32,125.5,0.5,125.5,0.5,6024,24,63,5,n985-1,V7,0.5,4/4,Bb,I,V7,V,Mm7,1
32,32,126.0,0.5,126.0,0.5,6048,24,58,6,n996-1,I(974)},0.5,4/4,Bb,I,I(974),I,M,1
32,32,126.0,0.25,126.0,0.25,6048,12,62,5,n986-1,,,,,,,,,0
32,32,126.0,0.5,126.0,0.5,6048,24,69,2,n978-1,,,,,,,,,0
32,32,126.0,0.375,126.0,0.375,6048,18,72,1,n973-1,,,,,,,,,0
32,32,126.25,0.25,126.25,0.25,6060,12,65,5,n987-1,,,,,,,,,0
32,32,126.375,0.125,126.375,0.125,6066,6,73,1,n974-1,,,,,,,,,0
32,32,126.5,0.5,126.5,0.5,6072,24,70,2,n979-1,,,,,,,,,0
32,32,126.5,0.25,126.5,0.25,6072,12,65,5,n988-1,I|IAC,1.5,4/4,Bb,I,I,I,M,1
32,32,126.5,0.5,126.5,0.5,6072,24,74,1,n975-1,,,,,,,,,0
32,32,126.75,0.25,126.75,0.25,6084,12,65,5,n989-1,,,,,,,,,0
32,32,127.0,0.5,127.0,0.5,6096,24,58,6,n997-1,{,0.0,4/4,Bb,I,,,,0
32,32,127.0,0.25,127.0,0.25,6096,12,62,5,n990-1,,,,,,,,,0
32,32,127.25,0.25,127.25,0.25,6108,12,65,5,n991-1,,,,,,,,,0
32,32,127.5,0.5,127.5,0.5,6120,24,60,6,n998-1,,,,,,,,,0
32,32,127.5,0.25,127.5,0.25,6120,12,63,5,n992-1,,,,,,,,,0
32,32,127.75,0.25,127.75,0.25,6132,12,65,5,n993-1,,,,,,,,,0
33,33,128.0,0.25,128.0,0.25,6144,12,60,5,n1007-1,,,,,,,,,0
33,33,128.0,0.5,128.0,0.5,6144,24,75,1,n999-1,,,,,,,,,0
33,33,128.0,0.5,128.0,0.5,6144,24,57,6,n1023-1,V65,2.0,4/4,Bb,I,V65,V,Mm7,1
33,33,128.25,0.25,128.25,0.25,6156,12,65,5,n1008-1,,,,,,,,,0
33,33,128.5,0.25,128.5,0.25,6168,12,65,5,n1009-1,,,,,,,,,0
33,33,128.75,0.25,128.75,0.25,6180,12,65,5,n1010-1,,,,,,,,,0
33,33,129.0,0.5,129.0,0.5,6192,24,53,6,n1024-1,,,,,,,,,0
33,33,129.0,0.25,129.0,0.25,6192,12,57,5,n1011-1,,,,,,,,,0
33,33,129.0,0.5,129.0,0.5,6192,24,72,1,n1001-1,,,,,,,,,0
33,33,129.25,0.25,129.25,0.25,6204,12,65,5,n1012-1,,,,,,,,,0
33,33,129.5,0.25,129.5,0.25,6216,12,63,5,n1013-1,,,,,,,,,0
33,33,129.5,0.5,129.5,0.5,6216,24,69,1,n1002-1,,,,,,,,,0
33,33,129.5,0.5,129.5,0.5,6216,24,60,6,n1025-1,,,,,,,,,0
33,33,129.75,0.25,129.75,0.25,6228,12,65,5,n1014-1,,,,,,,,,0
33,33,130.0,0.5,130.0,0.5,6240,24,58,6,n1026-1,I,2.0,4/4,Bb,I,I,I,M,1
33,33,130.0,0.25,130.0,0.25,6240,12,62,5,n1015-1,,,,,,,,,0
33,33,130.0,0.375,130.0,0.375,6240,18,77,1,n1003-1,,,,,,,,,0
33,33,130.25,0.25,130.25,0.25,6252,12,65,5,n1016-1,,,,,,,,,0
33,33,130.375,0.125,130.375,0.125,6258,6,74,1,n1004-1,,,,,,,,,0
33,33,130.5,0.25,130.5,0.25,6264,12,65,5,n1017-1,,,,,,,,,0
33,33,130.5,0.5,130.5,0.5,6264,24,77,1,n1005-1,,,,,,,,,0
33,33,130.75,0.25,130.75,0.25,6276,12,65,5,n1018-1,,,,,,,,,0
33,33,131.0,0.5,131.0,0.5,6288,24,58,6,n1027-1,,,,,,,,,0
33,33,131.0,0.25,131.0,0.25,6288,12,62,5,n1019-1,,,,,,,,,0
33,33,131.25,0.25,131.25,0.25,6300,12,65,5,n1020-1,,,,,,,,,0
33,33,131.5,0.5,131.5,0.5,6312,24,60,6,n1028-1,,,,,,,,,0
33,33,131.5,0.25,131.5,0.25,6312,12,63,5,n1021-1,,,,,,,,,0
33,33,131.75,0.25,131.75,0.25,6324,12,65,5,n1022-1,,,,,,,,,0
34,34,132.0,0.25,132.0,0.25,6336,12,60,5,n1044-1,,,,,,,,,0
34,34,132.0,0.5,132.0,0.5,6336,24,57,6,n1061-1,V65,2.0,4/4,Bb,I,V65,V,Mm7,1
34,34,132.0,0.5,132.0,0.5,6336,24,75,1,n1029-1,,,,,,,,,0
34,34,132.25,0.25,132.25,0.25,6348,12,65,5,n1045-1,,,,,,,,,0
34,34,132.5,0.25,132.5,0.25,6360,12,65,5,n1046-1,,,,,,,,,0
34,34,132.75,0.25,132.75,0.25,6372,12,65,5,n1047-1,,,,,,,,,0
34,34,133.0,0.5,133.0,0.5,6384,24,53,6,n1062-1,,,,,,,,,0
34,34,133.0,0.25,133.0,0.25,6384,12,57,5,n1048-1,,,,,,,,,0
34,34,133.0,0.5,133.0,0.5,6384,24,72,1,n1031-1,,,,,,,,,0
34,34,133.25,0.25,133.25,0.25,6396,12,65,5,n1049-1,,,,,,,,,0
34,34,133.5,0.5,133.5,0.5,6408,24,60,6,n1063-1,,,,,,,,,0
34,34,133.5,0.25,133.5,0.25,6408,12,63,5,n1050-1,,,,,,,,,0
34,34,133.5,0.5,133.5,0.5,6408,24,69,1,n1032-1,,,,,,,,,0
34,34,133.75,0.25,133.75,0.25,6420,12,65,5,n1051-1,,,,,,,,,0
34,34,134.0,0.5,134.0,0.5,6432,24,58,6,n1064-1,I,2.0,4/4,Bb,I,I,I,M,1
34,34,134.0,0.5,134.0,0.5,6432,24,62,5,n1052-1,,,,,,,,,0
34,34,134.0,0.375,134.0,0.375,6432,18,77,1,n1033-1,,,,,,,,,0
34,34,134.375,0.125,134.375,0.125,6450,6,82,1,n1034-1,,,,,,,,,0
34,34,134.5,0.5,134.5,0.5,6456,24,77,1,n1035-1,,,,,,,,,0
34,34,135.0,0.25,135.0,0.25,6480,12,82,1,n1036-1,,,,,,,,,0
34,34,135.0,0.25,135.0,0.25,6480,12,86,1,n1037-1,,,,,,,,,0
34,34,135.0,0.25,135.0,0.25,6480,12,70,5,n1053-1,,,,,,,,,0
34,34,135.0,0.25,135.0,0.25,6480,12,74,5,n1054-1,,,,,,,,,0
34,34,135.25,0.25,135.25,0.25,6492,12,69,5,n1055-1,,,,,,,,,0
34,34,135.25,0.25,135.25,0.25,6492,12,72,5,n1056-1,,,,,,,,,0
34,34,135.25,0.25,135.25,0.25,6492,12,81,1,n1038-1,,,,,,,,,0
34,34,135.25,0.25,135.25,0.25,6492,12,84,1,n1039-1,,,,,,,,,0
34,34,135.5,0.25,135.5,0.25,6504,12,79,1,n1040-1,,,,,,,,,0
34,34,135.5,0.25,135.5,0.25,6504,12,82,1,n1041-1,,,,,,,,,0
34,34,135.5,0.25,135.5,0.25,6504,12,67,5,n1057-1,,,,,,,,,0
34,34,135.5,0.25,135.5,0.25,6504,12,70,5,n1058-1,,,,,,,,,0
34,34,135.75,0.25,135.75,0.25,6516,12,66,5,n1059-1,,,,,,,,,0
34,34,135.75,0.25,135.75,0.25,6516,12,69,5,n1060-1,,,,,,,,,0
34,34,135.75,0.25,135.75,0.25,6516,12,78,1,n1042-1,,,,,,,,,0
34,34,135.75,0.25,135.75,0.25,6516,12,81,1,n1043-1,,,,,,,,,0
35,35,136.0,0.25,136.0,0.25,6528,12,67,5,n1090-1,vi,1.0,4/4,Bb,I,vi,vi,m,1
35,35,136.0,0.25,136.0,0.25,6528,12,70,5,n1091-1,,,,,,,,,0
35,35,136.0,0.25,136.0,0.25,6528,12,79,1,n1065-1,,,,,,,,,0
35,35,136.0,0.25,136.0,0.25,6528,12,82,1,n1066-1,,,,,,,,,0
35,35,136.25,0.25,136.25,0.25,6540,12,81,1,n1068-1,,,,,,,,,0
35,35,136.25,0.25,136.25,0.25,6540,12,77,1,n1067-1,,,,,,,,,0
35,35,136.25,0.25,136.25,0.25,6540,12,69,5,n1093-1,,,,,,,,,0
35,35,136.25,0.25,136.25,0.25,6540,12,65,5,n1092-1,,,,,,,,,0
35,35,136.5,0.25,136.5,0.25,6552,12,63,5,n1094-1,,,,,,,,,0
35,35,136.5,0.25,136.5,0.25,6552,12,67,5,n1095-1,,,,,,,,,0
35,35,136.5,0.25,136.5,0.25,6552,12,75,1,n1069-1,,,,,,,,,0
35,35,136.5,0.25,136.5,0.25,6552,12,79,1,n1070-1,,,,,,,,,0
35,35,136.75,0.25,136.75,0.25,6564,12,62,5,n1096-1,,,,,,,,,0
35,35,136.75,0.25,136.75,0.25,6564,12,66,5,n1097-1,,,,,,,,,0
35,35,136.75,0.25,136.75,0.25,6564,12,74,1,n1071-1,,,,,,,,,0
35,35,136.75,0.25,136.75,0.25,6564,12,78,1,n1072-1,,,,,,,,,0
35,35,137.0,0.25,137.0,0.25,6576,12,79,1,n1074-1,,,,,,,,,0
35,35,137.0,0.25,137.0,0.25,6576,12,75,1,n1073-1,,,,,,,,,0
35,35,137.0,0.25,137.0,0.25,6576,12,63,5,n1098-1,IV,1.0,4/4,Bb,I,IV,IV,M,1
35,35,137.0,0.25,137.0,0.25,6576,12,67,5,n1099-1,,,,,,,,,0
35,35,137.25,0.25,137.25,0.25,6588,12,62,5,n1100-1,,,,,,,,,0
35,35,137.25,0.25,137.25,0.25,6588,12,65,5,n1101-1,,,,,,,,,0
35,35,137.25,0.25,137.25,0.25,6588,12,74,1,n1075-1,,,,,,,,,0
35,35,137.25,0.25,137.25,0.25,6588,12,77,1,n1076-1,,,,,,,,,0
35,35,137.5,0.25,137.5,0.25,6600,12,75,1,n1078-1,,,,,,,,,0
35,35,137.5,0.25,137.5,0.25,6600,12,72,1,n1077-1,,,,,,,,,0
35,35,137.5,0.25,137.5,0.25,6600,12,60,5,n1102-1,,,,,,,,,0
35,35,137.5,0.25,137.5,0.25,6600,12,63,5,n1103-1,,,,,,,,,0
35,35,137.75,0.25,137.75,0.25,6612,12,59,5,n1104-1,,,,,,,,,0
35,35,137.75,0.25,137.75,0.25,6612,12,62,5,n1105-1,,,,,,,,,0
35,35,137.75,0.25,137.75,0.25,6612,12,71,1,n1079-1,,,,,,,,,0
35,35,137.75,0.25,137.75,0.25,6612,12,74,1,n1080-1,,,,,,,,,0
35,35,138.0,1.0,138.0,1.0,6624,48,55,5,n1106-1,V7/ii,1.0,4/4,Bb,I,V7/ii,V,Mm7,1
35,35,138.0,1.0,138.0,1.0,6624,48,59,5,n1107-1,,,,,,,,,0
35,35,138.0,1.0,138.0,1.0,6624,48,62,5,n1108-1,,,,,,,,,0
35,35,138.0,1.0,138.0,1.0,6624,48,65,5,n1109-1,,,,,,,,,0
35,35,138.0,1.25,138.0,1.25,6624,60,67,1,n1081-1,,,,,,,,,0
35,35,138.0,1.0,138.0,1.0,6624,48,71,1,n1082-1,,,,,,,,,0
35,35,138.0,1.0,138.0,1.0,6624,48,74,1,n1083-1,,,,,,,,,0
35,35,139.0,0.25,139.0,0.25,6672,12,72,1,n1085-1,,,,,,,,,0
35,35,139.0,1.0,139.0,1.0,6672,48,60,6,n1113-1,ii,0.5,4/4,Bb,I,ii,ii,m,1
35,35,139.0,0.5,139.0,0.5,6672,24,63,5,n1110-1,,,,,,,,,0
35,35,139.0,0.25,139.0,0.25,6672,12,75,1,n1086-1,,,,,,,,,0
35,35,139.25,0.25,139.25,0.25,6684,12,75,1,n1087-1,,,,,,,,,0
35,35,139.5,0.5,139.5,0.5,6696,24,69,5,n1111-1,V64,0.5,4/4,Bb,I,V64,V,M,1
35,35,139.5,0.25,139.5,0.25,6696,12,77,1,n1088-1,,,,,,,,,0
35,35,139.75,0.25,139.75,0.25,6708,12,79,1,n1089-1,,,,,,,,,0
36,36,140.0,0.5,140.0,0.5,6720,24,62,5,n1136-1,I6,0.5,4/4,Bb,I,I6,I,M,1
36,36,140.0,0.5,140.0,0.5,6720,24,70,5,n1137-1,,,,,,,,,0
36,36,140.0,0.16666667,140.0,0.16666667,6720,8,77,1,n1114-1,,,,,,,,,0
36,36,140.16667,0.16666667,140.16667,0.16666667,6728,8,82,1,n1115-1,,,,,,,,,0
36,36,140.33333,0.16666667,140.33333,0.16666667,6736,8,74,1,n1116-1,,,,,,,,,0
36,36,140.5,0.16666667,140.5,0.16666667,6744,8,79,1,n1117-1,,,,,,,,,0
36,36,140.5,0.5,140.5,0.5,6744,24,67,5,n1139-1,,,,,,,,,0
36,36,140.5,0.5,140.5,0.5,6744,24,63,5,n1138-1,ii6,0.5,4/4,Bb,I,ii6,ii,m,1
36,36,140.66667,0.16666667,140.66667,0.16666667,6752,8,75,1,n1118-1,,,,,,,,,0
36,36,140.83333,0.16666667,140.83333,0.16666667,6760,8,72,1,n1119-1,,,,,,,,,0
36,36,141.0,1.0,141.0,1.0,6768,48,53,6,n1149-1,V(64),0.5,4/4,Bb,I,V(64),V,M,1
36,36,141.0,0.5,141.0,0.5,6768,24,62,5,n1140-1,,,,,,,,,0
36,36,141.0,0.5,141.0,0.5,6768,24,70,1,n1120-1,,,,,,,,,0
36,36,141.5,0.5,141.5,0.5,6792,24,60,5,n1141-1,V|HC,0.5,4/4,Bb,I,V,V,M,1
36,36,141.5,0.5,141.5,0.5,6792,24,69,1,n1121-1,,,,,,,,,0
36,36,142.0,0.6875,142.0,0.6875,6816,33,74,1,n1123-1,,,,,,,,,0
36,36,142.0,0.0,142.0,0.0,6816,0,62,1,n1122-1,I}{,0.75,4/4,Bb,I,I,I,M,1
36,36,142.25,0.25,142.25,0.25,6828,12,46,5,n1142-1,,,,,,,,,0
36,36,142.5,0.25,142.5,0.25,6840,12,50,5,n1143-1,,,,,,,,,0
36,36,142.6875,0.0625,142.6875,0.0625,6849,3,70,1,n1125-1,,,,,,,,,0
36,36,142.75,0.25,142.75,0.25,6852,12,55,5,n1144-1,vi,0.25,4/4,Bb,I,vi,vi,m,1
36,36,142.75,0.125,142.75,0.125,6852,6,70,1,n1126-1,,,,,,,,,0
36,36,142.875,0.0625,142.875,0.0625,6858,3,69,1,n1127-1,,,,,,,,,0
36,36,142.9375,0.0625,142.9375,0.0625,6861,3,70,1,n1128-1,,,,,,,,,0
36,36,143.0,0.6875,143.0,0.6875,6864,33,75,1,n1130-1,,,,,,,,,0
36,36,143.0,0.0,143.0,0.0,6864,0,63,1,n1129-1,viio6,1.0,4/4,Bb,I,viio6,vii,o,1
36,36,143.25,0.25,143.25,0.25,6876,12,48,5,n1145-1,,,,,,,,,0
36,36,143.5,0.25,143.5,0.25,6888,12,51,5,n1146-1,,,,,,,,,0
36,36,143.6875,0.0625,143.6875,0.0625,6897,3,72,1,n1132-1,,,,,,,,,0
36,36,143.75,0.25,143.75,0.25,6900,12,57,5,n1147-1,,,,,,,,,0
36,36,143.75,0.125,143.75,0.125,6900,6,72,1,n1133-1,,,,,,,,,0
36,36,143.875,0.0625,143.875,0.0625,6906,3,71,1,n1134-1,,,,,,,,,0
36,36,143.9375,0.0625,143.9375,0.0625,6909,3,72,1,n1135-1,,,,,,,,,0
37,37,144.0,0.375,144.0,0.375,6912,18,77,1,n1150-1,I6,1.5,4/4,Bb,I,I6,I,M,1
37,37,144.25,0.25,144.25,0.25,6924,12,50,5,n1173-1,,,,,,,,,0
37,37,144.375,0.125,144.375,0.125,6930,6,70,1,n1151-1,,,,,,,,,0
37,37,144.5,0.25,144.5,0.25,6936,12,53,5,n1174-1,,,,,,,,,0
37,37,144.5,0.75,144.5,0.75,6936,36,82,1,n1152-1,,,,,,,,,0
37,37,144.75,1.75,144.75,1.75,6948,84,58,5,n1175-1,,,,,,,,,0
37,37,145.0,1.0,145.0,1.0,6960,48,50,6,n1183-1,,,,,,,,,0
37,37,145.25,0.25,145.25,0.25,6972,12,80,1,n1154-1,,,,,,,,,0
37,37,145.5,0.5,145.5,0.5,6984,24,56,7,n1186-1,V65/IV,0.5,4/4,Bb,I,V65/IV,V,Mm7,1
37,37,145.5,0.25,145.5,0.25,6984,12,79,1,n1155-1,,,,,,,,,0
37,37,145.75,0.375,145.75,0.375,6996,18,78,1,n1156-1,,,,,,,,,0
37,37,146.0,0.5,146.0,0.5,7008,24,55,5,n1177-1,,,,,,,,,0
37,37,146.0,0.5,146.0,0.5,7008,24,51,6,n1184-1,IV,1.0,4/4,Bb,I,IV,IV,M,1
37,37,146.125,0.125,146.125,0.125,7014,6,79,1,n1158-1,,,,,,,,,0
37,37,146.25,0.125,146.25,0.125,7020,6,82,1,n1159-1,,,,,,,,,0
37,37,146.375,0.125,146.375,0.125,7026,6,79,1,n1160-1,,,,,,,,,0
37,37,146.5,0.125,146.5,0.125,7032,6,74,1,n1161-1,,,,,,,,,0
37,37,146.625,0.125,146.625,0.125,7038,6,75,1,n1162-1,,,,,,,,,0
37,37,146.75,0.125,146.75,0.125,7044,6,79,1,n1163-1,,,,,,,,,0
37,37,146.875,0.125,146.875,0.125,7050,6,75,1,n1164-1,,,,,,,,,0
37,37,147.0,0.125,147.0,0.125,7056,6,71,1,n1165-1,,,,,,,,,0
37,37,147.0,0.5,147.0,0.5,7056,24,60,5,n1181-1,,,,,,,,,0
37,37,147.0,0.5,147.0,0.5,7056,24,51,5,n1179-1,ii6,1.0,4/4,Bb,I,ii6,ii,m,1
37,37,147.0,0.5,147.0,0.5,7056,24,55,5,n1180-1,,,,,,,,,0
37,37,147.125,0.125,147.125,0.125,7062,6,72,1,n1166-1,,,,,,,,,0
37,37,147.25,0.125,147.25,0.125,7068,6,75,1,n1167-1,,,,,,,,,0
37,37,147.375,0.125,147.375,0.125,7074,6,74,1,n1168-1,,,,,,,,,0
37,37,147.5,0.125,147.5,0.125,7080,6,77,1,n1169-1,,,,,,,,,0
37,37,147.625,0.125,147.625,0.125,7086,6,75,1,n1170-1,,,,,,,,,0
37,37,147.75,0.125,147.75,0.125,7092,6,74,1,n1171-1,,,,,,,,,0
37,37,147.875,0.125,147.875,0.125,7098,6,72,1,n1172-1,,,,,,,,,0
38,38,148.0,0.25,148.0,0.25,7104,12,53,5,n1196-1,V(64),2.0,4/4,Bb,I,V(64),V,M,1
38,38,148.0,0.0,148.0,0.0,7104,0,65,1,n1187-1,,,,,,,,,0
38,38,148.0,1.25,148.0,1.25,7104,60,77,1,n1188-1,,,,,,,,,0
38,38,148.25,0.25,148.25,0.25,7116,12,62,5,n1197-1,,,,,,,,,0
38,38,148.5,0.25,148.5,0.25,7128,12,58,5,n1198-1,,,,,,,,,0
38,38,148.75,0.25,148.75,0.25,7140,12,62,5,n1199-1,,,,,,,,,0
38,38,149.0,0.25,149.0,0.25,7152,12,53,5,n1200-1,,,,,,,,,0
38,38,149.25,0.25,149.25,0.25,7164,12,79,1,n1190-1,,,,,,,,,0
38,38,149.25,0.25,149.25,0.25,7164,12,62,5,n1201-1,,,,,,,,,0
38,38,149.5,0.25,149.5,0.25,7176,12,58,5,n1202-1,,,,,,,,,0
38,38,149.5,0.25,149.5,0.25,7176,12,81,1,n1191-1,,,,,,,,,0
38,38,149.75,0.25,149.75,0.25,7188,12,62,5,n1203-1,,,,,,,,,0
38,38,149.75,0.25,149.75,0.25,7188,12,82,1,n1192-1,,,,,,,,,0
38,38,150.0,0.25,150.0,0.25,7200,12,53,5,n1204-1,V7,2.0,4/4,Bb,I,V7,V,Mm7,1
38,38,150.0,2.0,150.0,2.0,7200,96,72,1,n1193-1,,,,,,,,,0
38,38,150.25,0.25,150.25,0.25,7212,12,63,5,n1205-1,,,,,,,,,0
38,38,150.5,0.25,150.5,0.25,7224,12,57,5,n1206-1,,,,,,,,,0
38,38,150.75,0.25,150.75,0.25,7236,12,63,5,n1207-1,,,,,,,,,0
38,38,151.0,0.25,151.0,0.25,7248,12,53,5,n1208-1,,,,,,,,,0
38,38,151.25,0.25,151.25,0.25,7260,12,63,5,n1209-1,,,,,,,,,0
38,38,151.5,0.25,151.5,0.25,7272,12,57,5,n1210-1,,,,,,,,,0
38,38,151.75,0.25,151.75,0.25,7284,12,63,5,n1211-1,,,,,,,,,0
39,39,152.0,0.5,152.0,0.5,7296,24,70,1,n1212-1,,,,,,,,,0
38,38,152.0,0.0,152.0,0.0,7296,0,70,1,n1194-1,,,,,,,,,0
38,38,152.0,0.0,152.0,0.0,7296,0,72,1,n1195-1,,,,,,,,,0
39,39,152.0,4.0,152.0,4.0,7296,192,58,6,n1241-1,I[I|PAC}{,0.75,4/4,Bb,I,I,I,M,1
39,39,152.0,0.25,152.0,0.25,7296,12,58,5,n1229-1,,,,,,,,,0
39,39,152.25,0.25,152.25,0.25,7308,12,62,5,n1230-1,,,,,,,,,0
39,39,152.5,0.25,152.5,0.25,7320,12,65,5,n1231-1,,,,,,,,,0
39,39,152.625,0.125,152.625,0.125,7326,6,70,1,n1214-1,,,,,,,,,0
39,39,152.75,0.25,152.75,0.25,7332,12,68,5,n1232-1,V7/IV,0.25,4/4,Bb,I,V7/IV,V,Mm7,1
39,39,152.75,0.25,152.75,0.25,7332,12,70,1,n1215-1,,,,,,,,,0
39,39,153.0,0.5,153.0,0.5,7344,24,67,5,n1233-1,IV6,0.5,4/4,Bb,I,IV6,IV,M,1
39,39,153.0,0.25,153.0,0.25,7344,12,77,1,n1216-1,,,,,,,,,0
39,39,153.25,0.25,153.25,0.25,7356,12,75,1,n1217-1,,,,,,,,,0
39,39,153.5,0.5,153.5,0.5,7368,24,63,5,n1234-1,ii6,0.5,4/4,Bb,I,ii6,ii,m,1
39,39,153.5,0.25,153.5,0.25,7368,12,74,1,n1218-1,,,,,,,,,0
39,39,153.75,0.25,153.75,0.25,7380,12,72,1,n1219-1,,,,,,,,,0
39,39,154.0,0.25,154.0,0.25,7392,12,62,5,n1235-1,I6,0.5,4/4,Bb,I,I6,I,M,1
39,39,154.0,0.25,154.0,0.25,7392,12,72,1,n1220-1,,,,,,,,,0
39,39,154.25,0.25,154.25,0.25,7404,12,65,5,n1236-1,,,,,,,,,0
39,39,154.25,0.25,154.25,0.25,7404,12,70,1,n1221-1,,,,,,,,,0
39,39,154.5,0.25,154.5,0.25,7416,12,68,5,n1237-1,V+7/IV,0.5,4/4,Bb,I,V+7/IV,V,+7,1
39,39,154.625,0.125,154.625,0.125,7422,6,70,1,n1223-1,,,,,,,,,0
39,39,154.75,0.25,154.75,0.25,7428,12,70,1,n1224-1,,,,,,,,,0
39,39,154.75,0.25,154.75,0.25,7428,12,66,5,n1238-1,,,,,,,,,0
39,39,155.0,0.5,155.0,0.5,7440,24,67,5,n1239-1,IV6,0.5,4/4,Bb,I,IV6,IV,M,1
39,39,155.0,0.25,155.0,0.25,7440,12,77,1,n1225-1,,,,,,,,,0
39,39,155.25,0.25,155.25,0.25,7452,12,75,1,n1226-1,,,,,,,,,0
39,39,155.5,0.5,155.5,0.5,7464,24,63,5,n1240-1,ii6,0.5,4/4,Bb,I,ii6,ii,m,1
39,39,155.5,0.25,155.5,0.25,7464,12,74,1,n1227-1,,,,,,,,,0
39,39,155.75,0.25,155.75,0.25,7476,12,72,1,n1228-1,,,,,,,,,0
40,40,156.0,1.0,156.0,1.0,7488,48,58,6,n1279-1,I6,0.5,4/4,Bb,I,I6,I,M,1
40,40,156.0,0.25,156.0,0.25,7488,12,70,1,n1243-1,,,,,,,,,0
40,40,156.25,0.25,156.25,0.25,7500,12,65,5,n1261-1,,,,,,,,,0
40,40,156.25,0.25,156.25,0.25,7500,12,62,5,n1260-1,,,,,,,,,0
40,40,156.5,0.25,156.5,0.25,7512,12,63,5,n1262-1,vii%65,0.5,4/4,Bb,I,vii%65,vii,%7,1
40,40,156.5,0.25,156.5,0.25,7512,12,67,5,n1263-1,,,,,,,,,0
40,40,156.5,0.375,156.5,0.375,7512,18,75,1,n1245-1,,,,,,,,,0
40,40,156.75,0.25,156.75,0.25,7524,12,60,5,n1264-1,,,,,,,,,0
40,40,156.75,0.25,156.75,0.25,7524,12,63,5,n1265-1,,,,,,,,,0
40,40,156.875,0.125,156.875,0.125,7530,6,69,1,n1246-1,,,,,,,,,0
40,40,157.0,0.25,157.0,0.25,7536,12,70,1,n1247-1,,,,,,,,,0
40,40,157.0,0.25,157.0,0.25,7536,12,62,5,n1266-1,,,,,,,,,0
40,40,157.0,1.0,157.0,1.0,7536,48,58,6,n1280-1,I6,0.5,4/4,Bb,I,I6,I,M,1
40,40,157.25,0.25,157.25,0.25,7548,12,62,5,n1267-1,,,,,,,,,0
40,40,157.25,0.25,157.25,0.25,7548,12,65,5,n1268-1,,,,,,,,,0
40,40,157.5,0.25,157.5,0.25,7560,12,63,5,n1269-1,vii%65,0.5,4/4,Bb,I,vii%65,vii,%7,1
40,40,157.5,0.25,157.5,0.25,7560,12,67,5,n1270-1,,,,,,,,,0
40,40,157.5,0.375,157.5,0.375,7560,18,79,1,n1249-1,,,,,,,,,0
40,40,157.75,0.25,157.75,0.25,7572,12,60,5,n1271-1,,,,,,,,,0
40,40,157.75,0.25,157.75,0.25,7572,12,63,5,n1272-1,,,,,,,,,0
40,40,157.875,0.125,157.875,0.125,7578,6,69,1,n1250-1,,,,,,,,,0
40,40,158.0,1.5,158.0,1.5,7584,72,46,5,n1273-1,I(974)},1.0,4/4,Bb,I,I(974),I,M,1
40,40,158.0,1.5,158.0,1.5,7584,72,58,5,n1274-1,,,,,,,,,0
40,40,158.0,1.0,158.0,1.0,7584,48,60,1,n1251-1,,,,,,,,,0
40,40,158.0,1.0,158.0,1.0,7584,48,63,1,n1252-1,,,,,,,,,0
40,40,158.0,1.5,158.0,1.5,7584,72,65,1,n1253-1,,,,,,,,,0
40,40,158.0,1.0,158.0,1.0,7584,48,69,1,n1254-1,,,,,,,,,0
40,40,159.0,0.5,159.0,0.5,7632,24,53,5,n1277-1,,,,,,,,,0
40,40,159.0,0.5,159.0,0.5,7632,24,62,1,n1255-1,,,,,,,,,0
40,40,159.0,0.5,159.0,0.5,7632,24,50,5,n1276-1,I],1.0,4/4,Bb,I,I,I,M,1
40,40,159.0,0.5,159.0,0.5,7632,24,70,1,n1257-1,,,,,,,,,0
